"Product ID","Collections","Old title","New title","Old description HTML","New description HTML"
"gid://shopify/Product/8995420307653","Push-up Leggings | Leggings","Push-up Leggings Booty Black","Push-up Leggings Black","<p style=""text-align: left;"">Seamless Push-up leggings
• Full-length leggings
• Invisible scrunch bum
•Booty contouring and enhancing
•High waist
•Mesh cutouts at bottom</p>
Material and Care:
• 90% Nylon, 10% Spandex
• Incredibly soft and seamless, you’ll never want to take it off
• Handle with care when wearing and washing this delicate style","<p>Material: 90% Nylon / 10% Spandex</p><p>Feel: Soft, Seamless</p>"
"gid://shopify/Product/8995422372037","Workout Sets","უნაკერო სავარჯიშო კომპლექტი Slim Purple","Workout Set Purple","იასამნისფერი უნაკერი კომპლექტი, იდეალურად კრავს ტანს და კვეთს ფორმებს,

არ ტოვებს ოფლის ლაქებს და ვიზუალურად ახდუნებს.

მასალა: Nylon / Spandex","<p>Material: Nylon / Spandex</p><p>Feel: Seamless</p>"
"gid://shopify/Product/8995422896325","Push-up Leggings | Leggings","Push-up Leggings Booty Light Grey","Push-up Leggings Light Grey","Seamless Push-up leggings
• Full-length leggings
• Invisible scrunch bum
•Booty contouring and enhancing
•Mesh cutouts at bottom

Material and Care:
• 90% Nylon, 10% Spandex
• Incredibly soft and seamless, you’ll never want to take it off
• Handle with care when wearing and washing this delicate style","<p>Material: 90% Nylon / 10% Spandex</p><p>Feel: Soft, Seamless</p>"
"gid://shopify/Product/8995423781061","Push-up Leggings | Leggings","Push-up Leggings Black Record","Push-up Leggings Black","სავარჯიშო დაბალწელიანი Push-up ელასტიკი, იდეალურად კრავს ტანს და გამოკვეთს უკანალს.

მასალა: Spandex / Polyester","<p>Material: Spandex / Polyester</p>"
"gid://shopify/Product/8995423944901","Accessories"," Gym Gloves","Gym Gloves","ფერი: ვარდისფერი, შავი, ნაცრისფერი

გამოიყენებენ სავარჯიშოდ და ველოსიპედისთვის.",""
"gid://shopify/Product/8995423977669","Accessories","სავარჯიშო აქსესუარი Pilates Stick","Pilates Stick","მულტიფუნქციური სავარჯიშო აქსესუარი,

გამოიყენება ქვედა და ზედა ტანის ვარჯიშებისთვის.",""
"gid://shopify/Product/8995424501957","Push-up Leggings | Leggings","Push-up Shorts Booty Watermelon","Push-up Shorts Watermelon","Seamless Push-up Shorts
• Invisible scrunch bum
•Booty contouring and enhancing
•Mesh cutouts at bottom

Material and Care:
• 90% Nylon, 10% Spandex
• Incredibly soft and seamless, you’ll never want to take it off
• Handle with care when wearing and washing this delicate style","<p>Material: 90% Nylon / 10% Spandex</p><p>Feel: Soft, Seamless</p>"
"gid://shopify/Product/8995424829637","Shorts & Skirts","Long Sleeve Top Black Vortex","Long Sleeve Crop Top Black","გრძელმკლავიანი უნაკერო შავი ზედა, იდეალურად კრავს ტანს და კვეთს ფორმებს,

არ ტოვებს ოფლის ლაქებს

მასალა: Nylon / Spandex","<p>Material: Nylon / Spandex</p><p>Feel: Seamless</p>"
"gid://shopify/Product/8995424895173","Accessories","რეზინის ესპანდერი სახელურებით","Resistance Band","რეზინის ესპანდერი სახელურებით
ფერი: შავი",""
"gid://shopify/Product/8995424927941","Accessories","სპორტული უნაკერო საცვალი","Seamless Sports Underwear","სპორტული უნაკერო საცვალი,
ხელმისაწვდომია 3 ფერში: შავი, ბეჟი, მუქი ლურჯი.","<p>Feel: Seamless</p>"
"gid://shopify/Product/8995425091781","Push-up Leggings | Shorts | Leggings | Push-up Shorts","Push-up Leggings Grey Cosmos","Push-up Leggings Grey Cosmos","Seamless Push-up Shorts
• Invisible scrunch bum
•Booty contouring and enhancing
•Mesh cutouts at bottom

Material and Care:
• 90% Nylon, 10% Spandex
• Incredibly soft and seamless, you’ll never want to take it off
• Handle with care when wearing and washing this delicate style","<p>Material: 90% Nylon / 10% Spandex</p><p>Feel: Soft, Seamless</p>"
"gid://shopify/Product/8995425157317","Workout Sets | Push-up Leggings | Leggings","Push-up Set Booty Black","Push-up Set Black","შავი სავარჯიშო მაღალწელიანი Push-up ორეული, იდეალურად კრავს ტანს და გამოკვეთს უკანალს.

წელვადი, არ ლანდავს.

მასალა: Spandex / Polyester","<p>Material: Spandex / Polyester</p>"
"gid://shopify/Product/8995425190085","Shorts & Skirts","Long Sleeve Zip Crop Top Effect","Long Sleeve Crop Top","გრძელმკლავიანი ელასტიური ზედა ელვა შესაკრავით, იდეალურად კრავს ტანს და ვიზუალურად ახდუნებს.

მატერია: Spandex / Polyester","<p>Material: Spandex / Polyester</p>"
"gid://shopify/Product/8995425616069","Push-up Leggings | Leggings","Push-up Leggings Bomby Navy","Push-up Leggings Navy","Seamless Push-up leggings
• Full-length leggings
• Invisible scrunch bum
•Booty contouring and enhancing

<strong>Material and Care:</strong>
• 90% Nylon, 10% Spandex
• Incredibly soft and seamless, you’ll never want to take it off
• Handle with care when wearing and washing this delicate style","<p>Material: 90% Nylon / 10% Spandex</p><p>Feel: Soft, Seamless</p>"
"gid://shopify/Product/8995425648837","Push-up Leggings | Leggings","Push-up Leggings Bomby Black","Push-up Leggings Black","Seamless Push-up leggings
• Full-length leggings
• Invisible scrunch bum
•Booty contouring and enhancing

<strong>Material and Care:</strong>
• 90% Nylon, 10% Spandex
• Incredibly soft and seamless, you’ll never want to take it off
• Handle with care when wearing and washing this delicate style","<p>Material: 90% Nylon / 10% Spandex</p><p>Feel: Soft, Seamless</p>"
"gid://shopify/Product/8995425681605","Push-up Leggings | Leggings","Push-up Leggings Bomby Light Khaki","Push-up Leggings Light Khaki","Seamless Push-up leggings
• Full-length leggings
• Invisible scrunch bum
•Booty contouring and enhancing

<strong>Material and Care:</strong>
• 90% Nylon, 10% Spandex
• Incredibly soft and seamless, you’ll never want to take it off
• Handle with care when wearing and washing this delicate style","<p>Material: 90% Nylon / 10% Spandex</p><p>Feel: Soft, Seamless</p>"
"gid://shopify/Product/8995425747141","Push-up Leggings | Shorts | Leggings","Push-up Shorts Light Grey Bomby","Push-up Shorts Light Grey","Seamless Push-up Shorts
• Invisible scrunch bum
•Booty contouring and enhancing

<strong>Material and Care:</strong>
• 90% Nylon, 10% Spandex
• Incredibly soft and seamless, you’ll never want to take it off
• Handle with care when wearing and washing this delicate style","<p>Material: 90% Nylon / 10% Spandex</p><p>Feel: Soft, Seamless</p>"
"gid://shopify/Product/8995426599109","Accessories","Gym Bag Black Fit","Gym Bag Black","სავარჯიშო ჩანთა ელვა შესაკრავით, არის წყალგამძლე, აქვს ცალკე სივრცე ფეხსაცმლის ჩასადებად.

ზომა: 47*26 (სმ.)",""
"gid://shopify/Product/8995426697413","Workout Sets","ორეული Sexy Pink","Workout Set Pink","ელასტიური კომპლექტი ტოპით, იდეალურად კრავს ტანს და კვეთს ფორმებს,

არ ტოვებს ოფლის ლაქებს

მასალა: Nylon / Spandex","<p>Material: Nylon / Spandex</p>"
"gid://shopify/Product/8995426762949","Shorts & Skirts","Sports Bra Black Free Size","Sports Bra Black","შავი ელასტიური სავარჯიშო ტოპი ბრეტელებით, აქვს გუფკა.

მასალა: Spandex / Polyester","<p>Material: Spandex / Polyester</p>"
"gid://shopify/Product/8995426795717","Shorts & Skirts","Sports Bra Grey Free Size","Sports Bra Grey","ნაცრისფერი ელასტიური სავარჯიშო ტოპი ბრეტელებით, აქვს გუფკა.

მასალა: Spandex / Polyester","<p>Material: Spandex / Polyester</p>"
"gid://shopify/Product/8995426828485","Shorts & Skirts","Sports Bra White Free Size","Sports Bra White","თეთრი ელასტიური სავარჯიშო ტოპი ბრეტელებით, აქვს გუფკა.

მასალა: Spandex / Polyester","<p>Material: Spandex / Polyester</p>"
"gid://shopify/Product/8995426926789","Push-up Leggings | Leggings","Push-up Leggings Bomby Pink","Push-up Leggings Pink","Seamless Push-up leggings
• Full-length leggings
• Invisible scrunch bum
•Booty contouring and enhancing

<strong>Material and Care:</strong>
• 90% Nylon, 10% Spandex
• Incredibly soft and seamless, you’ll never want to take it off
• Handle with care when wearing and washing this delicate style","<p>Material: 90% Nylon / 10% Spandex</p><p>Feel: Soft, Seamless</p>"
"gid://shopify/Product/8995426959557","Jumpsuits & Dresses | Clearance & Sale","Jumpsuit Black Stronger","Jumpsuit Black","შავი სავარჯიშო კომბინიზონი, აქვს გუფკა.
იდეალურად კრავს ტანს და ვიზუალურად ახდუნებს.
მასალა: Polyester","<p>Material: Polyester</p>"
"gid://shopify/Product/8995427025093","Leggings","Seamless Leggings Dark Grey Flow","Seamless Leggings Dark Grey","უნაკერო ლეგინსი, იდეალურად კრავს ტანს და კვეთს ფორმებს, არ ტოვებს ოფლის ლაქებს

მასალა:  Polyester / Spandex

 ","<p>Material: Spandex / Polyester</p><p>Feel: Seamless</p>"
"gid://shopify/Product/8995427123397","Leggings","Flared Pants Freestyle","Flared Pants","სავარჯიშო შარვალი, გრილი მასალის

მასალა: Nylon/Polyester","<p>Material: Nylon / Polyester</p>"
"gid://shopify/Product/8995427418309","Shorts & Skirts","Sports Bra Black Babe","Sports Bra Black","შავი ელასტიური სავარჯიშო ტოპი, აქვს გუფკა.
მასალა: Spandex / Polyester","<p>Material: Spandex / Polyester</p>"
"gid://shopify/Product/8995427516613","Push-up Leggings | Shorts | Clearance & Sale | Leggings","Push-up Bike Shorts Bomby Purple","Push-up Bike Shorts Purple","Seamless Push-up Shorts
• Bike Shorts
• Invisible scrunch bum
•Booty contouring and enhancing

<strong>Material and Care:</strong>
• 90% Nylon, 10% Spandex
• Incredibly soft and seamless, you’ll never want to take it off
• Handle with care when wearing and washing this delicate style","<p>Material: 90% Nylon / 10% Spandex</p><p>Feel: Soft, Seamless</p>"
"gid://shopify/Product/8995427549381","Push-up Leggings | Leggings","Push-up Leggings Bomby Rose Neon","Push-up Leggings Rose Neon","Seamless Push-up leggings
• Full-length leggings
• Invisible scrunch bum
•Booty contouring and enhancing

<strong>Material and Care:</strong>
• 90% Nylon, 10% Spandex
• Incredibly soft and seamless, you’ll never want to take it off
• Handle with care when wearing and washing this delicate style","<p>Material: 90% Nylon / 10% Spandex</p><p>Feel: Soft, Seamless</p>"
"gid://shopify/Product/8995427582149","Push-up Leggings | Shorts | Leggings","Push-up Bike Shorts Bomby Black","Push-up Bike Shorts Black","Seamless Push-up Shorts
• Bike Shorts
• Invisible scrunch bum
•Booty contouring and enhancing

<strong>Material and Care:</strong>
• 90% Nylon, 10% Spandex
• Incredibly soft and seamless, you’ll never want to take it off
• Handle with care when wearing and washing this delicate style","<p>Material: 90% Nylon / 10% Spandex</p><p>Feel: Soft, Seamless</p>"
"gid://shopify/Product/8995427713221","Push-up Leggings | Leggings","Push-up Leggings Bomby Pink","Push-up Leggings Pink","Seamless Push-up leggings
• Full-length leggings
• Invisible scrunch bum
•Booty contouring and enhancing

<strong>Material and Care:</strong>
• 90% Nylon, 10% Spandex
• Incredibly soft and seamless, you’ll never want to take it off
• Handle with care when wearing and washing this delicate style","<p>Material: 90% Nylon / 10% Spandex</p><p>Feel: Soft, Seamless</p>"
"gid://shopify/Product/8995427778757","Push-up Leggings | Leggings","Push-up Leggings Marble Cosmos","Push-up Leggings Marble Cosmos","Seamless Push-up leggings
• Full-length leggings
• Invisible scrunch bum
•Booty contouring and enhancing
•Mesh cutouts at bottom

Material and Care:
• 90% Nylon, 10% Spandex
• Incredibly soft and seamless, you’ll never want to take it off
• Handle with care when wearing and washing this delicate style","<p>Material: 90% Nylon / 10% Spandex</p><p>Feel: Soft, Seamless</p>"
"gid://shopify/Product/8995427811525","Leggings","Leggings Brown Military","Leggings Brown Military","მაღალწელიანი ელასტიკი, იდეალურად კრავს ტანს და გამოკვეთს ფორმებს. მასალა: Nylon/Spandex","<p>Material: Nylon / Spandex</p>"
"gid://shopify/Product/8995427877061","Clearance & Sale | Leggings","Leggings Pink Military","Leggings Pink Military","მაღალწელიანი ელასტიკი, იდეალურად კრავს ტანს და გამოკვეთს ფორმებს. მასალა: Nylon/Spandex","<p>Material: Nylon / Spandex</p>"
"gid://shopify/Product/8995428008133","Jumpsuits & Dresses","All In One Pink Triangle","Jumpsuit Pink","მოკლე სავარჯიშო კომბინიზონი. იდეალურად კრავს ტანს, ვიზუალურად ახდუნებს და გამოკვეთს ფორმებს.

მასალა: Polyester/Spandex","<p>Material: Spandex / Polyester</p>"
"gid://shopify/Product/8995428040901","Shorts & Skirts","Long Sleeve Crop Top Black Mesh","Long Sleeve Crop Top Black Mesh","შავი ბადიანი სავარჯიშო ტოპი, აქვს გუფკა.
მასალა: Spandex / Polyester","<p>Material: Spandex / Polyester</p>"
"gid://shopify/Product/8995428303045","Shorts & Skirts","Sports Bra Black Active","Sports Bra Black","შავი ელასტიური სავარჯიშო ტოპი, აქვს გუფკა.
მასალა: Spandex / Polyester","<p>Material: Spandex / Polyester</p>"
"gid://shopify/Product/8995428335813","Shorts & Skirts","Sports Bra White Star","Sports Bra White","თეთრი ელასტიური სავარჯიშო ტოპი, აქვს გუფკა.მასალა: Spandex / Polyester","<p>Material: Spandex / Polyester</p>"
"gid://shopify/Product/8995428368581","Jumpsuits & Dresses | Shorts | Dresses","Tennis Dress White Glam","Tennis Dress White","სავარჯიშო კაბა-შორტი, იდეალურად კრავს ტანს და არის კომფორტული ნებისმიერი აქტივობის შესასრულებლად. მასალა: Polyester/Spandex","<p>Material: Spandex / Polyester</p>"
"gid://shopify/Product/8995428532421","Push-up Leggings | Shorts | Leggings","Push-up Bike Shorts Bomby Navy","Push-up Bike Shorts Navy","Seamless Push-up Shorts
• Bike Shorts
• Invisible scrunch bum
•Booty contouring and enhancing

<strong>Material and Care:</strong>
• 90% Nylon, 10% Spandex
• Incredibly soft and seamless, you’ll never want to take it off
• Handle with care when wearing and washing this delicate style","<p>Material: 90% Nylon / 10% Spandex</p><p>Feel: Soft, Seamless</p>"
"gid://shopify/Product/8995428565189","Workout Sets","Set Coral Decollete","Workout Set Coral","სავარჯიშო ორეული შორტით, იდეალურად კრავს ტანს და კვეთს ფორმებს, არ ტოვებს ოფლის ლაქებს, ზედას აქვს გუფკა.

მასალა: Polyester / Spandex","<p>Material: Spandex / Polyester</p>"
"gid://shopify/Product/8995428663493","Workout Sets","Set Beige Decollete","Workout Set Beige","კომპლექტი შორტით, იდეალურად კრავს ტანს და კვეთს ფორმებს, არ ტოვებს ოფლის ლაქებს, ზედას აქვს გუფკა.

მასალა: Polyester / Spandex","<p>Material: Spandex / Polyester</p>"
"gid://shopify/Product/8995428958405","Workout Sets","ორეული Sexy Neon Green","Workout Set Neon Green","ელასტიური კომპლექტი ტოპით, იდეალურად კრავს ტანს და კვეთს ფორმებს,

არ ტოვებს ოფლის ლაქებს

მასალა: Nylon / Spandex","<p>Material: Nylon / Spandex</p>"
"gid://shopify/Product/8995429122245","Jumpsuits & Dresses | Push-up Leggings | Leggings","Push-up Jumpsuit Black Babe","Push-up Jumpsuit Black","სავარჯიშო კომბინიზონი, აქვს გუფკა.
იდეალურად კრავს ტანს და ვიზუალურად ახდუნებს.
მასალა: Polyester","<p>Material: Polyester</p>"
"gid://shopify/Product/8995429155013","Workout Sets | Push-up Leggings | Leggings","Push-Up ორეული Purple Lollipop","Workout Set Purple","Push-Up კომპლექტი შორტით, იდეალურად კრავს ტანს და კვეთს ფორმებს, არ ტოვებს ოფლის ლაქებს, ზედას აქვს გუფკა.

მასალა: Polyester / Spandex","<p>Material: Spandex / Polyester</p>"
"gid://shopify/Product/8995429187781","Workout Sets | Push-up Leggings | Leggings","Push-Up ორეული Sunny Lollipop","Workout Set","Push-Up კომპლექტი შორტით, იდეალურად კრავს ტანს და კვეთს ფორმებს, არ ტოვებს ოფლის ლაქებს, ზედას აქვს გუფკა.

მასალა: Polyester / Spandex","<p>Material: Spandex / Polyester</p>"
"gid://shopify/Product/8995429220549","Workout Sets | Push-up Leggings | Leggings","Push-Up ორეული Pink Lollipop","Workout Set Pink","Push-Up კომპლექტი შორტით, იდეალურად კრავს ტანს და კვეთს ფორმებს, არ ტოვებს ოფლის ლაქებს, ზედას აქვს გუფკა.

მასალა: Polyester / Spandex","<p>Material: Spandex / Polyester</p>"
"gid://shopify/Product/8995429580997","Workout Sets | Push-up Leggings | Leggings","Push-Up ორეული შორტით Barbie Orange","Workout Set Barbie Orange","Push-Up კომპლექტი შორტით, იდეალურად კრავს ტანს და კვეთს ფორმებს, არ ტოვებს ოფლის ლაქებს, ზედას აქვს გუფკა.მასალა: Polyester / Spandex","<p>Material: Spandex / Polyester</p>"
"gid://shopify/Product/8995429679301","Workout Sets | Push-up Leggings | Leggings","Push-up ორეული Purple Desire","Workout Set Purple","Push-up ორეული შორტით, ზედას არ აქვს ღრუბელი*

მატერია: 90% nylon/10% spandex","<p>Material: 90% Nylon / 10% Spandex</p>"
"gid://shopify/Product/8995429712069","Workout Sets | Push-up Leggings | Leggings","Push-up set Pistachio Desire","Push-up Set Pistachio","Push-up ორეული შორტით, ზედას არ აქვს ღრუბელი*

მატერია: 90% nylon/10% spandex","<p>Material: 90% Nylon / 10% Spandex</p>"
"gid://shopify/Product/8995429744837","Workout Sets | Push-up Leggings | Clearance & Sale | Leggings","Push-up ორეული Short Mint Desire","Workout Set Mint","Push-up კომპლექტი შორტით, იდეალურად კრავს ტანს

მატერია: Spandex / Polyester","<p>Material: Spandex / Polyester</p>"
"gid://shopify/Product/8995429843141","Workout Sets | Push-up Leggings | Leggings | Push-up Short Sets","Push-up ორეული Short Peach Desire","Workout Set Peach","Push-up ორეული შორტით, ზედას არ აქვს ღრუბელი*

მატერია: 90% nylon/10% spandex","<p>Material: 90% Nylon / 10% Spandex</p>"
"gid://shopify/Product/8995429875909","Push-up Leggings | Shorts | Leggings","Push-up შორტი Short White Desire","Push-up Shorts White","Push-up შორტი, იდეალურად კრავს ტანს
მატერია: Spandex / Polyester","<p>Material: Spandex / Polyester</p>"
"gid://shopify/Product/8995430891717","Workout Sets","Set Boom Light Pink","Workout Set Light Pink","კომპლექტი შორტით, იდეალურად კრავს ტანს და კვეთს ფორმებს, არ ტოვებს ოფლის ლაქებს, ზედას აქვს გუფკა.

მასალა: Polyester / Spandex","<p>Material: Spandex / Polyester</p>"
"gid://shopify/Product/8995431219397","Push-up Leggings | Shorts | Leggings","Push-up Shorts Purple Dream","Push-up Shorts Purple","იასამნისფერი მაღალწელიანი Push-up შორტი, იდეალურად კრავს ტანს და გამოკვეთს უკანალს.

მასალა: Spandex / Polyester","<p>Material: Spandex / Polyester</p>"
"gid://shopify/Product/8995431350469","Shorts","Shorts White Glam","Shorts White","სავარჯიშო მაღალწელიანი შორტი, იდეალურად კრავს ტანს და გამოკვეთს უკანალს.

მასალა: Spandex / Polyester","<p>Material: Spandex / Polyester</p>"
"gid://shopify/Product/8995431383237","Shorts | Leggings","Shorts Lemon Glam","Shorts Lemon","სავარჯიშო მაღალწელიანი შორტი, იდეალურად კრავს ტანს და გამოკვეთს უკანალს.

მასალა: Spandex / Polyester","<p>Material: Spandex / Polyester</p>"
"gid://shopify/Product/8995431907525","Push-up Leggings | Leggings","Push-up Leggings Bomby Deep Purple","Push-up Leggings Deep Purple","Seamless Push-up leggings
• Full-length leggings
• Invisible scrunch bum
•Booty contouring and enhancing

<strong>Material and Care:</strong>
• 90% Nylon, 10% Spandex
• Incredibly soft and seamless, you’ll never want to take it off
• Handle with care when wearing and washing this delicate style","<p>Material: 90% Nylon / 10% Spandex</p><p>Feel: Soft, Seamless</p>"
"gid://shopify/Product/8995432136901","Push-up Leggings | Shorts | Leggings | Push-up Shorts","Push-up Shorts Bomby Rose","Push-up Shorts Rose","სავარჯიშო მაღალწელიანი Push-up შორტი, იდეალურად კრავს ტანს და გამოკვეთს უკანალს
მასალა: Spandex / Polyester","<p>Material: Spandex / Polyester</p>"
"gid://shopify/Product/8995432202437","Push-up Leggings | Shorts | Leggings","Push-up Bike Shorts Bomby Aqua","Push-up Bike Shorts Aqua","Seamless Push-up Shorts
• Bike Shorts
• Invisible scrunch bum
•Booty contouring and enhancing

<strong>Material and Care:</strong>
• 90% Nylon, 10% Spandex
• Incredibly soft and seamless, you’ll never want to take it off
• Handle with care when wearing and washing this delicate style","<p>Material: 90% Nylon / 10% Spandex</p><p>Feel: Soft, Seamless</p>"
"gid://shopify/Product/8995432235205","Push-up Leggings | Leggings","Push-up Leggings Bomby Red","Push-up Leggings Red","Seamless Push-up leggings
• Full-length leggings
• Invisible scrunch bum
•Booty contouring and enhancing

<strong>Material and Care:</strong>
• 90% Nylon, 10% Spandex
• Incredibly soft and seamless, you’ll never want to take it off
• Handle with care when wearing and washing this delicate style","<p>Material: 90% Nylon / 10% Spandex</p><p>Feel: Soft, Seamless</p>"
"gid://shopify/Product/8995432956101","Workout Sets | Push-up Leggings | Leggings","Push-up კომპლექტი Black Desire Long","Workout Set Black","Push-up კომპლექტი გრძელმკლავიანი ტოპით, იდეალურად კრავს ტანს და ვიზუალურად ახდუნებს.

ზედას არ აქვს გუფკა*

მატერია: Spandex / Polyester","<p>Material: Spandex / Polyester</p>"
"gid://shopify/Product/8995433054405","Shorts & Skirts","Long Sleeve Crop Top Purple Desire","Long Sleeve Crop Top Purple","სავარჯიშო ტოპი, არ ტოვებს ოფლის ლაქებს, იდეალურად კრავს ტანს.

არ აქვს გუფკა*

მატერია: Spandex / Polyester","<p>Material: Spandex / Polyester</p>"
"gid://shopify/Product/8995433087173","Shorts & Skirts","Long Sleeve Crop Top Green Desire","Long Sleeve Crop Top Green","სავარჯიშო ტოპი, არ ტოვებს ოფლის ლაქებს, იდეალურად კრავს ტანს.

არ აქვს გუფკა*

მატერია: Spandex / Polyester","<p>Material: Spandex / Polyester</p>"
"gid://shopify/Product/8995433808069","Shorts & Skirts","სავარჯიშო ტოპი Green Desire","Top Green","<p>სავარჯიშო ტოპი, არ ტოვებს ოფლის ლაქებს, იდეალურად კრავს ტანს.</p><p>აქვს გუფკა*</p><p>მატერია: Spandex / Polyester</p>","<p>Material: Spandex / Polyester</p>"
"gid://shopify/Product/8995434594501","Leggings | Classic Leggings","Leggings Black Classic","Leggings Black","შავი სავარჯიშო მაღალწელიანი ელასტიკი, იდეალურად კრავს ტანს და გამოკვეთს უკანალს.

მასალა: Spandex / Polyester","<p>Material: Spandex / Polyester</p>"
"gid://shopify/Product/8995434987717","Workout Sets | Push-up Leggings | Leggings","Push-up ორეული Dark Euphoria","Workout Set Dark","უნაკერო, გრძელმკლავიანი ელასტიური კომპლექტი ელვა შესაკრავით, იდეალურად კრავს ტანს და ვიზუალურად ახდუნებს.

მატერია: Spandex / Polyester","<p>Material: Spandex / Polyester</p><p>Feel: Seamless</p>"
"gid://shopify/Product/8995435512005","Workout Sets | Push-up Leggings | Shorts | Leggings","Push-up ორეული შორტით Purple Panther","Workout Set Purple Panther","იისფერი სავარჯიშო Push-up ორეული შორტით, იდეალურად კრავს ტანს და გამოკვეთს უკანალს.
წელვადი, არ ლანდავს.

*შორტი არის 1 ზომით პატარა ( S ზომა ერგება Xs-s, M ზომა ერგება S და M ზომას)

მასალა: Spandex / Polyester","<p>Material: Spandex / Polyester</p>"
"gid://shopify/Product/8995435806917","Shorts & Skirts | Long Sleeve Tops","Long Sleeve Blue Sky Vortex","Shorts & Skirts Blue Sky","<p style=""padding-left: 40px;"">გრძელმკლავიანი ზედა, იდეალურად კრავს ტანს და გამოკვეთს უკანალს.</p>
 

მასალა: Spandex / Polyester","<p>Material: Spandex / Polyester</p>"
"gid://shopify/Product/8995435872453","Shorts & Skirts","Sports Bra Black Spirit","Sports Bra Black","შავი ელასტიური სავარჯიშო ტოპი, აქვს გუფკა.
მასალა: Spandex / Polyester","<p>Material: Spandex / Polyester</p>"
"gid://shopify/Product/8995436658885","Push-up Leggings | Leggings","Push-up ლეგინსი Baby Blue Bomb","Push-up Leggings Baby Blue","Seamless Push-up leggings
• Full-length leggings
• Invisible scrunch bum
•Booty contouring and enhancing

<strong>Material and Care:</strong>
• 90% Nylon, 10% Spandex
• Incredibly soft and seamless, you’ll never want to take it off
• Handle with care when wearing and washing this delicate style","<p>Material: 90% Nylon / 10% Spandex</p><p>Feel: Soft, Seamless</p>"
"gid://shopify/Product/8995436953797","Push-up Leggings | Shorts | Leggings","Push-up Shorts Black Gun","Push-up Shorts Black","შავი მაღალწელიანი მოკლე შორტი, იდეალურად კრავს ტანს და გამოკვეთს უკანალს.

მასალა: Spandex / Polyester","<p>Material: Spandex / Polyester</p>"
"gid://shopify/Product/8995436986565","Push-up Leggings | Leggings","Push-up ელასტიკი Bomby Khaki","Push-up Leggings Khaki","სავარჯიშო მაღალწელიანი Push-up ელასტიკი, იდეალურად კრავს ტანს და გამოკვეთს უკანალს.

მასალა: Spandex / Polyester

*პროდუქტს აქცს ფიტრუმის ლოგო","<p>Material: Spandex / Polyester</p>"
"gid://shopify/Product/8995437019333","Push-up Leggings | Leggings","Push-up Leggings Bomby Brown","Push-up Leggings Brown","Seamless Push-up leggings
• Full-length leggings
• Invisible scrunch bum
•Booty contouring and enhancing

<strong>Material and Care:</strong>
• 90% Nylon, 10% Spandex
• Incredibly soft and seamless, you’ll never want to take it off
• Handle with care when wearing and washing this delicate style","<p>Material: 90% Nylon / 10% Spandex</p><p>Feel: Soft, Seamless</p>"
"gid://shopify/Product/8995437084869","Shorts & Skirts","ტოპი White Balance","Top White","თეთრი ელასტიური სავარჯიშო ტოპი, არ აქვს გუფკა.
მასალა: Spandex / Polyester","<p>Material: Spandex / Polyester</p>"
"gid://shopify/Product/8995437314245","Workout Sets | Classic Short Sets","Push-up Set Aquamarine Butterfly","Push-up Set Aquamarine Butterfly","ელასტიური კომპლექტი, იდეალურად კრავს ტანს და კვეთს ფორმებს,

არ ტოვებს ოფლის ლაქებს

მასალა: Nylon / Spandex","<p>Material: Nylon / Spandex</p>"
"gid://shopify/Product/8995437412549","Workout Sets","Set Pink Butterfly","Workout Set Pink Butterfly","სავარჯიშო კომპლექტი შორტით, იდეალურად კრავს ტანს და კვეთს ფორმებს, ზედას აქვს გუფკა

არ ტოვებს ოფლის ლაქებს

მასალა: Nylon / Spandex","<p>Material: Nylon / Spandex</p>"
"gid://shopify/Product/8995437641925","Workout Sets | Clearance & Sale","ორეული Black Melody","Workout Set Black","ელასტიური კომპლექტი, იდეალურად კრავს ტანს და კვეთს ფორმებს,

არ ტოვებს ოფლის ლაქებს

ტოპს აქვს გუფკა*

მასალა: Nylon / Spandex","<p>Material: Nylon / Spandex</p>"
"gid://shopify/Product/8995437772997","Jumpsuits & Dresses | Push-up Leggings | Clearance & Sale | Leggings","Push-up All In One Black Marble","Push-up Jumpsuit Black Marble","სავარჯიშო Push-up კომბინიზონი, იდეალურად კრავს ტანს და გამოკვეთს უკანალს.

*მკერდზე აქვს ღრუბელი
მასალა: Spandex / Polyester","<p>Material: Spandex / Polyester</p>"
"gid://shopify/Product/8995437805765","Push-up Leggings | Leggings","Push-up Leggings Booty Pink Galaxy","Push-up Leggings Pink Galaxy","სავარჯიშო მაღალწელიანი Push-up ელასტიკი, იდეალურად კრავს ტანს და გამოკვეთს უკანალს.

მასალა: Spandex / Polyester","<p>Material: Spandex / Polyester</p>"
"gid://shopify/Product/8995437838533","Push-up Leggings | Leggings","Push-up Leggings Peacock","Push-up Leggings Peacock","სავარჯიშო მაღალწელიანი Push-up ელასტიკი, იდეალურად კრავს ტანს და გამოკვეთს უკანალს.

მასალა: Spandex / Polyester","<p>Material: Spandex / Polyester</p>"
"gid://shopify/Product/8995437904069","Push-up Leggings | Leggings","Push-up Leggings Booty Orange Galaxy","Push-up Leggings Orange Galaxy","სავარჯიშო მაღალწელიანი Push-up ელასტიკი, იდეალურად კრავს ტანს და გამოკვეთს უკანალს.

მასალა: Spandex / Polyester","<p>Material: Spandex / Polyester</p>"
"gid://shopify/Product/8995437969605","Shorts & Skirts","Sports Bra Purple Run","Sports Bra Purple","ღია იისფერი ელასტიური სავარჯიშო ტოპი, აქვს გუფკა.
მასალა: Spandex / Polyester","<p>Material: Spandex / Polyester</p>"
"gid://shopify/Product/8995438002373","Leggings","Leggings Black Classic Slim","Leggings Black","შავი სავარჯიშო მაღალწელიანი ელასტიკი, იდეალურად კრავს ტანს და გამოკვეთს უკანალს.
*არის ვიწრო მოდელი, S ზომა ერგება XS და S ზომას.

მასალა: Spandex / Polyester","<p>Material: Spandex / Polyester</p>"
"gid://shopify/Product/8995438100677","Shorts | Push-up Shorts","Push-up Shorts Black Bomby","Push-up Shorts Black","Seamless Push-up Shorts
• Invisible scrunch bum
•Booty contouring and enhancing

<strong>Material and Care:</strong>
• 90% Nylon, 10% Spandex
• Incredibly soft and seamless, you’ll never want to take it off
• Handle with care when wearing and washing this delicate style","<p>Material: 90% Nylon / 10% Spandex</p><p>Feel: Soft, Seamless</p>"
"gid://shopify/Product/8995438198981","Shorts & Skirts","Sports Bra Black Classic","Sports Bra Black","შავი ელასტიური სავარჯიშო ტოპი, აქვს გუფკა.
მასალა: Spandex / Polyester","<p>Material: Spandex / Polyester</p>"
"gid://shopify/Product/8995438297285","Shorts & Skirts","Crop Top Black Verona","Crop Top Black","შავი ელასტიური სავარჯიშო ტოპი, აქვს გუფკა.
მასალა: Spandex / Polyester","<p>Material: Spandex / Polyester</p>"
"gid://shopify/Product/8995438428357","Shorts & Skirts","Crop Top Black Dry Fit","Crop Top Black","შავი სავარჯიშო მაისური, არ აქვს გუფკა.
მასალა: Spandex / Polyester","<p>Material: Spandex / Polyester</p>"
"gid://shopify/Product/8995438592197","Shorts & Skirts","ტოპი Barbie Sunny","Top Barbie","სავარჯიშო ტოპი, აქვს გუფკა
",""
"gid://shopify/Product/8995438624965","Shorts & Skirts","ტოპი Black Top Desire","Top Black","სავარჯიშო ტოპი, *აქვს გუფკა

მატერია: Spandex / Polyester","<p>Material: Spandex / Polyester</p>"
"gid://shopify/Product/8995438690501","Shorts & Skirts","ტოპი Barbie Black","Top Barbie Black","სავარჯიშო ტოპი, აქვს გუფკა.მასალა: Polyester / Spandex","<p>Material: Spandex / Polyester</p>"
"gid://shopify/Product/8995438756037","Shorts & Skirts","Long Sleeve Crop Top Purple Panther","Long Sleeve Crop Top Purple Panther","სავარჯიშო გრძელმკლავიანი ზედა ელვით, არ აქვს გუფკა.",""
"gid://shopify/Product/8995438854341","Push-up Leggings | Shorts | Leggings","Push-Up Shorts Pink Lollipop","Push-up Shorts Pink","Push-Up შორტი, იდეალურად კრავს ტანს და კვეთს ფორმებს, არ ტოვებს ოფლის ლაქებს

მასალა: Polyester / Spandex","<p>Material: Spandex / Polyester</p>"
"gid://shopify/Product/8995439018181","Shorts & Skirts","ტოპი Pink Butterfly","Top Pink Butterfly","სავარჯიშო ტოპი, აქვს გუფკა.

არ ტოვებს ოფლის ლაქებს

მასალა: Nylon / Spandex","<p>Material: Nylon / Spandex</p>"
"gid://shopify/Product/8995439116485","Shorts | Leggings","Shorts Beige Decollete","Shorts Beige","შორტი, იდეალურად კრავს ტანს და კვეთს ფორმებს, არ ტოვებს ოფლის ლაქებს

მასალა: Polyester / Spandex","<p>Material: Spandex / Polyester</p>"
"gid://shopify/Product/8995439149253","Shorts | Leggings","Shorts Decollete Green","Shorts Green","შორტი, იდეალურად კრავს ტანს და კვეთს ფორმებს, არ ტოვებს ოფლის ლაქებს

მასალა: Polyester / Spandex","<p>Material: Spandex / Polyester</p>"
"gid://shopify/Product/8995439182021","Shorts | Leggings","Shorts Decollete Blue","Shorts Blue","შორტი, იდეალურად კრავს ტანს და კვეთს ფორმებს, არ ტოვებს ოფლის ლაქებს

მასალა: Polyester / Spandex","<p>Material: Spandex / Polyester</p>"
"gid://shopify/Product/8995439280325","Shorts & Skirts","ზედა Black Caol","Top Black","არის რბილი და წელვადი მასალა, არ აქვს გუფკა
მატერია: Spandex / Polyester","<p>Material: Spandex / Polyester</p><p>Feel: Soft</p>"
"gid://shopify/Product/8995439313093","Push-up Leggings | Shorts | Leggings","Push-up Shorts Black Dynamite","Push-up Shorts Black","შავი სავარჯიშო Push-up შორტი, იდეალურად კრავს ტანს და გამოკვეთს უკანალს.

მასალა: Spandex / Polyester","<p>Material: Spandex / Polyester</p>"
"gid://shopify/Product/8995439345861","Push-up Leggings | Shorts | Leggings","Push-up Shorts Saphir Panther","Push-up Shorts Saphir Panther","სავარჯიშო Push-up შორტი, იდეალურად კრავს ტანს და გამოკვეთს უკანალს.

წელვადი, არ ლანდავს.

*შორტი არის 1 ზომით პატარა ( S ზომა ერგება Xs-s, M ზომა ერგება S და M ზომას)

მასალა: Spandex / Polyester","<p>Material: Spandex / Polyester</p>"
"gid://shopify/Product/8995439411397","Shorts | Leggings","შორტი Black Butterfly","Shorts Black Butterfly","სავარჯიშო შორტი , იდეალურად კრავს ტანს და კვეთს ფორმებს,

არ ტოვებს ოფლის ლაქებს

მასალა: Nylon / Spandex","<p>Material: Nylon / Spandex</p>"
"gid://shopify/Product/8995439444165","Workout Sets | Push-up Leggings | Leggings","Push-up Set Flared Leggings","Push-up Set","შავი მაღალწელიანი Push-up ორეული, იდეალურად კრავს ტანს და გამოკვეთს უკანალს.
*ზედას აქვს გუფკა
წელვადი, არ ლანდავს.

მასალა: Spandex / Polyester","<p>Material: Spandex / Polyester</p>"
"gid://shopify/Product/8995439476933","Shorts & Skirts","Zip Jacket Dry Fit","Zip Jacket","გრძელმკლავიანი ზედა ელვა შესაკრავით, იდეალურად კრავს ტანს და კვეთს ფორმებს,

არ ტოვებს ოფლის ლაქებს

მასალა: Nylon / Spandex","<p>Material: Nylon / Spandex</p>"
"gid://shopify/Product/8995439509701","Shorts & Skirts","Long Sleeve Crop Top Black Classic","Long Sleeve Crop Top Black","სავარჯიშო შავი ზედა, იდეალურად კრავს ტანს და კვეთს ფორმებს, არ ტოვებს ოფლის ლაქებს.

*აქვს გუფკა

მასალა: Polyester/Spandex","<p>Material: Spandex / Polyester</p>"
"gid://shopify/Product/8995439575237","Shorts & Skirts","Crop Top Long Sleeve Navy Podium","Crop Top Navy","სავარჯიშო ზედა ამოღებული ზურგით, იდეალურად კრავს ტანს და კვეთს ფორმებს, არ ტოვებს ოფლის ლაქებს.

*აქვს გუფკა

მასალა: Polyester/Spandex","<p>Material: Spandex / Polyester</p>"
"gid://shopify/Product/8995439608005","Jumpsuits & Dresses","All In One Black Panther","Jumpsuit Black Panther","გრძელმკლავიანი, ელასტიური კომბინიზონი ელვით, იდეალურად კრავს ტანს და კვეთს ფორმებს.
არ აქვს გუფკა*

მასალა: Polyester / Spandex","<p>Material: Spandex / Polyester</p>"
"gid://shopify/Product/8995439673541","Workout Sets | Push-up Leggings | Leggings","Push-up Set Black Cosmo","Push-up Set Black","შავი Push-up ორეული, იდეალურად კრავს ტანს
წელვადი, არ ლანდავს.

ზედას არ აქვს ღრუბელი*

მასალა: Spandex / Polyester","<p>Material: Spandex / Polyester</p>"
"gid://shopify/Product/8995439739077","Push-up Leggings | Leggings","Push-up Leggings Navy V","Push-up Leggings Navy","Seamless Push-up leggings
• low V-shape at the back
• Contoured back waistband to enhance and flatter curves
• Scrunch detailing at the back for a sculpted look
• Seamless front for a smooth, clean appearance
• Full-length
Material and Care:
• 75% Nylon, 25% Spandex
• Incredibly soft and seamless, you’ll never want to take it off
• Handle with care when wearing and washing this delicate style

","<p>Material: 75% Nylon / 25% Spandex</p><p>Feel: Soft, Seamless</p>"
"gid://shopify/Product/8995439771845","Push-up Leggings | Leggings","Push-up Leggings Black V","Push-up Leggings Black","Seamless Push-up leggings
• low V-shape at the back
• Contoured back waistband to enhance and flatter curves
• Scrunch detailing at the back for a sculpted look
• Seamless front for a smooth, clean appearance
• Full-length
Material and Care:
• 75% Nylon, 25% Spandex
• Incredibly soft and seamless, you’ll never want to take it off
• Handle with care when wearing and washing this delicate style","<p>Material: 75% Nylon / 25% Spandex</p><p>Feel: Soft, Seamless</p>"
"gid://shopify/Product/8995439837381","Workout Sets | Push-up Leggings | Leggings","Push-up კომპლექტი Black Classic","Workout Set Black","სავარჯიშო Push-up კომპლექტი, იდეალურად კრავს ტანს და კვეთს ფორმებს, არ ტოვებს ოფლის ლაქებს, ზედას აქვს გუფკა.

მასალა:  Polyester / Spandex","<p>Material: Spandex / Polyester</p>"
"gid://shopify/Product/8995439902917","Push-up Leggings | Leggings","Push-up Crossover Leggings Bomby Black","Push-up Crossover Leggings Black","შავი Push-up ელასტიკი, იდეალურად კრავს ტანს და კვეთს ფორმებს.

მასალა: Nylon/Polyester","<p>Material: Nylon / Polyester</p>"
"gid://shopify/Product/8995440033989","Jumpsuits & Dresses","All In One Black Cross","Jumpsuit Black","შავი სავარჯიშო კომბინიზონი, აქვს გუფკა.
იდეალურად კრავს ტანს და ვიზუალურად ახდუნებს.
მასალა: Polyester","<p>Material: Polyester</p>"
"gid://shopify/Product/8995440099525","Push-up Leggings | Leggings","Push-up Leggings Bomby Dark Grey","Push-up Leggings Dark Grey","სავარჯიშო მაღალწელიანი Push-up ელასტიკი, იდეალურად კრავს ტანს და გამოკვეთს უკანალს.

მასალა: Spandex / Polyester","<p>Material: Spandex / Polyester</p>"
"gid://shopify/Product/8995440132293","Push-up Leggings | Leggings","Push-up Leggings Bomby Light Grey","Push-up Leggings Light Grey","Seamless Push-up leggings
• Full-length leggings
• Invisible scrunch bum
•Booty contouring and enhancing

<strong>Material and Care:</strong>
• 90% Nylon, 10% Spandex
• Incredibly soft and seamless, you’ll never want to take it off
• Handle with care when wearing and washing this delicate style","<p>Material: 90% Nylon / 10% Spandex</p><p>Feel: Soft, Seamless</p>"
"gid://shopify/Product/8995440165061","Shorts & Skirts","მოკლე მაისური Black Moon","Crop Top Black","სავარჯიშო მოკლე მაისური,
*გუფკის გარეშე
არ ტოვებს ოფლის ლაქებს
მასალა: Spandex / Polyester","<p>Material: Spandex / Polyester</p>"
"gid://shopify/Product/8995440197829","Push-up Leggings | Leggings","Push-up ელასტიკი Purple Panther","Push-up Leggings Purple Panther","სავარჯიშო მაღალწელიანი Push-up ელასტიკი, იდეალურად კრავს ტანს და გამოკვეთს უკანალს.

მასალა: Spandex / Polyester","<p>Material: Spandex / Polyester</p>"
"gid://shopify/Product/8995440263365","Push-up Leggings | Leggings","Push-up Leggings Green Panther","Push-up Leggings Green Panther","სავარჯიშო მაღალწელიანი Push-up ელასტიკი, იდეალურად კრავს ტანს და გამოკვეთს უკანალს.

მასალა: Spandex / Polyester","<p>Material: Spandex / Polyester</p>"
"gid://shopify/Product/8995440296133","Push-up Leggings | Leggings","Push-up ელასტიკი Black Effect","Push-up Leggings Black","Push-up ელასტიკი, იდეალურად კრავს ტანს და კვეთს ფორმებს.

მასალა: Nylon/Polyester","<p>Material: Nylon / Polyester</p>"
"gid://shopify/Product/8995440328901","Push-up Leggings | Leggings","Push-up ელასტიკი Khaki Effect","Push-up Leggings Khaki","შავი Push-up ელასტიკი, იდეალურად კრავს ტანს და კვეთს ფორმებს.

მასალა: Nylon/Polyester","<p>Material: Nylon / Polyester</p>"
"gid://shopify/Product/8995440361669","Shorts & Skirts","Long Sleeve Crop Top Effect","Long Sleeve Crop Top","სავარჯიშო შავი ზედა, იდეალურად კრავს ტანს და კვეთს ფორმებს, არ ტოვებს ოფლის ლაქებს.

*არ აქვს გუფკა

მასალა: Polyester/Spandex","<p>Material: Spandex / Polyester</p>"
"gid://shopify/Product/8995440394437","Shorts & Skirts","გრძელმკლავიანი ზედა Booty Black","Long Sleeve Crop Top Black","სავარჯიშო შავი ზედა, იდეალურად კრავს ტანს და კვეთს ფორმებს, არ ტოვებს ოფლის ლაქებს.

*არ აქვს გუფკა

მასალა: Polyester/Spandex","<p>Material: Spandex / Polyester</p>"
"gid://shopify/Product/8995440427205","Leggings","Leggings Aquamarine Butterfly","Leggings Aquamarine Butterfly","This training Leggings are the ultimate staple, perfect match for any sports bra, crop top, or t-shirt.
• Full length leggings
• High rise fit
• Single tone

Material and Care:
•78% Nylon, 22% Spandex
•For optimal care of this sportswear, follow the care label instructions and use the delicate cycle.","<p>Material: 78% Nylon / 22% Spandex</p>"
"gid://shopify/Product/8995440459973","Clearance & Sale | Leggings","შორტი Coral Decollete","Leggings Coral","სავარჯიშო შორტი ელასტიკით, იდეალურად კრავს ტანს და კვეთს ფორმებს, არ ტოვებს ოფლის ლაქებს

მასალა: Polyester / Spandex","<p>Material: Spandex / Polyester</p>"
"gid://shopify/Product/8995440492741","Push-up Leggings | Shorts | Leggings","Push-up Shorts Purple Panther","Push-up Shorts Purple Panther","სავარჯიშო Push-up შორტი, იდეალურად კრავს ტანს და გამოკვეთს უკანალს.

წელვადი, არ ლანდავს.

*შორტი არის 1 ზომით პატარა ( S ზომა ერგება Xs-s, M ზომა ერგება S და M ზომას)

მასალა: Spandex / Polyester","<p>Material: Spandex / Polyester</p>"
"gid://shopify/Product/8995440525509","Push-up Leggings | Leggings","Push-up Flared Leggings Marble","Push-up Flared Leggings Marble","Seamless Push-up Flared leggings
• Full-length flared leggings
• Invisible scrunch bum
• Booty contouring and enhancing
• High waist

Material and Care:
• 90% Nylon, 10% Spandex
• Incredibly soft and seamless, you’ll never want to take it off
• Handle with care when wearing and washing this delicate style","<p>Material: 90% Nylon / 10% Spandex</p><p>Feel: Soft, Seamless</p>"
"gid://shopify/Product/8995440591045","Push-up Leggings | Leggings","Push-up Leggings Olive V","Push-up Leggings Olive","Seamless Push-up leggings
• low V-shape at the back
• Contoured back waistband to enhance and flatter curves
• Scrunch detailing at the back for a sculpted look
• Seamless front for a smooth, clean appearance
• Full-length
Material and Care:
• 75% Nylon, 25% Spandex
• Incredibly soft and seamless, you’ll never want to take it off
• Handle with care when wearing and washing this delicate style","<p>Material: 75% Nylon / 25% Spandex</p><p>Feel: Soft, Seamless</p>"
"gid://shopify/Product/8995440623813","Push-up Leggings | Leggings","Push-up Leggings Dark Brown V","Push-up Leggings Dark Brown","Seamless Push-up leggings
• low V-shape at the back
• Contoured back waistband to enhance and flatter curves
• Scrunch detailing at the back for a sculpted look
• Seamless front for a smooth, clean appearance
• Full-length
Material and Care:
• 75% Nylon, 25% Spandex
• Incredibly soft and seamless, you’ll never want to take it off
• Handle with care when wearing and washing this delicate style

","<p>Material: 75% Nylon / 25% Spandex</p><p>Feel: Soft, Seamless</p>"
"gid://shopify/Product/8995440656581","Push-up Leggings | Leggings","Push-up Leggings White V","Push-up Leggings White","Seamless Push-up leggings
• low V-shape at the back
• Contoured back waistband to enhance and flatter curves
• Scrunch detailing at the back for a sculpted look
• Seamless front for a smooth, clean appearance
• Full-length
Material and Care:
• 75% Nylon, 25% Spandex
• Incredibly soft and seamless, you’ll never want to take it off
• Handle with care when wearing and washing this delicate style","<p>Material: 75% Nylon / 25% Spandex</p><p>Feel: Soft, Seamless</p>"
"gid://shopify/Product/8995440722117","Push-up Leggings | Shorts | Leggings","Push-up Shorts Bomby Khaki","Push-up Shorts Khaki","Seamless Push-up Shorts
• Bike Shorts
• Invisible scrunch bum
•Booty contouring and enhancing

<strong>Material and Care:</strong>
• 90% Nylon, 10% Spandex
• Incredibly soft and seamless, you’ll never want to take it off
• Handle with care when wearing and washing this delicate style","<p>Material: 90% Nylon / 10% Spandex</p><p>Feel: Soft, Seamless</p>"
"gid://shopify/Product/8995440754885","Leggings","Leggings Olive Classic","Leggings Olive","სავარჯიშო მაღალწელიანი ელასტიკი, იდეალურად კრავს ტანს და გამოკვეთს უკანალს.

მასალა: Spandex / Polyester","<p>Material: Spandex / Polyester</p>"
"gid://shopify/Product/8995440787653","Leggings","Leggings Sand Classic","Leggings Sand","• Full-length leggings
•Booty contouring and enhancing

Material and Care:
• 75% Nylon, 25% Spandex
• Incredibly soft and seamless, you’ll never want to take it off
• Handle with care when wearing and washing this delicate style","<p>Material: 75% Nylon / 25% Spandex</p><p>Feel: Soft, Seamless</p>"
"gid://shopify/Product/8995440820421","Leggings","Leggings Cocoa Classic","Leggings Cocoa","• Full-length leggings
•Booty contouring and enhancing

Material and Care:
• 75% Nylon, 25% Spandex
• Incredibly soft and seamless, you’ll never want to take it off
• Handle with care when wearing and washing this delicate style","<p>Material: 75% Nylon / 25% Spandex</p><p>Feel: Soft, Seamless</p>"
"gid://shopify/Product/8995440885957","Clearance & Sale | Leggings","Leggings Grey Classic","Leggings Grey","• Full-length leggings
•Booty contouring and enhancing

Material and Care:
• 75% Nylon, 25% Spandex
• Incredibly soft and seamless, you’ll never want to take it off
• Handle with care when wearing and washing this delicate style","<p>Material: 75% Nylon / 25% Spandex</p><p>Feel: Soft, Seamless</p>"
"gid://shopify/Product/8995440918725","Clearance & Sale | Leggings","Leggings Barbie Pink Classic","Leggings Barbie Pink","• Full-length leggings
•Booty contouring and enhancing

Material and Care:
• 75% Nylon, 25% Spandex
• Incredibly soft and seamless, you’ll never want to take it off
• Handle with care when wearing and washing this delicate style","<p>Material: 75% Nylon / 25% Spandex</p><p>Feel: Soft, Seamless</p>"
"gid://shopify/Product/8995440984261","Push-up Leggings | Leggings","Invisible Push-up Leggings Black Butterfly","Push-up Leggings Black Butterfly","This training Leggings are the ultimate staple, perfect match for any sports bra, crop top, or t-shirt.
• Full length leggings
• High rise fit
• Single tone

<strong>Material and Care:</strong>
•78% Nylon, 22% Spandex
•For optimal care of this sportswear, follow the care label instructions and use the delicate cycle.","<p>Material: 78% Nylon / 22% Spandex</p>"
"gid://shopify/Product/8995441017029","Jumpsuits & Dresses | Push-up Leggings | Leggings","Push-up All In One Goal","Push-up Jumpsuit","სავარჯიშო Push-up კომბინიზონი, იდეალურად კრავს ტანს და გამოკვეთს უკანალს.

*ზედა ნაწილს აქვს გუფკა
მასალა: Spandex / Polyester","<p>Material: Spandex / Polyester</p>"
"gid://shopify/Product/8995441049797","Jumpsuits & Dresses | Clearance & Sale","Flared All In One White Podium","Flared Jumpsuit White","თეთრი სავარჯიშო კომბინიზონი, აქვს გუფკა.
იდეალურად კრავს ტანს და ვიზუალურად ახდუნებს.
მასალა: Polyester","<p>Material: Polyester</p>"
"gid://shopify/Product/8995441082565","Jumpsuits & Dresses","Push-up All In One Rose Bomb","Push-up Jumpsuit Rose","Short Push-up jumpsuit is designed to enhance your curves and provide maximum support, offering a chic, sophisticated look.
• Built-in shelf bra with two layers and removable cups provides extra support
• Crossover straps at the back
•Invisible scrunch bum

<strong>Material and Care:</strong>
• 90% Nylon, 10% Spandex
• For optimal care of this sportswear, follow the care label instructions and use the delicate cycle.","<p>Material: 90% Nylon / 10% Spandex</p>"
"gid://shopify/Product/8995441115333","Jumpsuits & Dresses | Push-up Leggings | Leggings","Push-up All In One Brown Bomb","Push-up Jumpsuit Brown","Short Push-up jumpsuit is designed to enhance your curves and provide maximum support, offering a chic, sophisticated look.
• Built-in shelf bra with two layers and removable cups provides extra support
• Crossover straps at the back
•Invisible scrunch bum

<strong>Material and Care:</strong>
• 90% Nylon, 10% Spandex
• For optimal care of this sportswear, follow the care label instructions and use the delicate cycle.","<p>Material: 90% Nylon / 10% Spandex</p>"
"gid://shopify/Product/8995441180869","Push-up Leggings | Leggings","Push-up შარვალი Black Cosmos","Pants Black Cosmos","სავარჯიშო შლაქსის Push-up შარვალი, იდეალურად კრავს ტანს და გამოკვეთს უკანალს.

მასალა: Spandex / Polyester","<p>Material: Spandex / Polyester</p>"
"gid://shopify/Product/8995441213637","Shorts & Skirts | Clearance & Sale","Sports Bra Black Illusion","Sports Bra Black","შავი სავარჯიშო ტოპი, აქვს გუფკა.
მასალა: Spandex / Polyester","<p>Material: Spandex / Polyester</p>"
"gid://shopify/Product/8995441279173","Shorts & Skirts","Sports Bra Red Illusion","Sports Bra Red","წითელი სავარჯიშო ტოპი, აქვს გუფკა.
მასალა: Spandex / Polyester","<p>Material: Spandex / Polyester</p>"
"gid://shopify/Product/8995441311941","Push-up Leggings | Leggings","Push-up Leggings Brown V","Push-up Leggings Brown","სავარჯიშო Push-up ელასტიკი ამოჭრილი წელით, იდეალურად კრავს ტანს და გამოკვეთს უკანალს.

მასალა: Spandex / Polyester","<p>Material: Spandex / Polyester</p>"
"gid://shopify/Product/8995441377477","Push-up Leggings | Leggings","Push-up Leggings Bomby Dark Green","Push-up Leggings Dark Green","Seamless Push-up leggings
• Full-length leggings
• Invisible scrunch bum
•Booty contouring and enhancing

<strong>Material and Care:</strong>
• 90% Nylon, 10% Spandex
• Incredibly soft and seamless, you’ll never want to take it off
• Handle with care when wearing and washing this delicate style","<p>Material: 90% Nylon / 10% Spandex</p><p>Feel: Soft, Seamless</p>"
"gid://shopify/Product/8995441410245","Push-up Leggings | Leggings","Push-up Leggings Red V","Push-up Leggings Red","ყავისფერი Push-up ელასტიკი უკან ამოჭრილი წელით, იდეალურად კრავს ტანს და კვეთს ფორმებს.

მასალა: Nylon/Polyester","<p>Material: Nylon / Polyester</p>"
"gid://shopify/Product/8995441443013","Push-up Leggings | Leggings","Push-up Leggings Rose V","Push-up Leggings Rose","Seamless Push-up leggings
• low V-shape at the back
• Contoured back waistband to enhance and flatter curves
• Scrunch detailing at the back for a sculpted look
• Seamless front for a smooth, clean appearance
• Full-length
Material and Care:
• 75% Nylon, 25% Spandex
• Incredibly soft and seamless, you’ll never want to take it off
• Handle with care when wearing and washing this delicate style","<p>Material: 75% Nylon / 25% Spandex</p><p>Feel: Soft, Seamless</p>"
"gid://shopify/Product/8995441475781","Push-up Leggings | Shorts | Leggings","Push-up Shorts Pink Marble","Push-up Shorts Pink Marble","Seamless Push-up Shorts
• Invisible scrunch bum
•Booty contouring and enhancing

Material and Care:
• 90% Nylon, 10% Spandex
• Incredibly soft and seamless, you’ll never want to take it off
• Handle with care when wearing and washing this delicate style","<p>Material: 90% Nylon / 10% Spandex</p><p>Feel: Soft, Seamless</p>"
"gid://shopify/Product/8995441508549","Shorts & Skirts | Clearance & Sale","Sports Bra Black Mood","Sports Bra Black","ელასტიური სავარჯიშო ტოპი, აქვს გუფკა.
მასალა: Spandex / Polyester","<p>Material: Spandex / Polyester</p>"
"gid://shopify/Product/8995441541317","Shorts & Skirts","Sports Bra Pink Podium","Sports Bra Pink","ვარდისფერი ელასტიური სავარჯიშო ტოპი, აქვს გუფკა.
მასალა: Spandex / Polyester","<p>Material: Spandex / Polyester</p>"
"gid://shopify/Product/8995441574085","Push-up Leggings | Leggings","Push-up Flared Leggings Pink Podium","Push-up Flared Leggings Pink","Flared Push-up Leggings for a chic and stylish fit
•High-waisted
•Scrunch bum
<strong>Material and care:</strong>
•78% Nylon, 22% Spandex
• For optimal care of this sportswear, follow the care label instructions and use the delicate cycle","<p>Material: 78% Nylon / 22% Spandex</p>"
"gid://shopify/Product/8995441606853","Shorts & Skirts | Clearance & Sale","Sports Bra Beige Illusion","Sports Bra Beige","ბეჟი სავარჯიშო ტოპი, აქვს გუფკა.
მასალა: Spandex / Polyester","<p>Material: Spandex / Polyester</p>"
"gid://shopify/Product/8995441639621","Shorts & Skirts","Sports Bra Black Classy","Sports Bra Black","ელასტიური სავარჯიშო ტოპი, აქვს გუფკა.
მასალა: Spandex / Polyester","<p>Material: Spandex / Polyester</p>"
"gid://shopify/Product/8995441672389","Shorts & Skirts","Sports Bra White Free Size","Sports Bra White","თეთრი ელასტიური სავარჯიშო ტოპი ბრეტელებით, აქვს გუფკა.

მასალა: Spandex / Polyester","<p>Material: Spandex / Polyester</p>"
"gid://shopify/Product/8995441705157","Shorts & Skirts","ტოპი White Spirit","Top White","თეთრი სავარჯიშო ტოპი, აქვს გუფკა.
მასალა: Spandex / Polyester","<p>Material: Spandex / Polyester</p>"
"gid://shopify/Product/8995441737925","Accessories","Headband","Headband","სპორტული აბადოკი",""
"gid://shopify/Product/8995441803461","Push-up Leggings | Shorts | Leggings","Push-up Shorts Blue Sky V","Push-up Shorts Blue Sky","სავარჯიშო Push-up შორტი ამოჭრილი წელით, იდეალურად კრავს ტანს და გამოკვეთს უკანალს.

მასალა: Spandex / Polyester","<p>Material: Spandex / Polyester</p>"
"gid://shopify/Product/8995441836229","Push-up Leggings | Shorts | Leggings","Push-up Shorts White V","Push-up Shorts White","თეთრი Push-up შორტი ამოჭრილი წელით, იდეალურად კრავს ტანს და გამოკვეთს უკანალს.

მასალა: Spandex / Polyester","<p>Material: Spandex / Polyester</p>"
"gid://shopify/Product/8995441868997","Push-up Leggings | Shorts | Leggings | Push-up Shorts","Push-up Shorts Black V","Push-up Shorts Black","სავარჯიშო Push-up შორტი ამოჭრილი წელით, იდეალურად კრავს ტანს და გამოკვეთს უკანალს.

მასალა: Spandex / Polyester","<p>Material: Spandex / Polyester</p>"
"gid://shopify/Product/8995441901765","Push-up Leggings | Leggings","Push-up Leggings Booty V Neon","Push-up Leggings Neon","Seamless Push-up leggings
• low V-shape at the back
• Contoured back waistband to enhance and flatter curves
• Scrunch detailing at the back for a sculpted look
• Seamless front for a smooth, clean appearance
• Full-length
Material and Care:
• 95% Nylon, 5% Spandex
• Incredibly soft and seamless, you’ll never want to take it off
• Handle with care when wearing and washing this delicate style","<p>Material: 95% Nylon / 5% Spandex</p><p>Feel: Soft, Seamless</p>"
"gid://shopify/Product/8995441967301","Shorts & Skirts","Sports Bra Whte Spirit","Sports Bra White","თეთრი ელასტიური სავარჯიშო ტოპი, აქვს გუფკა.
მასალა: Spandex / Polyester","<p>Material: Spandex / Polyester</p>"
"gid://shopify/Product/8995442000069","Shorts & Skirts | Clearance & Sale","Sports Bra Orange Podium","Sports Bra Orange","ნარინჯისფერი ელასტიური სავარჯიშო ტოპი, აქვს გუფკა.
მასალა: Spandex / Polyester","<p>Material: Spandex / Polyester</p>"
"gid://shopify/Product/8995442032837","Shorts & Skirts | Clearance & Sale","Sports Bra Blue Sky Podium","Sports Bra Blue Sky","ცისფერი ელასტიური სავარჯიშო ტოპი, აქვს გუფკა.
მასალა: Spandex / Polyester","<p>Material: Spandex / Polyester</p>"
"gid://shopify/Product/8995442065605","Shorts | Leggings","Shorts Black Classic","Shorts Black","შავი მაღალწელიანი შორტი, იდეალურად კრავს ტანს
მასალა: Spandex / Polyester","<p>Material: Spandex / Polyester</p>"
"gid://shopify/Product/8995442098373","Push-up Leggings | Leggings","Push-up Flared Leggings Black Podium","Push-up Flared Leggings Black","Flared Push-up Leggings for a chic and stylish fit
•High-waisted
•Scrunch bum
<strong>Material and care:</strong>
•78% Nylon, 22% Spandex
• For optimal care of this sportswear, follow the care label instructions and use the delicate cycle","<p>Material: 78% Nylon / 22% Spandex</p>"
"gid://shopify/Product/8995442196677","Shorts & Skirts","Crop Top Beige Verona","Crop Top Beige","ბეჟი ელასტიური სავარჯიშო მოკლე მაისური, აქვს გუფკა.
მასალა: Spandex / Polyester","<p>Material: Spandex / Polyester</p>"
"gid://shopify/Product/8995442229445","Shorts & Skirts","Sports Bra Khaki Active","Sports Bra Khaki","სავარჯიშო ტოპი,
*აქვს გუფკა
მასალა: Polyester/Nylon","<p>Material: Nylon / Polyester</p>"
"gid://shopify/Product/8995442262213","Shorts & Skirts","ტოპი Black Active","Top Black","სავარჯიშო ტოპი,
*აქვს გუფკა
მასალა: Polyester/Nylon","<p>Material: Nylon / Polyester</p>"
"gid://shopify/Product/8995442294981","Shorts & Skirts | Clearance & Sale","Sports Bra Burgundy Fox","Sports Bra Burgundy","ღია შინდისფერი ელასტიური ტოპი, აქვს გუფკა.მასალა: Spandex / Polyester","<p>Material: Spandex / Polyester</p>"
"gid://shopify/Product/8995442327749","Jumpsuits & Dresses | Push-up Leggings | Leggings","Push-up კომბინიზონი Black V","Push-up Jumpsuit Black","მოკლე Push-up სავარჯიშო კომბინიზონი
იდეალურად კრავს ტანს, ზედა ნაწილს აქვს მკერდის ღრუბელი.
მასალა: Polyester/Spandex","<p>Material: Spandex / Polyester</p>"
"gid://shopify/Product/8995442360517","Push-up Leggings | Leggings","Push-up Leggings Grey Vortex","Push-up Leggings Grey","Seamless Push-up leggings
• Scrunch bum
• Full-length leggings
• Invisible scrunch bum
•Booty contouring and enhancing

<strong>Material and Care:</strong>
• 90% Nylon, 10% Spandex
• Incredibly soft and seamless, you’ll never want to take it off
• Handle with care when wearing and washing this delicate style","<p>Material: 90% Nylon / 10% Spandex</p><p>Feel: Soft, Seamless</p>"
"gid://shopify/Product/8995442393285","Shorts & Skirts","Sports Bra Pink Free Size","Sports Bra Pink","ღია ვარდისფერი ელასტიური სავარჯიშო ტოპი, აქვს გუფკა.

მასალა: Spandex / Polyester","<p>Material: Spandex / Polyester</p>"
"gid://shopify/Product/8995442426053","Push-up Leggings | Leggings","Push-up Leggings Bomby Baby Blue","Push-up Leggings Baby Blue","Seamless Push-up leggings
• Full-length leggings
• Invisible scrunch bum
•Booty contouring and enhancing

<strong>Material and Care:</strong>
• 90% Nylon, 10% Spandex
• Incredibly soft and seamless, you’ll never want to take it off
• Handle with care when wearing and washing this delicate style","<p>Material: 90% Nylon / 10% Spandex</p><p>Feel: Soft, Seamless</p>"
"gid://shopify/Product/8995442491589","Jumpsuits & Dresses | Push-up Leggings | Clearance & Sale | Leggings","Push-up Jumpsuit Black Bomb","Push-up Jumpsuit Black","მოკლე Push-up სავარჯიშო კომბინიზონი
იდეალურად კრავს ტანს, ზედა ნაწილს აქვს მკერდის ღრუბელი.
მასალა: Polyester/Spandex","<p>Material: Spandex / Polyester</p>"
"gid://shopify/Product/8995442524357","Push-up Leggings | Leggings","Push-up Crossover Leggings Bomby Blue-Purple","Push-up Crossover Leggings Blue Purple","Push-up ელასტიკი წინ ამოჭრილი წელით, იდეალურად კრავს ტანს და კვეთს ფორმებს.

მასალა: Nylon/Polyester","<p>Material: Nylon / Polyester</p>"
"gid://shopify/Product/8995442557125","Jumpsuits & Dresses | Push-up Leggings | Leggings","Push-up კომბინიზონი Black Bomb","Push-up Jumpsuit Black","Push-Up Jumpsuit designed to enhance your curves and provide maximum support, offering a chic, sophisticated look.
• Built-in shelf bra with two layers and removable cups provides extra support
• Crossover straps at the back
•Invisible scrunch bum

<strong>Material and Care:</strong>
• 90% Nylon, 10% Spandex
• For optimal care of this sportswear, follow the care label instructions and use the delicate cycle.","<p>Material: 90% Nylon / 10% Spandex</p>"
"gid://shopify/Product/8995442622661","Shorts & Skirts | Clearance & Sale","Sports Bra Blue Run","Sports Bra Blue","ცისფერი ელასტიური სავარჯიშო ტოპი, აქვს გუფკა.
მასალა: Spandex / Polyester","<p>Material: Spandex / Polyester</p>"
"gid://shopify/Product/8995442655429","Shorts | Leggings","Shorts Barbie Pink Classic","Shorts Barbie Pink","ღია ვარდისფერი მაღალწელიანი შორტი, იდეალურად კრავს ტანს
მასალა: Spandex / Polyester","<p>Material: Spandex / Polyester</p>"
"gid://shopify/Product/8995442688197","Shorts & Skirts","Sports Bra Black Free Size","Sports Bra Black","შავი ელასტიური სავარჯიშო ტოპი ბრეტელებით, აქვს გუფკა.

მასალა: Spandex / Polyester","<p>Material: Spandex / Polyester</p>"
"gid://shopify/Product/8995442720965","Shorts & Skirts | Clearance & Sale","Sports Bra Black Free Size","Sports Bra Black","შავი ელასტიური სავარჯიშო ტოპი, აქვს გუფკა.

მასალა: Spandex / Polyester","<p>Material: Spandex / Polyester</p>"
"gid://shopify/Product/8995442819269","Shorts & Skirts","Sports Bra Black & White Free Size","Sports Bra Black & White","შავი ელასტიური სავარჯიშო ტოპი, აქვს გუფკა.

მასალა: Spandex / Polyester","<p>Material: Spandex / Polyester</p>"
"gid://shopify/Product/8995442852037","Shorts & Skirts","Sports Bra Black Classic","Sports Bra Black","სავარჯი ზედა, იდეალურად კრავს ტანს და კვეთს ფორმებს, არ ტოვებს ოფლის ლაქებს, ზედას აქვს გუფკა.

მასალა:  Polyester / Spandex","<p>Material: Spandex / Polyester</p>"
"gid://shopify/Product/8995442917573","Push-up Leggings | Leggings","Push-up Leggings Effect","Push-up Leggings","Seamless Push-up leggings
• Contoured back waistband to enhance and flatter curves
• Scrunch detailing at the back for a sculpted look
• Seamless front for a smooth, clean appearance
• Full-length
Material and Care:
• 90% Nylon, 10% Spandex
• Incredibly soft and seamless, you’ll never want to take it off
• Handle with care when wearing and washing this delicate style","<p>Material: 90% Nylon / 10% Spandex</p><p>Feel: Soft, Seamless</p>"
"gid://shopify/Product/8995442983109","Jumpsuits & Dresses | Push-up Leggings | Leggings","Push-up All In One Brown Bomb","Push-up Jumpsuit Brown","Push-Up Jumpsuit designed to enhance your curves and provide maximum support, offering a chic, sophisticated look.
• Built-in shelf bra with two layers and removable cups provides extra support
• Crossover straps at the back
•Invisible scrunch bum

<strong>Material and Care:</strong>
• 90% Nylon, 10% Spandex
• For optimal care of this sportswear, follow the care label instructions and use the delicate cycle.","<p>Material: 90% Nylon / 10% Spandex</p>"
"gid://shopify/Product/8995443015877","Shorts | Leggings | Classic Shorts","Shorts Olive Classic","Shorts Olive","• Shorts
•Booty contouring and enhancing

Material and Care:
• 75% Nylon, 25% Spandex
• Incredibly soft and seamless, you’ll never want to take it off
• Handle with care when wearing and washing this delicate style","<p>Material: 75% Nylon / 25% Spandex</p><p>Feel: Soft, Seamless</p>"
"gid://shopify/Product/8995443048645","Push-up Leggings | Leggings","Push-up Crossover Leggings Bomby Ivory","Push-up Crossover Leggings Ivory","Seamless Push-up leggings
• Full-length leggings
• Invisible scrunch bum
•Crisscross design at waist
•Booty contouring and enhancing

Material and Care:
• 90% Nylon, 10% Spandex
• Incredibly soft and seamless, you’ll never want to take it off
• Handle with care when wearing and washing this delicate style","<p>Material: 90% Nylon / 10% Spandex</p><p>Feel: Soft, Seamless</p>"
"gid://shopify/Product/8995443114181","Shorts","Shorts Black Classic V2","Shorts Black","შორტი , იდეალურად კრავს ტანს და კვეთს ფორმებს,

არ ტოვებს ოფლის ლაქებს

მასალა: Nylon / Spandex","<p>Material: Nylon / Spandex</p>"
"gid://shopify/Product/8995443146949","Shorts | Push-up Shorts | Classic Shorts","Shorts Brown Classic","Shorts Brown","მოკლე შორტი , იდეალურად კრავს ტანს და კვეთს ფორმებს,

არ ტოვებს ოფლის ლაქებს

მასალა: Nylon / Spandex","<p>Material: Nylon / Spandex</p>"
"gid://shopify/Product/8995443179717","Push-up Leggings | Shorts | Leggings","Push-up Shorts Black Marble","Push-up Shorts Black Marble","სავარჯიშო მაღალწელიანი Push-up შორტი, იდეალურად კრავს ტანს და გამოკვეთს უკანალს.

მასალა: Spandex / Polyester","<p>Material: Spandex / Polyester</p>"
"gid://shopify/Product/8995443212485","Push-up Leggings | Shorts | Leggings","Push-up Shorts Booty Dark Grey","Push-up Shorts Dark Grey","Seamless Push-up shorts
• Shorts
• Invisible scrunch bum
•Booty contouring and enhancing

Material and Care:
• 90% Nylon, 10% Spandex
• Incredibly soft and seamless, you’ll never want to take it off
• Handle with care when wearing and washing this delicate style","<p>Material: 90% Nylon / 10% Spandex</p><p>Feel: Soft, Seamless</p>"
"gid://shopify/Product/8995443245253","Push-up Leggings | Leggings","Push-up Leggings Beige Bomby","Push-up Leggings Beige","Seamless Push-up leggings
• Full-length leggings
• Invisible scrunch bum
•Booty contouring and enhancing

<strong>Material and Care:</strong>
• 90% Nylon, 10% Spandex
• Incredibly soft and seamless, you’ll never want to take it off
• Handle with care when wearing and washing this delicate style","<p>Material: 90% Nylon / 10% Spandex</p><p>Feel: Soft, Seamless</p>"
"gid://shopify/Product/8995443278021","Accessories","სავარჯიშო ჩანთა Grey Fit","Gym Bag Grey","სავარჯიშო ჩანთა ელვა შესაკრავით, არის წყალგამძლე, აქვს ცალკე სივრცე ფეხსაცმლის ჩასადებად.

ზომა: 47*26 (სმ.)",""
"gid://shopify/Product/8995443376325","Push-up Leggings | Leggings","Push-up Flared Leggings Khaki Podium","Push-up Flared Leggings Khaki","Flared Push-up Leggings for a chic and stylish fit
•High-waisted
•Scrunch bum
<strong>Material and care:</strong>
•78% Nylon, 22% Spandex
• For optimal care of this sportswear, follow the care label instructions and use the delicate cycle","<p>Material: 78% Nylon / 22% Spandex</p>"
"gid://shopify/Product/8995443409093","Push-up Leggings | Leggings","Push-up Flared Leggings Brown Podium","Push-up Flared Leggings Brown","Flared Push-up Leggings for a chic and stylish fit
•High-waisted
•Scrunch bum
<strong>Material and care:</strong>
•78% Nylon, 22% Spandex
• For optimal care of this sportswear, follow the care label instructions and use the delicate cycle","<p>Material: 78% Nylon / 22% Spandex</p>"
"gid://shopify/Product/8995443474629","Shorts & Skirts | Clearance & Sale","Sports Bra Black Fox","Sports Bra Black","ელასტიური ტოპი, აქვს გუფკა.მასალა: Spandex / Polyester","<p>Material: Spandex / Polyester</p>"
"gid://shopify/Product/8995443507397","Push-up Leggings | Leggings","Push-up Leggings Blue Sky Vortex","Push-up Leggings Blue Sky","Seamless Push-up leggings
• Scrunch bum
• Full-length leggings
• Invisible scrunch bum
•Booty contouring and enhancing

<strong>Material and Care:</strong>
• 90% Nylon, 10% Spandex
• Incredibly soft and seamless, you’ll never want to take it off
• Handle with care when wearing and washing this delicate style","<p>Material: 90% Nylon / 10% Spandex</p><p>Feel: Soft, Seamless</p>"
"gid://shopify/Product/8995443572933","Push-up Leggings | Shorts | Leggings","Push-up Shorts Bomby Brown","Push-up Shorts Brown","Push-up შორტი , იდეალურად კრავს ტანს და კვეთს ფორმებს,

არ ტოვებს ოფლის ლაქებს

მასალა: Nylon / Spandex","<p>Material: Nylon / Spandex</p>"
"gid://shopify/Product/8995443704005","Push-up Leggings | Leggings","Push-up Leggings Navy Vortex","Push-up Leggings Navy","Seamless Push-up leggings
• Scrunch bum
• Full-length leggings
• Invisible scrunch bum
•Booty contouring and enhancing

<strong>Material and Care:</strong>
• 90% Nylon, 10% Spandex
• Incredibly soft and seamless, you’ll never want to take it off
• Handle with care when wearing and washing this delicate style","<p>Material: 90% Nylon / 10% Spandex</p><p>Feel: Soft, Seamless</p>"
"gid://shopify/Product/8995443769541","Push-up Leggings | Leggings","Push-up Leggings Dark Leopard","Push-up Leggings Dark Leopard","სავარჯიშო Push-up  ელასტიკი ლეოპარდის პრინტით, იდეალურად კრავს ტანს და კვეთს ფორმებს.

მასალა:  Polyester / Spandex","<p>Material: Spandex / Polyester</p>"
"gid://shopify/Product/8995443835077","Push-up Leggings | Leggings","Push-up Crossover Leggings Bomby Light Grey","Push-up Crossover Leggings Light Grey","Push-up ელასტიკი წინ ამოჭრილი წელით, იდეალურად კრავს ტანს და კვეთს ფორმებს.

მასალა: Nylon/Polyester","<p>Material: Nylon / Polyester</p>"
"gid://shopify/Product/8995443900613","Shorts & Skirts","Sports Bra White Free Size","Sports Bra White","თეთრი ელასტიური სავარჯიშო ტოპი ბრეტელებით, აქვს გუფკა.

მასალა: Spandex / Polyester","<p>Material: Spandex / Polyester</p>"
"gid://shopify/Product/8995443933381","Push-up Leggings | Shorts | Leggings","Push-up Shorts Bomby Beige","Push-up Shorts Beige","Seamless Push-up Shorts
• Bike Shorts
• Invisible scrunch bum
•Booty contouring and enhancing

<strong>Material and Care:</strong>
• 90% Nylon, 10% Spandex
• Incredibly soft and seamless, you’ll never want to take it off
• Handle with care when wearing and washing this delicate style","<p>Material: 90% Nylon / 10% Spandex</p><p>Feel: Soft, Seamless</p>"
"gid://shopify/Product/8995443966149","Push-up Leggings | Leggings","Push-up Leggings Black Bomb","Push-up Leggings Black","Seamless Push-up leggings
• Full-length leggings
• Invisible scrunch bum
•Booty contouring and enhancing

<strong>Material and Care:</strong>
• 90% Nylon, 10% Spandex
• Incredibly soft and seamless, you’ll never want to take it off
• Handle with care when wearing and washing this delicate style","<p>Material: 90% Nylon / 10% Spandex</p><p>Feel: Soft, Seamless</p>"
"gid://shopify/Product/8995443998917","Shorts & Skirts | Tops | Sports Bras & Tops","Sports Bra Royal Blue Butterfly","Sports Bra Royal Blue Butterfly","ლერჯი ელასტიური სავარჯიშო ტოპი, აქვს გუფკა.
მასალა: Spandex / Polyester","<p>Material: Spandex / Polyester</p>"
"gid://shopify/Product/8995444031685","Shorts & Skirts | Clearance & Sale | Tops | Sports Bras & Tops","Sports Bra Blue Sky Butterfly","Sports Bra Blue Sky Butterfly","ცისფერი ელასტიური სავარჯიშო ტოპი, აქვს გუფკა.
მასალა: Spandex / Polyester","<p>Material: Spandex / Polyester</p>"
"gid://shopify/Product/8995444129989","Shorts & Skirts | Tops | Sports Bras & Tops","Sports Bra Emerald Melody","Sports Bra Emerald","ელასტიური ზედა, იდეალურად კრავს ტანს და კვეთს ფორმებს,

აქვს გუფკა

მასალა: Nylon / Spandex","<p>Material: Nylon / Spandex</p>"
"gid://shopify/Product/8995444162757","Shorts & Skirts","Top Pistachio Desire","Top Pistachio","<span data-sheets-root=""1"">90% nylon/10% spandex</span>","<p>Material: 90% Nylon / 10% Spandex</p>"
"gid://shopify/Product/8995444228293","Push-up Leggings | Leggings","Push-up Leggings Bomby Dark Khaki","Push-up Leggings Dark Khaki","სავარჯიშო მაღალწელიანი Push-up ელასტიკი, იდეალურად კრავს ტანს და გამოკვეთს უკანალს.

მასალა: Spandex / Polyester

 ","<p>Material: Spandex / Polyester</p>"
"gid://shopify/Product/8995444261061","Shorts & Skirts","Zip Jacket Black Ziper V1","Zip Jacket Black","გრძელმკლავიანი ზედა ელვა შესაკრავით, იდეალურად კრავს ტანს და კვეთს ფორმებს.

არ ტოვებს ოფლის ლაქებს

მასალა: Nylon / Spandex","<p>Material: Nylon / Spandex</p>"
"gid://shopify/Product/8995444293829","Leggings","Leggings Dark Grey Classic","Leggings Dark Grey","შავი სავარჯიშო მაღალწელიანი ელასტიკი, იდეალურად კრავს ტანს და გამოკვეთს უკანალს.

მასალა: Spandex / Polyester","<p>Material: Spandex / Polyester</p>"
"gid://shopify/Product/8995444359365","Push-up Leggings | Clearance & Sale | Leggings","Push-up Leggings Colorful Leopard","Push-up Leggings Colorful Leopard","Seamless Push-up leggings
• Full-length leggings
• Invisible scrunch bum
•Booty contouring and enhancing
•Mesh cutouts at bottom

Material and Care:
• 90% Nylon, 10% Spandex
• Incredibly soft and seamless, you’ll never want to take it off
• Handle with care when wearing and washing this delicate style","<p>Material: 90% Nylon / 10% Spandex</p><p>Feel: Soft, Seamless</p>"
"gid://shopify/Product/8995444392133","Jumpsuits & Dresses | Push-up Leggings | Leggings","Push-up Jumpsuit Dark Grey Victory","Push-up Jumpsuit Dark Grey","Push-Up Jumpsuit designed to enhance your curves and provide maximum support, offering a chic, sophisticated look.
• Built-in shelf bra with two layers and removable cups provides extra support
•Invisible scrunch bum

<strong>Material and Care:</strong>
• 90% Nylon, 10% Spandex
• For optimal care of this sportswear, follow the care label instructions and use the delicate cycle.","<p>Material: 90% Nylon / 10% Spandex</p>"
"gid://shopify/Product/8995444424901","Workout Sets","Classic Set Black Dry Fit","Classic Set Black","შავი სავარჯიშო მაღალწელიანი ორეული ელვიანი ზედით, იდეალურად კრავს ტანს და გამოკვეთს ფორმებს.

წელვადი, არ ლანდავს.

მასალა: Spandex / Polyester","<p>Material: Spandex / Polyester</p>"
"gid://shopify/Product/8995444490437","Workout Sets | Push-up Leggings | Leggings","Push-up Set Black V","Push-up Set Black","შავი სავარჯიშო მაღალწელიანი Push-up ორეული, იდეალურად კრავს ტანს და გამოკვეთს უკანალს.

წელვადი, არ ლანდავს.

მასალა: Spandex / Polyester","<p>Material: Spandex / Polyester</p>"
"gid://shopify/Product/8995444523205","Jumpsuits & Dresses | Push-up Leggings | Clearance & Sale | Leggings","Push-up Jumpsuit  Black Core","Push-up Jumpsuit Black","შავი სავარჯიშო Push-up  კომბინიზონი, აქვს გუფკა.
იდეალურად კრავს ტანს და ვიზუალურად ახდუნებს.
მასალა: Polyester","<p>Material: Polyester</p>"
"gid://shopify/Product/8995444588741","Workout Sets | Push-up Leggings | Leggings","Push-up Set Black Podium","Push-up Set Black","Set with Flared Push-up Set for a chic and stylish fit
•High-waisted
•Scrunch bum
<strong>Material and care:</strong>
•78% Nylon, 22% Spandex
• For optimal care of this sportswear, follow the care label instructions and use the delicate cycle","<p>Material: 78% Nylon / 22% Spandex</p>"
"gid://shopify/Product/8995444621509","Jumpsuits & Dresses | Push-up Leggings | Leggings","Push-up Jumpsuit Black Podium","Push-up Jumpsuit Black","Flared Push-Up Jumpsuit designed to enhance your curves and provide maximum support, offering a chic, sophisticated look.
• Built-in shelf bra with two layers and removable cups provides extra support
•Long Sleeve
•Invisible scrunch bum

<strong>Material and Care:</strong>
• 90% Nylon, 10% Spandex
• For optimal care of this sportswear, follow the care label instructions and use the delicate cycle.","<p>Material: 90% Nylon / 10% Spandex</p>"
"gid://shopify/Product/8995444687045","Workout Sets","Set Black Opium","Workout Set Black","შავი ორეული გრძელმლავიანი მოკლე ზედით, იდეალურად კრავს ტანს და კვეთს ფორმებს, არ ტოვებს ოფლის ლაქებს, *ზედას აქვს ღრუბელი.

მასალა:  Polyester / Spandex","<p>Material: Spandex / Polyester</p>"
"gid://shopify/Product/8995444719813","Workout Sets","Set Brown Opium","Workout Set Brown","შავი ორეული გრძელმლავიანი მოკლე ზედით, იდეალურად კრავს ტანს და კვეთს ფორმებს, არ ტოვებს ოფლის ლაქებს, *ზედას აქვს ღრუბელი.

მასალა:  Polyester / Spandex","<p>Material: Spandex / Polyester</p>"
"gid://shopify/Product/8995444785349","Workout Sets","Set Beige Opium","Workout Set Beige","ბეჟი ორეული გრძელმლავიანი მოკლე ზედით, იდეალურად კრავს ტანს და კვეთს ფორმებს, არ ტოვებს ოფლის ლაქებს, *ზედას აქვს ღრუბელი.

მასალა:  Polyester / Spandex","<p>Material: Spandex / Polyester</p>"
"gid://shopify/Product/8995444850885","Shorts & Skirts","Crop Top White Opium","Crop Top White","სავარჯიშო ზედა, იდეალურად კრავს ტანს და კვეთს ფორმებს, არ ტოვებს ოფლის ლაქებს.

*აქვს გუფკა

მასალა: Polyester/Spandex","<p>Material: Spandex / Polyester</p>"
"gid://shopify/Product/8995444883653","Push-up Leggings | Leggings","Invisible Push-up Leggings Black Move","Push-up Leggings Black","Seamless Push-up leggings
• Full-length leggings
• Invisible scrunch bum
•Booty contouring and enhancing
•Mesh cutouts at bottom

Material and Care:
• 90% Nylon, 10% Spandex
• Incredibly soft and seamless, you’ll never want to take it off
• Handle with care when wearing and washing this delicate style","<p>Material: 90% Nylon / 10% Spandex</p><p>Feel: Soft, Seamless</p>"
"gid://shopify/Product/8995444916421","Shorts & Skirts","Crop Top Red Opium","Crop Top Red","წითელი სავარჯიშო ზედა, იდეალურად კრავს ტანს და კვეთს ფორმებს, არ ტოვებს ოფლის ლაქებს.

*აქვს გუფკა

მასალა: Polyester/Spandex","<p>Material: Spandex / Polyester</p>"
"gid://shopify/Product/8995444949189","Shorts & Skirts","Crop Top Black Opium","Crop Top Black","სავარჯიშო ზედა, იდეალურად კრავს ტანს და კვეთს ფორმებს, არ ტოვებს ოფლის ლაქებს.

*აქვს გუფკა

მასალა: Polyester/Spandex","<p>Material: Spandex / Polyester</p>"
"gid://shopify/Product/8995445014725","Jumpsuits & Dresses | Push-up Leggings | Clearance & Sale | Leggings","Push-up Jumpsuit Leopard","Push-up Jumpsuit Leopard","Push-Up Jumpsuit designed to enhance your curves and provide maximum support, offering a chic, sophisticated look.
• Built-in shelf bra with two layers and removable cups provides extra support
•Scrunch bum

<strong>Material and Care:</strong>
• 90% Nylon, 10% Spandex
• For optimal care of this sportswear, follow the care label instructions and use the delicate cycle.","<p>Material: 90% Nylon / 10% Spandex</p>"
"gid://shopify/Product/8995445047493","Jumpsuits & Dresses | Push-up Leggings | Clearance & Sale | Leggings","Push-up Jumpsuit Black Burn","Push-up Jumpsuit Black","Push-Up Jumpsuit designed to enhance your curves and provide maximum support, offering a chic, sophisticated look.
• Built-in shelf bra with two layers and removable cups provides extra support
•Long Sleeve
•Invisible scrunch bum

<strong>Material and Care:</strong>
• 90% Nylon, 10% Spandex
• For optimal care of this sportswear, follow the care label instructions and use the delicate cycle.","<p>Material: 90% Nylon / 10% Spandex</p>"
"gid://shopify/Product/8995445080261","Workout Sets | Push-up Leggings | Leggings","Push-up Set 3 in 1 Navy Momentum","Push-up Set Navy","სავარჯიშო Push-up სამეული, იდეალურად კრავს ტანს და კვეთს ფორმებს, არ ტოვებს ოფლის ლაქებს, ზედა ტოპს აქვს გუფკა, მოყვება მოსაცმელი.

მასალა:  Polyester / Spandex","<p>Material: Spandex / Polyester</p>"
"gid://shopify/Product/8995445113029","Workout Sets | Push-up Leggings | Leggings","Push-up Set 3 in 1 Black Momentum","Push-up Set Black","სავარჯიშო Push-up სამეული, იდეალურად კრავს ტანს და კვეთს ფორმებს, არ ტოვებს ოფლის ლაქებს, ზედა ტოპს აქვს გუფკა, მოყვება მოსაცმელი.

მასალა:  Polyester / Spandex","<p>Material: Spandex / Polyester</p>"
"gid://shopify/Product/8995445145797","Jumpsuits & Dresses","Jumpsuit Navy Stronger","Jumpsuit Navy","",""
"gid://shopify/Product/8995445178565","Jumpsuits & Dresses | Clearance & Sale","Jumpsuit Brown Stronger","Jumpsuit Brown","ყავისფერი სავარჯიშო კომბინიზონი, აქვს გუფკა.
იდეალურად კრავს ტანს და ვიზუალურად ახდუნებს.
მასალა: Polyester","<p>Material: Polyester</p>"
"gid://shopify/Product/8995445211333","Workout Sets | Push-up Leggings | Leggings","Push-up Set White Leopard","Push-up Set White Leopard","თეთრი სავარჯიშო Push-up კომპლექტი ლეოპარდის პრინტით, იდეალურად კრავს ტანს და კვეთს ფორმებს, არ ტოვებს ოფლის ლაქებს, ზედას აქვს გუფკა.

მასალა:  Polyester / Spandex","<p>Material: Spandex / Polyester</p>"
"gid://shopify/Product/8995445244101","Workout Sets | Push-up Leggings | Leggings","Push-up Set Pink Classic","Push-up Set Pink","სავარჯიშო Push-up კომპლექტი, იდეალურად კრავს ტანს და კვეთს ფორმებს, არ ტოვებს ოფლის ლაქებს, ზედას აქვს გუფკა.

მასალა:  Polyester / Spandex","<p>Material: Spandex / Polyester</p>"
"gid://shopify/Product/8995445276869","Shorts & Skirts","Long Sleeve Crop Top Pink Classic","Long Sleeve Crop Top Pink","გრზელმკლავიანი სავარჯიშო ზედა, იდეალურად კრავს ტანს და კვეთს ფორმებს, არ ტოვებს ოფლის ლაქებს.

*აქვს  ღრუბელი

მასალა: Polyester/Spandex","<p>Material: Spandex / Polyester</p>"
"gid://shopify/Product/8995445309637","Workout Sets | Push-up Leggings | Clearance & Sale | Leggings","Push-up Set Green Leopard","Push-up Set Green Leopard","სავარჯიშო Push-up კომპლექტი ლეოპარდის პრინტით, იდეალურად კრავს ტანს და კვეთს ფორმებს, არ ტოვებს ოფლის ლაქებს, ზედას აქვს გუფკა.

მასალა:  Polyester / Spandex","<p>Material: Spandex / Polyester</p>"
"gid://shopify/Product/8995445375173","Leggings","Leggings Black Power","Leggings Black","შავი სავარჯიშო ელასტიკი, იდეალურად კრავს ტანს და გამოკვეთს უკანალს.

მასალა: Spandex / Polyester","<p>Material: Spandex / Polyester</p>"
"gid://shopify/Product/8995445407941","Shorts & Skirts","Pullover Black Boost","Pullover Black","გრძელმკლავიანი ზედა ელვა შესაკრავით, იდეალურად კრავს ტანს და კვეთს ფორმებს.

არ ტოვებს ოფლის ლაქებს

მასალა: Nylon / Spandex","<p>Material: Nylon / Spandex</p>"
"gid://shopify/Product/8995445440709","Jumpsuits & Dresses | Push-up Leggings | Leggings","Push-up Jumpsuit Black Jump","Push-up Jumpsuit Black","შავი სავარჯიშო Push-up  კომბინიზონი, აქვს გუფკა.
იდეალურად კრავს ტანს და ვიზუალურად ახდუნებს.
მასალა: Polyester","<p>Material: Polyester</p>"
"gid://shopify/Product/8995445473477","Workout Sets | Clearance & Sale","Set Black Glow","Workout Set Black","ელასტიური კომპლექტი, იდეალურად კრავს ტანს და კვეთს ფორმებს,

არ ტოვებს ოფლის ლაქებს

ტოპს აქვს გუფკა*

მასალა: Nylon / Spandex","<p>Material: Nylon / Spandex</p>"
"gid://shopify/Product/8995445539013","Push-up Leggings | Leggings","Push-up Leggings Neon V","Push-up Leggings Neon","Seamless Push-up leggings
• low V-shape at the back
• Contoured back waistband to enhance and flatter curves
• Scrunch detailing at the back for a sculpted look
• Seamless front for a smooth, clean appearance
• Full-length
Material and Care:
• 95% Nylon, 5% Spandex
• Incredibly soft and seamless, you’ll never want to take it off
• Handle with care when wearing and washing this delicate style","<p>Material: 95% Nylon / 5% Spandex</p><p>Feel: Soft, Seamless</p>"
"gid://shopify/Product/8995445571781","Shorts & Skirts"," Crop Top Black Gun","Crop Top Black","სავარჯიშო მოკლე მაისური,
*გუფკის გარეშე
არ ტოვებს ოფლის ლაქებს
მასალა: Spandex / Polyester","<p>Material: Spandex / Polyester</p>"
"gid://shopify/Product/8995445604549","Push-up Leggings | Leggings","Push-up Leggings Black V","Push-up Leggings Black","Seamless Push-up leggings
• low V-shape at the back
• Contoured back waistband to enhance and flatter curves
• Scrunch detailing at the back for a sculpted look
• Seamless front for a smooth, clean appearance
• Full-length
Material and Care:
• 95% Nylon, 5% Spandex
• Incredibly soft and seamless, you’ll never want to take it off
• Handle with care when wearing and washing this delicate style","<p>Material: 95% Nylon / 5% Spandex</p><p>Feel: Soft, Seamless</p>"
"gid://shopify/Product/8995445637317","Shorts & Skirts | Tops | Sports Bras & Tops","Sports Bra White Butterfly","Sports Bra White Butterfly","ელასტიური სავარჯიშო ტოპი, აქვს გუფკა.
მასალა: Spandex / Polyester","<p>Material: Spandex / Polyester</p>"
"gid://shopify/Product/8995445702853","Shorts & Skirts","Crop Top Black Drive","Crop Top Black","შავი ელასტიური სავარჯიშო ტოპი, აქვს გუფკა.
მასალა: Spandex / Polyester","<p>Material: Spandex / Polyester</p>"
"gid://shopify/Product/8995445735621","Jumpsuits & Dresses | Push-up Leggings | Clearance & Sale | Leggings","Push-up Jumpsuit Black Rush","Push-up Jumpsuit Black","შავი სავარჯიშო კომბინიზონი, აქვს გუფკა.
იდეალურად კრავს ტანს და ვიზუალურად ახდუნებს.
მასალა: Polyester","<p>Material: Polyester</p>"
"gid://shopify/Product/8995445768389","Shorts & Skirts | Tops | T-Shirts & Jackets","T-shirt Black Lift","T-Shirt Black","შავი გრძელი სავარჯიშო მაისური, მკერდზე არ აქვს ღრუბელი*
მასალა: Spandex / Polyester","<p>Material: Spandex / Polyester</p>"
"gid://shopify/Product/8995445801157","Workout Sets | Classic Leggings Sets","Seamless Set Black Mesh","Seamless Set Black Mesh","შავი უნაკერი კომპლექტი, იდეალურად კრავს ტანს და კვეთს ფორმებს,

არ ტოვებს ოფლის ლაქებს და ვიზუალურად ახდუნებს.

მასალა: Nylon / Spandex","<p>Material: Nylon / Spandex</p><p>Feel: Seamless</p>"
"gid://shopify/Product/8995445833925","Shorts & Skirts | Long Sleeve Tops","Long Sleeve Top Grey Vortex","Long Sleeve Crop Top Grey","გრძელმკლავიანი უნაკერო ზედა, იდეალურად კრავს ტანს და კვეთს ფორმებს,

არ ტოვებს ოფლის ლაქებს

მასალა: Nylon / Spandex","<p>Material: Nylon / Spandex</p><p>Feel: Seamless</p>"
"gid://shopify/Product/8995445866693","Push-up Leggings | Leggings","Push-up Crossover Leggings Black V","Push-up Crossover Leggings Black","შავი Push-up ელასტიკი, იდეალურად კრავს ტანს და კვეთს ფორმებს.

მასალა: Nylon/Polyester","<p>Material: Nylon / Polyester</p>"
"gid://shopify/Product/8995445899461","Workout Sets | Push-up Leggings | Leggings","Set Black Butterfly","Workout Set Black Butterfly","ელასტიური კომპლექტი, იდეალურად კრავს ტანს და კვეთს ფორმებს,

ზედას აქვს ღრუბელი, ლეგინსი არის Invisible Push-up ეფექტით

არ ტოვებს ოფლის ლაქებს

მასალა: Nylon / Spandex","<p>Material: Nylon / Spandex</p>"
"gid://shopify/Product/8995445932229","Shorts & Skirts","Crop Long Sleeve Top White Strike","Long Sleeve Crop Top White","სავარჯიშო თეთრი ზედა, იდეალურად კრავს ტანს და კვეთს ფორმებს, არ ტოვებს ოფლის ლაქებს.

*აქვს გუფკა

მასალა: Polyester/Spandex","<p>Material: Spandex / Polyester</p>"
"gid://shopify/Product/8995445964997","Shorts & Skirts","Long Sleeve Brown Opium","Shorts & Skirts Brown","გრძელმკლავიანი ზედა, აქვს ღრუბელი, არ ტოვებს ოფლის ლაქებს

მასალა: Nylon / Spandex","<p>Material: Nylon / Spandex</p>"
"gid://shopify/Product/8995445997765","Workout Sets","Classic Set Navy Dry Fit","Classic Set Navy","მუქი ლურჯი სავარჯიშო ორეული ელვიანი ზედით, იდეალურად კრავს ტანს და გამოკვეთს ფორმებს.

წელვადი, არ ლანდავს.

მასალა: Spandex / Polyester","<p>Material: Spandex / Polyester</p>"
"gid://shopify/Product/8995446030533","Workout Sets | Push-up Leggings | Leggings","Push-up Set Barbie Cosmo","Push-up Set Barbie","ღია ვარდისფერი Push-up ორეული, იდეალურად კრავს ტანს
წელვადი, არ ლანდავს.

ზედას არ აქვს ღრუბელი*

მასალა: Spandex / Polyester","<p>Material: Spandex / Polyester</p>"
"gid://shopify/Product/8995446063301","Shorts & Skirts","T-Shirt Black Dry Fit","T-Shirt Black","სავაჯიშო მაისური, არ აქვს გუფკა.
მასალა: Spandex / Polyester","<p>Material: Spandex / Polyester</p>"
"gid://shopify/Product/8995446096069","Shorts & Skirts","Crop Top Pink Classic","Crop Top Pink","სავაჯიშო მოკლე მაისური, არ აქვს გუფკა.
მასალა: Spandex / Polyester","<p>Material: Spandex / Polyester</p>"
"gid://shopify/Product/8995446128837","Shorts & Skirts","Zip Jacket Baby Pink Ziper V1","Zip Jacket Baby Pink","გრძელმკლავიანი ზედა ელვა შესაკრავით, იდეალურად კრავს ტანს და კვეთს ფორმებს.

არ ტოვებს ოფლის ლაქებს

მასალა: Nylon / Spandex","<p>Material: Nylon / Spandex</p>"
"gid://shopify/Product/8995446161605","Workout Sets | Push-up Leggings | Leggings","Push-up Set Dark V","Push-up Set Dark","სავარჯიშო Push-up ორეული, იდეალურად კრავს ტანს და გამოკვეთს უკანალს.

წელვადი, არ ლანდავს.

მასალა: Spandex / Polyester","<p>Material: Spandex / Polyester</p>"
"gid://shopify/Product/8995446194373","Workout Sets | Push-up Leggings | Clearance & Sale | Leggings","Push-up Set Purple Vortex","Push-up Set Purple","სავარჯიშო მაღალწელიანი Push-up ორეული, იდეალურად კრავს ტანს და გამოკვეთს უკანალს.
წელვადი, არ ლანდავს.

მასალა: Spandex / Polyester","<p>Material: Spandex / Polyester</p>"
"gid://shopify/Product/8995446259909","Shorts & Skirts","Crop Long Sleeve Top Beige Aura","Long Sleeve Crop Top Beige","სავარჯიშო ზედა, იდეალურად კრავს ტანს და კვეთს ფორმებს, არ ტოვებს ოფლის ლაქებს.

*აქვს გუფკა

მასალა: Polyester/Spandex","<p>Material: Spandex / Polyester</p>"
"gid://shopify/Product/8995446292677","Shorts & Skirts | Clearance & Sale | Tops | Sports Bras & Tops","Sports Bra Brown Podium","Sports Bra Brown","ელასტიური ტოპი, იდეალურად კრავს ტანს და კვეთს ფორმებს, არ ტოვებს ოფლის ლაქებს
*ტოპი არის გუფკით მასალა: Nylon / Spandex","<p>Material: Nylon / Spandex</p>"
"gid://shopify/Product/8995446325445","Workout Sets | Push-up Leggings | Leggings","Push-up Set 3 in 1 Burgundy Momentum","Push-up Set Burgundy","სავარჯიშო Push-up სამეული, იდეალურად კრავს ტანს და კვეთს ფორმებს, არ ტოვებს ოფლის ლაქებს, ზედა ტოპს აქვს გუფკა, მოყვება მოსაცმელი.

მასალა:  Polyester / Spandex","<p>Material: Spandex / Polyester</p>"
"gid://shopify/Product/8995446358213","Shorts & Skirts","Crop Top Red Drive","Crop Top Red","წითელი სავარჯიშო ტოპი, აქვს გუფკა.
მასალა: Spandex / Polyester","<p>Material: Spandex / Polyester</p>"
"gid://shopify/Product/8995446390981","Workout Sets | Push-up Leggings | Leggings","Push-up Set 3 in 1 Grey Momentum","Push-up Set Grey","სავარჯიშო Push-up სამეული, იდეალურად კრავს ტანს და კვეთს ფორმებს, არ ტოვებს ოფლის ლაქებს, ზედა ტოპს აქვს გუფკა, მოყვება მოსაცმელი.

მასალა:  Polyester / Spandex","<p>Material: Spandex / Polyester</p>"
"gid://shopify/Product/8995446423749","Leggings"," Seamless Leggings Black Flow","Seamless Leggings Black","შავი უნაკერო ელასტიკი, იდეალურად კრავს ტანს და გამოკვეთს ფორმებს. მასალა: Nylon/Spandex","<p>Material: Nylon / Spandex</p><p>Feel: Seamless</p>"
"gid://shopify/Product/8995446456517","Shorts & Skirts","Crop Top Brown Shadow","Crop Top Brown","მოკლემკლავიანი ტოპი, იდეალურად კრავს ტანს და კვეთს ფორმებს, არ ტოვებს ოფლის ლაქებს
*ტოპი არის გუფკით  მასალა: Nylon / Spandex","<p>Material: Nylon / Spandex</p>"
"gid://shopify/Product/8995446489285","Shorts & Skirts","T-shirt Dark Green Lift","T-Shirt Dark Green","მუქი მწვანე გრძელი სავარჯიშო მაისური, მკერდზე არ აქვს ღრუბელი*
მასალა: Spandex / Polyester","<p>Material: Spandex / Polyester</p>"
"gid://shopify/Product/8995446522053","Shorts & Skirts","Fleece Jacket Beige Bear","Fleece Jacket Beige","გრძელმკლავიანი დათბილული შემოსაცმელი  ელვა შესაკრავით

მასალა: Nylon / Spandex","<p>Material: Nylon / Spandex</p>"
"gid://shopify/Product/8995446554821","Workout Sets | Clearance & Sale","Set Brown Glow","Workout Set Brown","ელასტიური კომპლექტი, იდეალურად კრავს ტანს და კვეთს ფორმებს,

არ ტოვებს ოფლის ლაქებს

ტოპს აქვს გუფკა*

მასალა: Nylon / Spandex","<p>Material: Nylon / Spandex</p>"
"gid://shopify/Product/8995446587589","Shorts & Skirts","Fleece Jacket Grey Bear","Fleece Jacket Grey","გრძელმკლავიანი დათბილული შემოსაცმელი  ელვა შესაკრავით

მასალა: Nylon / Spandex","<p>Material: Nylon / Spandex</p>"
"gid://shopify/Product/8995446620357","Workout Sets","Set Navy Glow","Workout Set Navy","ელასტიური კომპლექტი, იდეალურად კრავს ტანს და კვეთს ფორმებს,

არ ტოვებს ოფლის ლაქებს

ტოპს აქვს გუფკა*

მასალა: Nylon / Spandex","<p>Material: Nylon / Spandex</p>"
"gid://shopify/Product/8995446718661","Shorts & Skirts","Fleece Jacket Black Bear","Fleece Jacket Black","გრძელმკლავიანი დათბილული შემოსაცმელი  ელვა შესაკრავით

მასალა: Nylon / Spandex","<p>Material: Nylon / Spandex</p>"
"gid://shopify/Product/8995446882501","Jumpsuits & Dresses | Push-up Leggings | Clearance & Sale | Leggings","Push-up Jumpsuit Navy Burn","Push-up Jumpsuit Navy","Push-Up Jumpsuit designed to enhance your curves and provide maximum support, offering a chic, sophisticated look.
• Built-in shelf bra with two layers and removable cups provides extra support
•Long Sleeve
•Invisible scrunch bum

<strong>Material and Care:</strong>
• 90% Nylon, 10% Spandex
• For optimal care of this sportswear, follow the care label instructions and use the delicate cycle.","<p>Material: 90% Nylon / 10% Spandex</p>"
"gid://shopify/Product/8995446980805","Shorts & Skirts","T-Shirt White Dry Fit","T-Shirt White","თეთრი ელასტიური სავარჯიშო მაისური, არ აქვს ღრუბელი
მასალა: Spandex / Polyester","<p>Material: Spandex / Polyester</p>"
"gid://shopify/Product/8995447210181","Jumpsuits & Dresses","Jumpsuit Pink Stronger","Jumpsuit Pink","",""
"gid://shopify/Product/8995447341253","Clearance & Sale | Leggings"," Seamless Leggings Khaki Flow","Seamless Leggings Khaki","უნაკერო ელასტიკი, იდეალურად კრავს ტანს და გამოკვეთს ფორმებს. მასალა: Nylon/Spandex","<p>Material: Nylon / Spandex</p><p>Feel: Seamless</p>"
"gid://shopify/Product/8995447374021","Push-up Leggings | Leggings","Push-up Leggings Purple V","Push-up Leggings Purple","სავარჯიშო მაღალწელიანი Push-up ლეგინსი , იდეალურად კრავს ტანს და გამოკვეთს უკანალს.
წელვადი, არ ლანდავს.

მასალა: Spandex / Polyester","<p>Material: Spandex / Polyester</p>"
"gid://shopify/Product/8995447439557","Workout Sets | Push-up Leggings | Leggings","Push-up Set Brown Butterfly","Push-up Set Brown Butterfly","<p style=""text-align: right;"">ელასტიური კომპლექტი, იდეალურად კრავს ტანს და კვეთს ფორმებს,</p>
ზედას აქვს ღრუბელი, ლეგინსი არის Invisible Push-up ეფექტით

არ ტოვებს ოფლის ლაქებს

მასალა: Nylon / Spandex","<p>Material: Nylon / Spandex</p>"
"gid://shopify/Product/8995447505093","Jumpsuits & Dresses | Push-up Leggings | Leggings","Push-up Jumpsuit Dark Brown Victory","Push-up Jumpsuit Dark Brown","Push-Up Jumpsuit designed to enhance your curves and provide maximum support, offering a chic, sophisticated look.
• Built-in shelf bra with two layers and removable cups provides extra support
•Invisible scrunch bum

<strong>Material and Care:</strong>
• 90% Nylon, 10% Spandex
• For optimal care of this sportswear, follow the care label instructions and use the delicate cycle.","<p>Material: 90% Nylon / 10% Spandex</p>"
"gid://shopify/Product/8995447603397","Jumpsuits & Dresses | Push-up Leggings | Leggings","Push-up Jumpsuit Dark Brown Jump","Push-up Jumpsuit Dark Brown","Push-Up Jumpsuit designed to enhance your curves and provide maximum support, offering a chic, sophisticated look.
• Built-in shelf bra with two layers and removable cups provides extra support
•Invisible scrunch bum

<strong>Material and Care:</strong>
• 90% Nylon, 10% Spandex
• For optimal care of this sportswear, follow the care label instructions and use the delicate cycle.","<p>Material: 90% Nylon / 10% Spandex</p>"
"gid://shopify/Product/8995447636165","Jumpsuits & Dresses | Push-up Leggings | Leggings","Push-up Jumpsuit Rose Jump","Push-up Jumpsuit Rose","Push-Up Jumpsuit designed to enhance your curves and provide maximum support, offering a chic, sophisticated look.
• Built-in shelf bra with two layers and removable cups provides extra support
•Invisible scrunch bum

<strong>Material and Care:</strong>
• 90% Nylon, 10% Spandex
• For optimal care of this sportswear, follow the care label instructions and use the delicate cycle.","<p>Material: 90% Nylon / 10% Spandex</p>"
"gid://shopify/Product/8995447668933","Leggings","Leggings Navy Classic","Leggings Navy","სავარჯიშო მაღალწელიანი ელასტიკი, იდეალურად კრავს ტანს და გამოკვეთს უკანალს.

მასალა: Spandex / Polyester","<p>Material: Spandex / Polyester</p>"
"gid://shopify/Product/8995447767237","Workout Sets","Classic Set Black Zone","Classic Set Black","ელასტიური კომპლექტი, იდეალურად კრავს ტანს და კვეთს ფორმებს,

არ ტოვებს ოფლის ლაქებს

ტოპს აქვს გუფკა*

მასალა: Nylon / Spandex","<p>Material: Nylon / Spandex</p>"
"gid://shopify/Product/8995447832773","Shorts & Skirts","Zip Jacket Brown Zip","Zip Jacket Brown","გრძელმკლავიანი ზედა ელვა შესაკრავით, იდეალურად კრავს ტანს და კვეთს ფორმებს.

არ ტოვებს ოფლის ლაქებს

მასალა: Nylon / Spandex","<p>Material: Nylon / Spandex</p>"
"gid://shopify/Product/8995447898309","Workout Sets | Clearance & Sale","Set Green Glow","Workout Set Green","ელასტიური კომპლექტი, იდეალურად კრავს ტანს და კვეთს ფორმებს,

არ ტოვებს ოფლის ლაქებს

ტოპს აქვს გუფკა*

მასალა: Nylon / Spandex","<p>Material: Nylon / Spandex</p>"
"gid://shopify/Product/8995447996613","Shorts & Skirts","Zip Hoodie White Horizon","Zip Hoodie White","თავისუფალი სტილის მოსაცმელი ელვა შესაკრავით

მასალა: Nylon / Spandex","<p>Material: Nylon / Spandex</p>"
"gid://shopify/Product/8995448094917","Shorts & Skirts","Zip Hoodie Khaki Horizon","Zip Hoodie Khaki","თავისუფალი სტილის მოსაცმელი ელვა შესაკრავით

მასალა: Nylon / Spandex","<p>Material: Nylon / Spandex</p>"
"gid://shopify/Product/8995448127685","Shorts & Skirts","Zip Hoodie Green Horizon","Zip Hoodie Green","თავისუფალი სტილის მოსაცმელი ელვა შესაკრავით

მასალა: Nylon / Spandex","<p>Material: Nylon / Spandex</p>"
"gid://shopify/Product/8995448160453","Workout Sets","Set Pink Glow","Workout Set Pink","ელასტიური კომპლექტი, იდეალურად კრავს ტანს და კვეთს ფორმებს,

არ ტოვებს ოფლის ლაქებს

ტოპს აქვს გუფკა*

მასალა: Nylon / Spandex","<p>Material: Nylon / Spandex</p>"
"gid://shopify/Product/8995448258757","Push-up Leggings | Leggings","Push-up Leggings Pink Leopard V","Push-up Leggings Pink Leopard","სავარჯიშო Push-up  ელასტიკი ლეოპარდის პრინტით, იდეალურად კრავს ტანს და კვეთს ფორმებს.

მასალა:  Polyester / Spandex","<p>Material: Spandex / Polyester</p>"
"gid://shopify/Product/8995448291525","Shorts & Skirts | Clearance & Sale","Crop Top Purple Peak","Crop Top Purple","ღია იისფერი ელასტიური სავარჯიშო ტოპი, აქვს გუფკა.
მასალა: Spandex / Polyester","<p>Material: Spandex / Polyester</p>"
"gid://shopify/Product/8995448389829","Clearance & Sale | Leggings"," Seamless Leggings Light Blue Flow","Seamless Leggings Light Blue","უნაკერო ელასტიკი, იდეალურად კრავს ტანს და გამოკვეთს ფორმებს. მასალა: Nylon/Spandex","<p>Material: Nylon / Spandex</p><p>Feel: Seamless</p>"
"gid://shopify/Product/8995448422597","Shorts & Skirts","Crop Top Barbie Pink Shadow","Crop Top Barbie Pink","მოკლემკლავიანი ტოპი, იდეალურად კრავს ტანს და კვეთს ფორმებს, არ ტოვებს ოფლის ლაქებს
*ტოპი არის გუფკით  მასალა: Nylon / Spandex","<p>Material: Nylon / Spandex</p>"
"gid://shopify/Product/8995448520901","Shorts & Skirts","Crop Top Black Peak","Crop Top Black","ელასტიური სავარჯიშო ტოპი, აქვს გუფკა.
მასალა: Spandex / Polyester","<p>Material: Spandex / Polyester</p>"
"gid://shopify/Product/8995448586437","Jumpsuits & Dresses | Push-up Leggings | Leggings","Push-up Jumpsuit Black Victory","Push-up Jumpsuit Black","Push-Up Jumpsuit designed to enhance your curves and provide maximum support, offering a chic, sophisticated look.
• Built-in shelf bra with two layers and removable cups provides extra support
•Invisible scrunch bum

<strong>Material and Care:</strong>
• 90% Nylon, 10% Spandex
• For optimal care of this sportswear, follow the care label instructions and use the delicate cycle.","<p>Material: 90% Nylon / 10% Spandex</p>"
"gid://shopify/Product/8995448651973","Shorts & Skirts","Zip Jacket Dark Grey Zip","Zip Jacket Dark Grey","გრძელმკლავიანი ზედა ელვა შესაკრავით, იდეალურად კრავს ტანს და კვეთს ფორმებს.

არ ტოვებს ოფლის ლაქებს

მასალა: Nylon / Spandex","<p>Material: Nylon / Spandex</p>"
"gid://shopify/Product/8995448717509","Shorts & Skirts","Crop Top Yellow Classic","Crop Top Yellow","სავაჯიშო მოკლე მაისური, არ აქვს გუფკა.
მასალა: Spandex / Polyester","<p>Material: Spandex / Polyester</p>"
"gid://shopify/Product/8995448750277","Shorts & Skirts | Tops | Sports Bras & Tops","Sports Bra Black Run","Sports Bra Black","სავაჯიშო ბრა, მკერდზე აქვს ღრუბელი*
მასალა: Spandex / Polyester","<p>Material: Spandex / Polyester</p>"
"gid://shopify/Product/8995448783045","Shorts & Skirts | Clearance & Sale","T-shirt Dark Grey Lift","T-Shirt Dark Grey","სავაჯიშო გრძელი მაისური, არ აქვს გუფკა.
მასალა: Spandex / Polyester","<p>Material: Spandex / Polyester</p>"
"gid://shopify/Product/8995448815813","Shorts & Skirts | Clearance & Sale","T-shirt Cocoa Lift","T-Shirt Cocoa","გრძელი სავარჯიშო მაისური, მკერდზე არ აქვს ღრუბელი*
მასალა: Spandex / Polyester","<p>Material: Spandex / Polyester</p>"
"gid://shopify/Product/8995448881349","Shorts & Skirts","T-shirt Light Grey Lift","T-Shirt Light Grey","გრძელი სავარჯიშო მაისური, მკერდზე არ აქვს ღრუბელი*
მასალა: Spandex / Polyester","<p>Material: Spandex / Polyester</p>"
"gid://shopify/Product/8995448946885","Shorts & Skirts","Crop Top Black Flex","Crop Top Black","ელასტიური სავარჯიშო ტოპი, აქვს გუფკა.
მასალა: Spandex / Polyester","<p>Material: Spandex / Polyester</p>"
"gid://shopify/Product/8995448979653","Shorts & Skirts","Crop Top Brown Classic","Crop Top Brown","სავაჯიშო მოკლე მაისური, არ აქვს გუფკა.
მასალა: Spandex / Polyester","<p>Material: Spandex / Polyester</p>"
"gid://shopify/Product/8995449012421","Shorts & Skirts","Crop Top Light Grey Classic","Crop Top Light Grey","სავაჯიშო მოკლე მაისური, არ აქვს გუფკა.
მასალა: Spandex / Polyester","<p>Material: Spandex / Polyester</p>"
"gid://shopify/Product/8995449045189","Shorts & Skirts"," Crop Top Black Vortex","Crop Top Black","სავარჯიშო მოკლე მაისური,
*გუფკის გარეშე
არ ტოვებს ოფლის ლაქებს
მასალა: Spandex / Polyester","<p>Material: Spandex / Polyester</p>"
"gid://shopify/Product/8995449143493","Shorts & Skirts","Long Sleeve Crop Top Black","Long Sleeve Crop Top Black","სავარჯიშო შავი ზედა, იდეალურად კრავს ტანს და კვეთს ფორმებს, არ ტოვებს ოფლის ლაქებს.

*არ აქვს ღრუბელი მკერდზე

მასალა: Polyester/Spandex","<p>Material: Spandex / Polyester</p>"
"gid://shopify/Product/8995449241797","Shorts & Skirts","Crop Top Light Blue Classic","Crop Top Light Blue","სავაჯიშო მოკლე მაისური, არ აქვს გუფკა.
მასალა: Spandex / Polyester","<p>Material: Spandex / Polyester</p>"
"gid://shopify/Product/8995449340101","Push-up Leggings | Leggings","Push-up Crossover Leggings Black Pocket","Push-up Crossover Leggings Black","სავარჯიშო მაღალწელიანი Push-up ელასტიკი ჯიბით, იდეალურად კრავს ტანს და გამოკვეთს უკანალს.

მასალა: Spandex / Polyester","<p>Material: Spandex / Polyester</p>"
"gid://shopify/Product/8995449372869","Accessories","White Sock","Socks White","თეთრი წინდა

მასალა: Nylon/Cotton

ზომა: სტანდარტი (36-40)","<p>Material: Nylon / Cotton</p>"
"gid://shopify/Product/8995449438405","Leggings"," Seamless Leggings Dark Green Flow","Seamless Leggings Dark Green","უნაკერო ელასტიკი, იდეალურად კრავს ტანს და გამოკვეთს ფორმებს. მასალა: Nylon/Spandex","<p>Material: Nylon / Spandex</p><p>Feel: Seamless</p>"
"gid://shopify/Product/8995449503941","Shorts & Skirts","Crop Long Sleeve Top Black Strike","Long Sleeve Crop Top Black","სავარჯიშო შავი ზედა, იდეალურად კრავს ტანს და კვეთს ფორმებს, არ ტოვებს ოფლის ლაქებს.

*აქვს გუფკა

მასალა: Polyester/Spandex","<p>Material: Spandex / Polyester</p>"
"gid://shopify/Product/8995449536709","Push-up Leggings | Leggings","Push-up Leggings Bomby Royal Blue","Push-up Leggings Royal Blue","სავარჯიშო მაღალწელიანი Push-up ელასტიკი, იდეალურად კრავს ტანს და გამოკვეთს უკანალს.

მასალა: Spandex / Polyester","<p>Material: Spandex / Polyester</p>"
"gid://shopify/Product/8995449569477","Shorts & Skirts","Crop Top Black Pulse","Crop Top Black","სავარჯიშო ტოპი. ქვედა ნაწილი არ არის წელვადი

ვიწრო მოდელია

მასალა: Spandex / Polyester","<p>Material: Spandex / Polyester</p>"
"gid://shopify/Product/8995449667781","Jumpsuits & Dresses | Push-up Leggings | Leggings","Push-up Jumpsuit Black Fuel","Push-up Jumpsuit Black","Flared Push-Up Jumpsuit designed to enhance your curves and provide maximum support, offering a chic, sophisticated look.
• Built-in shelf bra with two layers and removable cups provides extra support
•Invisible scrunch bum

<strong>Material and Care:</strong>
• 90% Nylon, 10% Spandex
• For optimal care of this sportswear, follow the care label instructions and use the delicate cycle.

*Without chest pads","<p>Material: 90% Nylon / 10% Spandex</p>"
"gid://shopify/Product/8995449700549","Jumpsuits & Dresses | Push-up Leggings | Leggings","Push-up Jumpsuit Grey Fuel","Push-up Jumpsuit Grey","Flared Push-Up Jumpsuit designed to enhance your curves and provide maximum support, offering a chic, sophisticated look.
• Built-in shelf bra with two layers and removable cups provides extra support
•Invisible scrunch bum

<strong>Material and Care:</strong>
• 90% Nylon, 10% Spandex
• For optimal care of this sportswear, follow the care label instructions and use the delicate cycle.

*Without chest pads","<p>Material: 90% Nylon / 10% Spandex</p>"
"gid://shopify/Product/8995449733317","Shorts & Skirts","Crop Top White Drive","Crop Top White","თეთრი სავარჯიშო მოკლე ტოპი, აქვს გუფკა.
მასალა: Spandex / Polyester","<p>Material: Spandex / Polyester</p>"
"gid://shopify/Product/8995449766085","Shorts & Skirts","Long Sleeve Top Light Grey Effect","Long Sleeve Crop Top Light Grey","გრძელმკლავიანი უნაკერო ზედა, იდეალურად კრავს ტანს და კვეთს ფორმებს,

არ ტოვებს ოფლის ლაქებს

მასალა: Nylon / Spandex","<p>Material: Nylon / Spandex</p><p>Feel: Seamless</p>"
"gid://shopify/Product/8995449831621","Leggings","Leggings Navy Power","Leggings Navy","სავარჯიშო ელასტიკი, იდეალურად კრავს ტანს და გამოკვეთს უკანალს.

მასალა: Spandex / Polyester","<p>Material: Spandex / Polyester</p>"
"gid://shopify/Product/8995449864389","Jumpsuits & Dresses | Push-up Leggings | Clearance & Sale | Leggings","Push-up Jumpsuit Navy Jump","Push-up Jumpsuit Navy","Push-Up Jumpsuit designed to enhance your curves and provide maximum support, offering a chic, sophisticated look.
• Built-in shelf bra with two layers and removable cups provides extra support
•Invisible scrunch bum

<strong>Material and Care:</strong>
• 90% Nylon, 10% Spandex
• For optimal care of this sportswear, follow the care label instructions and use the delicate cycle.","<p>Material: 90% Nylon / 10% Spandex</p>"
"gid://shopify/Product/8995449929925","Jumpsuits & Dresses | Push-up Leggings | Leggings","Push-up Jumpsuit Grey Jump","Push-up Jumpsuit Grey","Push-Up Jumpsuit designed to enhance your curves and provide maximum support, offering a chic, sophisticated look.
• Built-in shelf bra with two layers and removable cups provides extra support
•Invisible scrunch bum

<strong>Material and Care:</strong>
• 90% Nylon, 10% Spandex
• For optimal care of this sportswear, follow the care label instructions and use the delicate cycle.","<p>Material: 90% Nylon / 10% Spandex</p>"
"gid://shopify/Product/8995449962693","Push-up Leggings | Leggings","Push-up Leggings Grey Leopard V","Push-up Leggings Grey Leopard","სავარჯიშო Push-up  ელასტიკი ლეოპარდის პრინტით, იდეალურად კრავს ტანს და კვეთს ფორმებს.

მასალა:  Polyester / Spandex","<p>Material: Spandex / Polyester</p>"
"gid://shopify/Product/8995449995461","Workout Sets","Push-up Set Black Effect","Push-up Set Black","გრძელმკლავიანი Push-up კომპლექტი ელვა შესაკრავით, იდეალურად კრავს ტანს და ვიზუალურად ახდუნებს.

მატერია: Spandex / Polyester","<p>Material: Spandex / Polyester</p>"
"gid://shopify/Product/8995450159301","Push-up Leggings | Leggings","Push-up Leggings Booty Lemon Galaxy","Push-up Leggings Lemon Galaxy","სავარჯიშო მაღალწელიანი Push-up ელასტიკი, იდეალურად კრავს ტანს და გამოკვეთს უკანალს.

მასალა: Spandex / Polyester","<p>Material: Spandex / Polyester</p>"
"gid://shopify/Product/8995450192069","Jumpsuits & Dresses | Push-up Leggings | Leggings","Push-up Jumpsuit Grey Rush","Push-up Jumpsuit Grey","სავარჯიშო კომბინიზონი, აქვს გუფკა.
იდეალურად კრავს ტანს და ვიზუალურად ახდუნებს.
მასალა: Polyester","<p>Material: Polyester</p>"
"gid://shopify/Product/8995450290373","Shorts & Skirts | Long Sleeve Tops","Long Sleeve Booty Light Grey","Shorts & Skirts Light Grey","<p style=""padding-left: 40px;"">გრძელმკლავიანი ზედა, იდეალურად კრავს ტანს და გამოკვეთს უკანალს.</p>
 

მასალა: Spandex / Polyester","<p>Material: Spandex / Polyester</p>"
"gid://shopify/Product/8995450421445","Shorts & Skirts","Crop Top Light Blue Peak","Crop Top Light Blue","ელასტიური სავარჯიშო ტოპი, აქვს გუფკა.
მასალა: Spandex / Polyester","<p>Material: Spandex / Polyester</p>"
"gid://shopify/Product/8995450519749","Push-up Leggings | Leggings","Push-up Leggings Booty Navy","Push-up Leggings Navy","Seamless Push-up leggings
• Full-length leggings
• Invisible scrunch bum
•Booty contouring and enhancing
•High waist
•Mesh cutouts at bottom

Material and Care:
• 90% Nylon, 10% Spandex
• Incredibly soft and seamless, you’ll never want to take it off
• Handle with care when wearing and washing this delicate style","<p>Material: 90% Nylon / 10% Spandex</p><p>Feel: Soft, Seamless</p>"
"gid://shopify/Product/8995450585285","Shorts & Skirts","Crop Long Sleeve Top Blue Aura","Long Sleeve Crop Top Blue","სავარჯიშო ზედა, იდეალურად კრავს ტანს და კვეთს ფორმებს, არ ტოვებს ოფლის ლაქებს.

*აქვს გუფკა

მასალა: Polyester/Spandex","<p>Material: Spandex / Polyester</p>"
"gid://shopify/Product/8995450650821","Shorts & Skirts","Zip Jacket Baby Beige Ziper V1","Zip Jacket Baby Beige","გრძელმკლავიანი ზედა ელვა შესაკრავით, იდეალურად კრავს ტანს და კვეთს ფორმებს.

არ ტოვებს ოფლის ლაქებს

მასალა: Nylon / Spandex","<p>Material: Nylon / Spandex</p>"
"gid://shopify/Product/8995450683589","Jumpsuits & Dresses | Push-up Leggings | Leggings","Push-up Jumpsuit Black Fuel (Copy)","Push-up Jumpsuit Black","Flared Push-Up Jumpsuit designed to enhance your curves and provide maximum support, offering a chic, sophisticated look.
• Built-in shelf bra with two layers and removable cups provides extra support
•Invisible scrunch bum

<strong>Material and Care:</strong>
• 90% Nylon, 10% Spandex
• For optimal care of this sportswear, follow the care label instructions and use the delicate cycle.

*Without chest pads","<p>Material: 90% Nylon / 10% Spandex</p>"
"gid://shopify/Product/8995450716357","Jumpsuits & Dresses | Push-up Leggings | Leggings","Push-up Jumpsuit  Black Sprint","Push-up Jumpsuit Black","Flared Push-Up Jumpsuit designed to enhance your curves and provide maximum support, offering a chic, sophisticated look.
• Built-in shelf bra with two layers and removable cups provides extra support
•Invisible scrunch bum

<strong>Material and Care:</strong>
• 90% Nylon, 10% Spandex
• For optimal care of this sportswear, follow the care label instructions and use the delicate cycle.

*Without chest pads","<p>Material: 90% Nylon / 10% Spandex</p>"
"gid://shopify/Product/8995450814661","Push-up Leggings | Leggings","Flared Leggings Navy Podium","Flared Leggings Navy","Flared Push-up Leggings for a chic and stylish fit
•High-waisted
<strong>Material and care:</strong>
•78% Nylon, 22% Spandex
• For optimal care of this sportswear, follow the care label instructions and use the delicate cycle","<p>Material: 78% Nylon / 22% Spandex</p>"
"gid://shopify/Product/8995450847429","Shorts & Skirts","Crop Top Yellow Shadow","Crop Top Yellow","მოკლემკლავიანი ტოპი, იდეალურად კრავს ტანს და კვეთს ფორმებს, არ ტოვებს ოფლის ლაქებს
*ტოპი არის გუფკით  მასალა: Nylon / Spandex","<p>Material: Nylon / Spandex</p>"
"gid://shopify/Product/8995450880197","Clearance & Sale | Leggings","Seamless Leggings Light Grey Flow","Seamless Leggings Light Grey","უნაკერო ლეგინსი, იდეალურად კრავს ტანს და კვეთს ფორმებს, არ ტოვებს ოფლის ლაქებს

მასალა:  Polyester / Spandex

 ","<p>Material: Spandex / Polyester</p><p>Feel: Seamless</p>"
"gid://shopify/Product/8995450945733","Shorts & Skirts | Tops | Sports Bras & Tops","Sports Bra Khaki Green Podium","Sports Bra Khaki Green","ელასტიური ტოპი, იდეალურად კრავს ტანს და კვეთს ფორმებს, არ ტოვებს ოფლის ლაქებს
*ტოპი არის გუფკით მასალა: Nylon / Spandex","<p>Material: Nylon / Spandex</p>"
"gid://shopify/Product/8995450978501","Clearance & Sale | Leggings"," Seamless Leggings Dark Khaki Flow","Seamless Leggings Dark Khaki","უნაკერო ელასტიკი, იდეალურად კრავს ტანს და გამოკვეთს ფორმებს. მასალა: Nylon/Spandex","<p>Material: Nylon / Spandex</p><p>Feel: Seamless</p>"
"gid://shopify/Product/8995451044037","Shorts & Skirts | Clearance & Sale","Long Sleeve Crop Top Booty Dark Grey","Long Sleeve Crop Top Dark Grey","<p style=""padding-left: 40px; text-align: right;"">გრძელმკლავიანი ზედა, იდეალურად კრავს ტანს და გამოკვეთს უკანალს.</p>
 

მასალა: Spandex / Polyester","<p>Material: Spandex / Polyester</p>"
"gid://shopify/Product/8995451109573","Shorts & Skirts | Clearance & Sale","T-shirt Dark Navy Lift","T-Shirt Dark Navy","მუქი ლურჯი გრძელი სავარჯიშო მაისური, მკერდზე არ აქვს ღრუბელი*
მასალა: Spandex / Polyester","<p>Material: Spandex / Polyester</p>"
"gid://shopify/Product/8995451175109","Leggings"," Seamless Leggings Dark Blue Flow","Seamless Leggings Dark Blue","უნაკერო ელასტიკი, იდეალურად კრავს ტანს და გამოკვეთს ფორმებს. მასალა: Nylon/Spandex","<p>Material: Nylon / Spandex</p><p>Feel: Seamless</p>"
"gid://shopify/Product/8995451207877","Push-up Leggings | Leggings","Push-up Leggings Light Grey Move","Push-up Leggings Light Grey","Seamless Push-up leggings
• low V-shape at the back
• Contoured back waistband to enhance and flatter curves
• Scrunch detailing at the back for a sculpted look
• Seamless front for a smooth, clean appearance
• Full-length
Material and Care:
• 90% Nylon, 10% Spandex
• Incredibly soft and seamless, you’ll never want to take it off
• Handle with care when wearing and washing this delicate style","<p>Material: 90% Nylon / 10% Spandex</p><p>Feel: Soft, Seamless</p>"
"gid://shopify/Product/8995451240645","Shorts & Skirts | Clearance & Sale","T-shirt Pink Lift","T-Shirt Pink","გრძელი სავარჯიშო მაისური, მკერდზე არ აქვს ღრუბელი*
მასალა: Spandex / Polyester","<p>Material: Spandex / Polyester</p>"
"gid://shopify/Product/8995451306181","Shorts & Skirts","Crop Top Black Shadow","Crop Top Black","მოკლემკლავიანი ტოპი, იდეალურად კრავს ტანს და კვეთს ფორმებს, არ ტოვებს ოფლის ლაქებს
*ტოპი არის გუფკით  მასალა: Nylon / Spandex","<p>Material: Nylon / Spandex</p>"
"gid://shopify/Product/8995451371717","Shorts & Skirts","Crop Top Black Classic","Crop Top Black","სავაჯიშო მოკლე მაისური, არ აქვს გუფკა.
მასალა: Spandex / Polyester","<p>Material: Spandex / Polyester</p>"
"gid://shopify/Product/8995451437253","Jumpsuits & Dresses | Push-up Leggings | Leggings","Push-up Jumpsuit Royal Blue Victory","Push-up Jumpsuit Royal Blue","Push-Up Jumpsuit designed to enhance your curves and provide maximum support, offering a chic, sophisticated look.
• Built-in shelf bra with two layers and removable cups provides extra support
•Invisible scrunch bum

<strong>Material and Care:</strong>
• 90% Nylon, 10% Spandex
• For optimal care of this sportswear, follow the care label instructions and use the delicate cycle.","<p>Material: 90% Nylon / 10% Spandex</p>"
"gid://shopify/Product/8995451470021","Workout Sets | Push-up Leggings | Leggings","Push-up Set Purple Leopard","Push-up Set Purple Leopard","სავარჯიშო Push-up კომპლექტი ლეოპარდის პრინტით, იდეალურად კრავს ტანს და კვეთს ფორმებს, არ ტოვებს ოფლის ლაქებს, ზედას აქვს გუფკა.

მასალა:  Polyester / Spandex","<p>Material: Spandex / Polyester</p>"
"gid://shopify/Product/8995451502789","Push-up Leggings | Leggings","Push-up Leggings White Butterfly","Push-up Leggings White Butterfly","სავარჯიშო ელასტიკი , იდეალურად კრავს ტანს და კვეთს ფორმებს,

არ ტოვებს ოფლის ლაქებს

მასალა: Nylon / Spandex","<p>Material: Nylon / Spandex</p>"
"gid://shopify/Product/8995451535557","Push-up Leggings | Leggings","Leggings Grey Momentum","Leggings Grey","სავარჯიშო Push-up ლეგინსი, იდეალურად კრავს ტანს და კვეთს ფორმებს, არ ტოვებს ოფლის ლაქებს, ზედა ტოპს აქვს გუფკა, მოყვება მოსაცმელი.

მასალა:  Polyester / Spandex","<p>Material: Spandex / Polyester</p>"
"gid://shopify/Product/8995451601093","Shorts & Skirts | Clearance & Sale | Tops | Sports Bras & Tops","Sports Bra & Long Sleeve Top Grey Momentum","Sports Bra & Long Sleeve Top Grey","სავარჯიშო ტოპი მოსაცმელით, ტოპს აქვს ღრუბელი, მასალა:  Polyester / Spandex","<p>Material: Spandex / Polyester</p>"
"gid://shopify/Product/8995451633861","Shorts & Skirts | Clearance & Sale | Tops | Sports Bras & Tops | Long Sleeve Tops","Sports Bra & Long Sleeve Top Black Momentum","Sports Bra & Long Sleeve Top Black","სავარჯიშო ტოპი მოსაცმელით, ტოპს აქვს ღრუბელი, მასალა:  Polyester / Spandex

 ","<p>Material: Spandex / Polyester</p>"
"gid://shopify/Product/8995451699397","Shorts & Skirts | Tops | Sports Bras & Tops","Sports Bra Black Butterfly","Sports Bra Black Butterfly","შავი ელასტიური სავარჯიშო ტოპი, აქვს გუფკა.
მასალა: Spandex / Polyester","<p>Material: Spandex / Polyester</p>"
"gid://shopify/Product/8995451732165","Workout Sets | Push-up Leggings | Leggings","Set Brown Opium","Workout Set Brown","გრძელმკლავიანი ზედა, აქვს ღრუბელი, არ ტოვებს ოფლის ლაქებს

მასალა: Nylon / Spandex","<p>Material: Nylon / Spandex</p>"
"gid://shopify/Product/8995451797701","Push-up Leggings | Leggings","Push-up Leggings Pink Classic","Push-up Leggings Pink","სავარჯიშო Push-up კომპლექტი, იდეალურად კრავს ტანს და კვეთს ფორმებს, არ ტოვებს ოფლის ლაქებს, ზედას აქვს გუფკა.

მასალა:  Polyester / Spandex","<p>Material: Spandex / Polyester</p>"
"gid://shopify/Product/8995451863237","Push-up Leggings | Leggings","Push-up ლეგინსი Bomby Navy","Push-up Leggings Navy","Seamless Push-up leggings
• Full-length leggings
• Invisible scrunch bum
•Booty contouring and enhancing

<strong>Material and Care:</strong>
• 90% Nylon, 10% Spandex
• Incredibly soft and seamless, you’ll never want to take it off
• Handle with care when wearing and washing this delicate style","<p>Material: 90% Nylon / 10% Spandex</p><p>Feel: Soft, Seamless</p>"
"gid://shopify/Product/8995451896005","Workout Sets | Push-up Leggings | Leggings","Push-up კომპლექტი Light Blue Vortex","Workout Set Light Blue","<p style=""padding-left: 40px;"">სავარჯიშო მაღალწელიანი Push-up ორეული, იდეალურად კრავს ტანს და გამოკვეთს უკანალს.</p>
წელვადი, არ ლანდავს.

მასალა: Spandex / Polyester","<p>Material: Spandex / Polyester</p>"
"gid://shopify/Product/8995451961541","Shorts & Skirts | Long Sleeve Tops","Long Sleeve Top Black V","Long Sleeve Crop Top Black","შავი სავარჯიშო ზედა, იდეალურად კრავს ტანს. * არ აქვს ღრუბელი

მასალა: Spandex / Polyester","<p>Material: Spandex / Polyester</p>"
"gid://shopify/Product/8995452027077","Shorts & Skirts | Long Sleeve Tops","Long Sleeve Black Opium","Shorts & Skirts Black","გრძელმკლავიანი ზედა, აქვს ღრუბელი, არ ტოვებს ოფლის ლაქებს

მასალა: Nylon / Spandex","<p>Material: Nylon / Spandex</p>"
"gid://shopify/Product/8995452059845","Push-up Leggings | Leggings","Push-up Leggings Pink Boom","Push-up Leggings Pink","სავარჯიშო მაღალწელიანი Push-up ელასტიკი, იდეალურად კრავს ტანს და გამოკვეთს უკანალს.

მასალა: Spandex / Polyester","<p>Material: Spandex / Polyester</p>"
"gid://shopify/Product/8995452125381","Push-up Leggings | Leggings","Push-up Leggings Dark Grey Boom","Push-up Leggings Dark Grey","სავარჯიშო მაღალწელიანი Push-up ელასტიკი, იდეალურად კრავს ტანს და გამოკვეთს უკანალს.

მასალა: Spandex / Polyester","<p>Material: Spandex / Polyester</p>"
"gid://shopify/Product/8995452158149","Jumpsuits & Dresses","Short Jumpsuit Brown Panther","Short Jumpsuit Brown Panther","მოკლემკლავიანი მოკლე კომბინიზონი ელვით, იდეალურად კრავს ტანს და კვეთს ფორმებს.
მკერდზე არ აქვს ღრუბელი*

მასალა: Polyester / Spandex","<p>Material: Spandex / Polyester</p>"
"gid://shopify/Product/8995452223685","Jumpsuits & Dresses","Short Jumpsuit Black Panther","Short Jumpsuit Black Panther","მოკლემკლავიანი მოკლე კომბინიზონი ელვით, იდეალურად კრავს ტანს და კვეთს ფორმებს.
მკერდზე არ აქვს ღრუბელი*

მასალა: Polyester / Spandex","<p>Material: Spandex / Polyester</p>"
"gid://shopify/Product/8995452289221","Workout Sets | Clearance & Sale","Push-Up Set Peach Galaxy","Push-up Set Peach Galaxy","Push-Up კომპლექტი შორტით, იდეალურად კრავს ტანს და კვეთს ფორმებს, არ ტოვებს ოფლის ლაქებს, ზედას აქვს გუფკა.

მასალა: Polyester / Spandex","<p>Material: Spandex / Polyester</p>"
"gid://shopify/Product/8995452387525","Workout Sets | Clearance & Sale","Push-Up Set Black & Red Galaxy","Push-up Set Black & Red Galaxy","Push-Up კომპლექტი შორტით, იდეალურად კრავს ტანს და კვეთს ფორმებს, არ ტოვებს ოფლის ლაქებს, ზედას აქვს გუფკა.

მასალა: Polyester / Spandex","<p>Material: Spandex / Polyester</p>"
"gid://shopify/Product/8995452420293","Workout Sets | Clearance & Sale","Classic Set White Leopard","Classic Set White Leopard","სავარჯიშო კომპლექტი ლეოპარდის პრინტით, იდეალურად კრავს ტანს და კვეთს ფორმებს, არ ტოვებს ოფლის ლაქებს, ზედას აქვს ღრუბელი.

მასალა:  Polyester / Spandex","<p>Material: Spandex / Polyester</p>"
"gid://shopify/Product/8995452453061","Jumpsuits & Dresses","Jumpsuit Brown Verona","Jumpsuit Brown","მოკლე სავარჯიშო კომბინიზონი. იდეალურად კრავს ტანს, ვიზუალურად ახდუნებს და გამოკვეთს ფორმებს.

მასალა: Polyester/Spandex","<p>Material: Spandex / Polyester</p>"
"gid://shopify/Product/8995452485829","Jumpsuits & Dresses","Jumpsuit Black Verona","Jumpsuit Black","მოკლე სავარჯიშო კომბინიზონი. იდეალურად კრავს ტანს, ვიზუალურად ახდუნებს და გამოკვეთს ფორმებს.

მასალა: Polyester/Spandex","<p>Material: Spandex / Polyester</p>"
"gid://shopify/Product/8995452518597","Jumpsuits & Dresses","Tennis Dress Black Solid","Tennis Dress Black Solid","სავარჯიშო კაბა-შორტი, იდეალურად კრავს ტანს და არის კომფორტული ნებისმიერი აქტივობის შესასრულებლად. მასალა: Polyester/Spandex","<p>Material: Spandex / Polyester</p>"
"gid://shopify/Product/8995452584133","Jumpsuits & Dresses | Push-up Leggings | Leggings","Push-up All In One Red Star","Push-up Jumpsuit Red","მოკლე Push-up სავარჯიშო კომბინიზონი
იდეალურად კრავს ტანს, ზედა ნაწილს აქვს მკერდის ღრუბელი.
მასალა: Polyester/Spandex","<p>Material: Spandex / Polyester</p>"
"gid://shopify/Product/8995452649669","Jumpsuits & Dresses | Push-up Leggings | Leggings","Push-up All In One Black Star","Push-up Jumpsuit Black","მოკლე Push-up სავარჯიშო კომბინიზონი
იდეალურად კრავს ტანს, ზედა ნაწილს აქვს მკერდის ღრუბელი.
მასალა: Polyester/Spandex","<p>Material: Spandex / Polyester</p>"
"gid://shopify/Product/8995452682437","Workout Sets | Push-up Leggings | Leggings","Flared Set Black Heaven","Flared Set Black","Set with Flared Invisible Push-up Set for a chic and stylish fit
•High V-waisted
•Scrunch bum
<strong>Material and care:</strong>
•78% Nylon, 22% Spandex
• For optimal care of this sportswear, follow the care label instructions and use the delicate cycle","<p>Material: 78% Nylon / 22% Spandex</p>"
"gid://shopify/Product/8995452715205","Workout Sets | Push-up Leggings | Leggings","Flared Set Barbie Pink Heaven","Flared Set Barbie Pink","Set with Flared Invisible Push-up Set for a chic and stylish fit
•High V-waisted
•Scrunch bum
<strong>Material and care:</strong>
•78% Nylon, 22% Spandex
• For optimal care of this sportswear, follow the care label instructions and use the delicate cycle","<p>Material: 78% Nylon / 22% Spandex</p>"
"gid://shopify/Product/8995452747973","Workout Sets | Push-up Leggings | Leggings","Flared Set Baby Blue Heaven","Flared Set Baby Blue","Set with Flared Invisible Push-up Set for a chic and stylish fit
•High V-waisted
•Scrunch bum
<strong>Material and care:</strong>
•78% Nylon, 22% Spandex
• For optimal care of this sportswear, follow the care label instructions and use the delicate cycle","<p>Material: 78% Nylon / 22% Spandex</p>"
"gid://shopify/Product/8995452780741","Jumpsuits & Dresses | Clearance & Sale","Tennis Dress Beige Panther","Tennis Dress Beige Panther","სავარჯიშო კაბა-შორტი, იდეალურად კრავს ტანს და არის კომფორტული ნებისმიერი აქტივობის შესასრულებლად. მასალა: Polyester/Spandex","<p>Material: Spandex / Polyester</p>"
"gid://shopify/Product/8995452846277","Jumpsuits & Dresses | Dresses","Tennis Dress Black Panther","Tennis Dress Black Panther","სავარჯიშო კაბა-შორტი, იდეალურად კრავს ტანს და არის კომფორტული ნებისმიერი აქტივობის შესასრულებლად. მასალა: Polyester/Spandex","<p>Material: Spandex / Polyester</p>"
"gid://shopify/Product/8995452879045","Push-up Leggings | Leggings","Push-up Leggings Black Marble V","Push-up Leggings Black Marble","Seamless Push-up leggings
• Full-length leggings
• Invisible scrunch bum
•Booty contouring and enhancing
•Mesh cutouts at bottom

Material and Care:
• 90% Nylon, 10% Spandex
• Incredibly soft and seamless, you’ll never want to take it off
• Handle with care when wearing and washing this delicate style","<p>Material: 90% Nylon / 10% Spandex</p><p>Feel: Soft, Seamless</p>"
"gid://shopify/Product/8995452944581","Jumpsuits & Dresses","Tennis Dress Beige Flower","Tennis Dress Beige Flower","სავარჯიშო კაბა-შორტი, იდეალურად კრავს ტანს და არის კომფორტული ნებისმიერი აქტივობის შესასრულებლად. მასალა: Polyester/Spandex","<p>Material: Spandex / Polyester</p>"
"gid://shopify/Product/8995452977349","Push-up Leggings | Shorts | Leggings | Push-up Shorts","Push-up Shorts Bomby Khaki","Push-up Shorts Khaki","Seamless Push-up Shorts
• Invisible scrunch bum
•Booty contouring and enhancing

<strong>Material and Care:</strong>
• 90% Nylon, 10% Spandex
• Incredibly soft and seamless, you’ll never want to take it off
• Handle with care when wearing and washing this delicate style","<p>Material: 90% Nylon / 10% Spandex</p><p>Feel: Soft, Seamless</p>"
"gid://shopify/Product/8995453010117","Push-up Leggings | Shorts | Leggings | Push-up Shorts","Push-up Shorts Bomby Brown V","Push-up Shorts Brown","Seamless Push-up Shorts
• Invisible scrunch bum
•Booty contouring and enhancing

<strong>Material and Care:</strong>
• 90% Nylon, 10% Spandex
• Incredibly soft and seamless, you’ll never want to take it off
• Handle with care when wearing and washing this delicate style","<p>Material: 90% Nylon / 10% Spandex</p><p>Feel: Soft, Seamless</p>"
"gid://shopify/Product/8995453042885","Workout Sets","Set Brown Butterfly","Workout Set Brown Butterfly","სავარჯიშო კომპლექტი შორტით, იდეალურად კრავს ტანს და კვეთს ფორმებს, ზედას აქვს გუფკა

არ ტოვებს ოფლის ლაქებს

მასალა: Nylon / Spandex","<p>Material: Nylon / Spandex</p>"
"gid://shopify/Product/8995453075653","Leggings","Classic Leggings Black Mood V","Classic Leggings Black","შავი სავარჯიშო მაღალწელიანი ელასტიკი, იდეალურად კრავს ტანს და გამოკვეთს უკანალს.

მასალა: Spandex / Polyester","<p>Material: Spandex / Polyester</p>"
"gid://shopify/Product/8995453108421","Workout Sets","Set Black Butterfly","Workout Set Black Butterfly","სავარჯიშო კომპლექტი შორტით, იდეალურად კრავს ტანს და კვეთს ფორმებს, ზედას აქვს გუფკა

არ ტოვებს ოფლის ლაქებს

მასალა: Nylon / Spandex","<p>Material: Nylon / Spandex</p>"
"gid://shopify/Product/8995453141189","Push-up Leggings | Leggings","Push-up Leggings Light Pink V","Push-up Leggings Light Pink","Seamless Push-up leggings
• low V-shape at the back
• Contoured back waistband to enhance and flatter curves
• Scrunch detailing at the back for a sculpted look
• Seamless front for a smooth, clean appearance
• Full-length
Material and Care:
• 75% Nylon, 25% Spandex
• Incredibly soft and seamless, you’ll never want to take it off
• Handle with care when wearing and washing this delicate style","<p>Material: 75% Nylon / 25% Spandex</p><p>Feel: Soft, Seamless</p>"
"gid://shopify/Product/8995453206725","Push-up Leggings | Shorts | Leggings","Push-up Shorts Bomby Navy V","Push-up Shorts Navy","Seamless Push-up Shorts
• Invisible scrunch bum
•Booty contouring and enhancing

<strong>Material and Care:</strong>
• 90% Nylon, 10% Spandex
• Incredibly soft and seamless, you’ll never want to take it off
• Handle with care when wearing and washing this delicate style","<p>Material: 90% Nylon / 10% Spandex</p><p>Feel: Soft, Seamless</p>"
"gid://shopify/Product/8995453305029","Push-up Leggings | Shorts | Leggings","Push-up Shorts Bomby Beige V","Push-up Shorts Beige","Seamless Push-up Shorts
• Invisible scrunch bum
•Booty contouring and enhancing

<strong>Material and Care:</strong>
• 90% Nylon, 10% Spandex
• Incredibly soft and seamless, you’ll never want to take it off
• Handle with care when wearing and washing this delicate style","<p>Material: 90% Nylon / 10% Spandex</p><p>Feel: Soft, Seamless</p>"
"gid://shopify/Product/8995453337797","Workout Sets","Flared Set Beige Podium","Flared Set Beige","Set with Flared Set for a chic and stylish fit
<strong>Material and care:</strong>
•78% Nylon, 22% Spandex
• For optimal care of this sportswear, follow the care label instructions and use the delicate cycle","<p>Material: 78% Nylon / 22% Spandex</p>"
"gid://shopify/Product/8995453436101","Workout Sets","Flared Set Black Podium","Flared Set Black","Set with Flared Set for a chic and stylish fit
<strong>Material and care:</strong>
•78% Nylon, 22% Spandex
• For optimal care of this sportswear, follow the care label instructions and use the delicate cycle","<p>Material: 78% Nylon / 22% Spandex</p>"
"gid://shopify/Product/8995453468869","Push-up Leggings | Leggings","Push-up Leggings Grey Marble Back V","Push-up Leggings Grey Marble","Seamless Push-up Shorts
• Invisible scrunch bum
•Booty contouring and enhancing
•Mesh cutouts at bottom

Material and Care:
• 90% Nylon, 10% Spandex
• Incredibly soft and seamless, you’ll never want to take it off
• Handle with care when wearing and washing this delicate style","<p>Material: 90% Nylon / 10% Spandex</p><p>Feel: Soft, Seamless</p>"
"gid://shopify/Product/8995453534405","Workout Sets","Set White Butterfly","Workout Set White Butterfly","სავარჯიშო კომპლექტი შორტით, იდეალურად კრავს ტანს და კვეთს ფორმებს, ზედას აქვს გუფკა

არ ტოვებს ოფლის ლაქებს

მასალა: Nylon / Spandex","<p>Material: Nylon / Spandex</p>"
"gid://shopify/Product/8995453567173","Shorts | Leggings","Shorts Burgundy Classic","Shorts Burgundy","მაღალწელიანი შორტი, იდეალურად კრავს ტანს
მასალა: Spandex / Polyester","<p>Material: Spandex / Polyester</p>"
"gid://shopify/Product/8995453599941","Leggings","Classic Leggings Purple Mood V","Classic Leggings Purple","სავარჯიშო მაღალწელიანი ელასტიკი, იდეალურად კრავს ტანს და გამოკვეთს უკანალს.

მასალა: Spandex / Polyester","<p>Material: Spandex / Polyester</p>"
"gid://shopify/Product/8995453665477","Leggings","Classic Leggings Beige Magnet","Classic Leggings Beige","სავარჯიშო მაღალწელიანი ელასტიკი, იდეალურად კრავს ტანს და გამოკვეთს უკანალს.

მასალა: Spandex / Polyester","<p>Material: Spandex / Polyester</p>"
"gid://shopify/Product/8995453698245","Jumpsuits & Dresses","Short Jumpsuit Grey Sculpt","Short Jumpsuit Grey","მოკლემკლავიანი მოკლე კომბინიზონი, იდეალურად კრავს ტანს და კვეთს ფორმებს.
მკერდზე აქვს ღრუბელი*

მასალა: Polyester / Spandex","<p>Material: Spandex / Polyester</p>"
"gid://shopify/Product/8995453763781","Shorts | Push-up Shorts","Invisible Push-up Shorts Black Move","Push-up Shorts Black","Seamless Push-up Shorts
• Invisible scrunch bum
•Booty contouring and enhancing
•Mesh cutouts at bottom

Material and Care:
• 90% Nylon, 10% Spandex
• Incredibly soft and seamless, you’ll never want to take it off
• Handle with care when wearing and washing this delicate style","<p>Material: 90% Nylon / 10% Spandex</p><p>Feel: Soft, Seamless</p>"
"gid://shopify/Product/8995453796549","Push-up Leggings | Leggings","Push-up Leggings Peacock Boom","Push-up Leggings Peacock","Seamless Push-up leggings
• Full-length leggings
• Invisible scrunch bum
•Booty contouring and enhancing

<strong>Material and Care:</strong>
• 90% Nylon, 10% Spandex
• Incredibly soft and seamless, you’ll never want to take it off
• Handle with care when wearing and washing this delicate style","<p>Material: 90% Nylon / 10% Spandex</p><p>Feel: Soft, Seamless</p>"
"gid://shopify/Product/8995453829317","Push-up Leggings | Leggings","Push-up Leggings White Boom","Push-up Leggings White","Seamless Push-up leggings
• Full-length leggings
• Invisible scrunch bum
•Booty contouring and enhancing

<strong>Material and Care:</strong>
• 90% Nylon, 10% Spandex
• Incredibly soft and seamless, you’ll never want to take it off
• Handle with care when wearing and washing this delicate style","<p>Material: 90% Nylon / 10% Spandex</p><p>Feel: Soft, Seamless</p>"
"gid://shopify/Product/8995453862085","Shorts","Shorts Rose Pink Freedom","Shorts Rose Pink"," 

<strong>Material and Care:</strong>
• 90% Nylon, 10% Spandex
• Incredibly soft and seamless, you’ll never want to take it off
• Handle with care when wearing and washing this delicate style","<p>Material: 90% Nylon / 10% Spandex</p><p>Feel: Soft, Seamless</p>"
"gid://shopify/Product/8995453894853","Shorts","Shorts Black Freedom","Shorts Black","<strong>Material and Care:</strong>
• 90% Nylon, 10% Spandex
• Incredibly soft and seamless, you’ll never want to take it off
• Handle with care when wearing and washing this delicate style","<p>Material: 90% Nylon / 10% Spandex</p><p>Feel: Soft, Seamless</p>"
"gid://shopify/Product/8995453927621","Shorts","Shorts White Freedom","Shorts White"," 

<strong>Material and Care:</strong>
• 90% Nylon, 10% Spandex
• Incredibly soft and seamless, you’ll never want to take it off
• Handle with care when wearing and washing this delicate style","<p>Material: 90% Nylon / 10% Spandex</p><p>Feel: Soft, Seamless</p>"
"gid://shopify/Product/8995453960389","Shorts","Shorts Coffee Freedom","Shorts Coffee"," 

<strong>Material and Care:</strong>
• 90% Nylon, 10% Spandex
• Incredibly soft and seamless, you’ll never want to take it off
• Handle with care when wearing and washing this delicate style","<p>Material: 90% Nylon / 10% Spandex</p><p>Feel: Soft, Seamless</p>"
"gid://shopify/Product/8995454058693","Push-up Leggings | Shorts | Leggings | Push-up Shorts","Push-up Shorts Light Grey Pocket","Push-up Shorts Light Grey","Seamless Push-up shorts
• Shorts
• Invisible scrunch bum
•Booty contouring and enhancing

Material and Care:
• 90% Nylon, 10% Spandex
• Incredibly soft and seamless, you’ll never want to take it off
• Handle with care when wearing and washing this delicate style","<p>Material: 90% Nylon / 10% Spandex</p><p>Feel: Soft, Seamless</p>"
"gid://shopify/Product/8995454091461","Push-up Leggings | Shorts | Leggings","Push-up Shorts Dark Grey Pocket","Push-up Shorts Dark Grey","Seamless Push-up shorts
• Shorts
• Scrunch bum
•Booty contouring and enhancing

Material and Care:
• 90% Nylon, 10% Spandex
• Incredibly soft and seamless, you’ll never want to take it off
• Handle with care when wearing and washing this delicate style","<p>Material: 90% Nylon / 10% Spandex</p><p>Feel: Soft, Seamless</p>"
"gid://shopify/Product/8995454124229","Push-up Leggings | Shorts | Leggings | Push-up Shorts","Push-up Shorts Black Pocket","Push-up Shorts Black","Seamless Push-up shorts
• Shorts
• Invisible scrunch bum
•Booty contouring and enhancing

Material and Care:
• 90% Nylon, 10% Spandex
• Incredibly soft and seamless, you’ll never want to take it off
• Handle with care when wearing and washing this delicate style","<p>Material: 90% Nylon / 10% Spandex</p><p>Feel: Soft, Seamless</p>"
"gid://shopify/Product/8995454156997","Clearance & Sale | Leggings","Classic Leggings Brown Magnet","Classic Leggings Brown","სავარჯიშო მაღალწელიანი ელასტიკი, იდეალურად კრავს ტანს და გამოკვეთს უკანალს.

მასალა: Spandex / Polyester","<p>Material: Spandex / Polyester</p>"
"gid://shopify/Product/8995454189765","Shorts | Push-up Shorts","Push-up Shorts Dark Grey Bomby","Push-up Shorts Dark Grey","Seamless Push-up Shorts
• Invisible scrunch bum
•Booty contouring and enhancing

<strong>Material and Care:</strong>
• 90% Nylon, 10% Spandex
• Incredibly soft and seamless, you’ll never want to take it off
• Handle with care when wearing and washing this delicate style","<p>Material: 90% Nylon / 10% Spandex</p><p>Feel: Soft, Seamless</p>"
"gid://shopify/Product/8995454222533","Leggings","Classic Leggings Dark Grey Slide","Classic Leggings Dark Grey","მაღალწელიანი უნაკერო ელასტიკი, იდეალურად კრავს ტანს და გამოკვეთს ფორმებს. მასალა: Nylon/Spandex","<p>Material: Nylon / Spandex</p><p>Feel: Seamless</p>"
"gid://shopify/Product/8995454255301","Shorts | Leggings | Classic Shorts","Shorts Navy Classic","Shorts Navy","მაღალწელიანი შორტი, იდეალურად კრავს ტანს
მასალა: Spandex / Polyester","<p>Material: Spandex / Polyester</p>"
"gid://shopify/Product/8995454320837","Shorts | Leggings | Classic Shorts","Shorts Grey Classic","Shorts Grey","მაღალწელიანი შორტი, იდეალურად კრავს ტანს
მასალა: Spandex / Polyester","<p>Material: Spandex / Polyester</p>"
"gid://shopify/Product/8995454353605","Shorts | Classic Shorts","Shorts Dark Green Classic","Shorts Dark Green","მაღალწელიანი შორტი, იდეალურად კრავს ტანს
მასალა: Spandex / Polyester","<p>Material: Spandex / Polyester</p>"
"gid://shopify/Product/8995454386373","Clearance & Sale | Leggings","Classic Leggings Navy Magnet","Classic Leggings Navy","სავარჯიშო მაღალწელიანი ელასტიკი, იდეალურად კრავს ტანს და გამოკვეთს უკანალს.

მასალა: Spandex / Polyester","<p>Material: Spandex / Polyester</p>"
"gid://shopify/Product/8995454484677","Push-up Leggings | Leggings","Push-up Leggings Royal Blue V","Push-up Leggings Royal Blue","Seamless Push-up leggings
• low V-shape at the back
• Contoured back waistband to enhance and flatter curves
• Scrunch detailing at the back for a sculpted look
• Seamless front for a smooth, clean appearance
• Full-length
Material and Care:
• 95% Nylon, 5% Spandex
• Incredibly soft and seamless, you’ll never want to take it off
• Handle with care when wearing and washing this delicate style","<p>Material: 95% Nylon / 5% Spandex</p><p>Feel: Soft, Seamless</p>"
"gid://shopify/Product/8995454517445","Push-up Leggings | Leggings","Push-up Leggings Black V v2","Push-up Leggings Black","Seamless Push-up leggings
• low V-shape at the back
• Contoured back waistband to enhance and flatter curves
• Scrunch detailing at the back for a sculpted look
• Seamless front for a smooth, clean appearance
• Full-length
Material and Care:
• 95% Nylon, 5% Spandex
• Incredibly soft and seamless, you’ll never want to take it off
• Handle with care when wearing and washing this delicate style","<p>Material: 95% Nylon / 5% Spandex</p><p>Feel: Soft, Seamless</p>"
"gid://shopify/Product/8995454550213","Push-up Leggings | Leggings","Push-up Leggings Brown V","Push-up Leggings Brown","<p style=""text-align: center;"">Seamless Push-up leggings
• low V-shape at the back
• Contoured back waistband to enhance and flatter curves
• Scrunch detailing at the back for a sculpted look
• Seamless front for a smooth, clean appearance
• Full-length
Material and Care:
• 95% Nylon, 5% Spandex
• Incredibly soft and seamless, you’ll never want to take it off
• Handle with care when wearing and washing this delicate style</p>","<p>Material: 95% Nylon / 5% Spandex</p><p>Feel: Soft, Seamless</p>"
"gid://shopify/Product/8995454582981","Push-up Leggings | Shorts | Leggings | Push-up Shorts","Push-up Shorts Pink Boom","Push-up Shorts Pink","სავარჯიშო მაღალწელიანი Push-up შორტი, იდეალურად კრავს ტანს და გამოკვეთს უკანალს
მასალა: Spandex / Polyester","<p>Material: Spandex / Polyester</p>"
"gid://shopify/Product/8995454648517","Push-up Leggings | Shorts | Leggings","Push-up Shorts Baby Pink Record","Push-up Shorts Baby Pink","სავარჯიშო მაღალწელიანი Push-up შორტი, იდეალურად კრავს ტანს და გამოკვეთს უკანალს
მასალა: Spandex / Polyester","<p>Material: Spandex / Polyester</p>"
"gid://shopify/Product/8995454681285","Push-up Leggings | Shorts | Leggings","Push-up Shorts Aqua Record","Push-up Shorts Aqua","სავარჯიშო მაღალწელიანი Push-up შორტი, იდეალურად კრავს ტანს და გამოკვეთს უკანალს
მასალა: Spandex / Polyester","<p>Material: Spandex / Polyester</p>"
"gid://shopify/Product/8995454714053","Push-up Leggings | Leggings","Push-up Crossover Leggings Bomby Dark Grey","Push-up Crossover Leggings Dark Grey","Push-up ელასტიკი, იდეალურად კრავს ტანს და კვეთს ფორმებს.

მასალა: Nylon/Polyester","<p>Material: Nylon / Polyester</p>"
"gid://shopify/Product/8995454746821","Push-up Leggings | Shorts | Leggings | Push-up Shorts","Push-up Shorts Black Storm V","Push-up Shorts Black","სავარჯიშო Push-up შორტი ამოჭრილი წელით, იდეალურად კრავს ტანს და გამოკვეთს უკანალს.

მასალა: Spandex / Polyester","<p>Material: Spandex / Polyester</p>"
"gid://shopify/Product/8995454812357","Leggings","Classic Leggings Dark Grey Moon","Classic Leggings Dark Grey","მაღალწელიანი უნაკერო ელასტიკი, იდეალურად კრავს ტანს და გამოკვეთს ფორმებს. მასალა: Nylon/Spandex","<p>Material: Nylon / Spandex</p><p>Feel: Seamless</p>"
"gid://shopify/Product/8995454845125","Push-up Leggings | Shorts | Leggings","Push-up Shorts Royal Blue Bomby","Push-up Shorts Royal Blue","Seamless Push-up Shorts
• Invisible scrunch bum
•Booty contouring and enhancing

<strong>Material and Care:</strong>
• 90% Nylon, 10% Spandex
• Incredibly soft and seamless, you’ll never want to take it off
• Handle with care when wearing and washing this delicate style","<p>Material: 90% Nylon / 10% Spandex</p><p>Feel: Soft, Seamless</p>"
"gid://shopify/Product/8995454910661","Push-up Leggings | Leggings","Push-up Crossover Leggings Bomby Brown V","Push-up Crossover Leggings Brown","ყავისფერი Push-up ელასტიკი, იდეალურად კრავს ტანს და კვეთს ფორმებს.

მასალა: Nylon/Polyester","<p>Material: Nylon / Polyester</p>"
"gid://shopify/Product/8995454976197","Push-up Leggings | Shorts | Leggings","Push-up Shorts Bomby Dark Grey","Push-up Shorts Dark Grey","Seamless Push-up Shorts
• Invisible scrunch bum
•Booty contouring and enhancing

<strong>Material and Care:</strong>
• 90% Nylon, 10% Spandex
• Incredibly soft and seamless, you’ll never want to take it off
• Handle with care when wearing and washing this delicate style","<p>Material: 90% Nylon / 10% Spandex</p><p>Feel: Soft, Seamless</p>"
"gid://shopify/Product/8995455008965","Push-up Leggings | Leggings","Push-up Leggings Brown Record","Push-up Leggings Brown","Seamless Push-up leggings
• Full-length leggings
• Invisible scrunch bum
•Booty contouring and enhancing

<strong>Material and Care:</strong>
• 90% Nylon, 10% Spandex
• Incredibly soft and seamless, you’ll never want to take it off
• Handle with care when wearing and washing this delicate style","<p>Material: 90% Nylon / 10% Spandex</p><p>Feel: Soft, Seamless</p>"
"gid://shopify/Product/8995455074501","Push-up Leggings | Leggings","Push-up Leggings White Hypnosis","Push-up Leggings White","Seamless Push-up leggings
• Full-length leggings
• Invisible scrunch bum
•Booty contouring and enhancing
•Mesh cutouts at bottom

Material and Care:
• 90% Nylon, 10% Spandex
• Incredibly soft and seamless, you’ll never want to take it off
• Handle with care when wearing and washing this delicate style","<p>Material: 90% Nylon / 10% Spandex</p><p>Feel: Soft, Seamless</p>"
"gid://shopify/Product/8995455107269","Shorts & Skirts | Tops | Sports Bras & Tops","Sports Bra  Black Noise","Sports Bra Black","ელასტიური სავარჯიშო ტოპი, აქვს გუფკა.
მასალა: Spandex / Polyester","<p>Material: Spandex / Polyester</p>"
"gid://shopify/Product/8995455140037","Push-up Leggings | Shorts | Leggings","Push-up Shorts Bomby Light Grey","Push-up Shorts Light Grey","Seamless Push-up Shorts
• Invisible scrunch bum
•Booty contouring and enhancing

<strong>Material and Care:</strong>
• 90% Nylon, 10% Spandex
• Incredibly soft and seamless, you’ll never want to take it off
• Handle with care when wearing and washing this delicate style","<p>Material: 90% Nylon / 10% Spandex</p><p>Feel: Soft, Seamless</p>"
"gid://shopify/Product/8995455172805","Leggings","Classic Leggings Black Moon","Classic Leggings Black","მაღალწელიანი უნაკერო ელასტიკი, იდეალურად კრავს ტანს და გამოკვეთს ფორმებს. მასალა: Nylon/Spandex","<p>Material: Nylon / Spandex</p><p>Feel: Seamless</p>"
"gid://shopify/Product/8995455205573","Push-up Leggings | Shorts | Leggings | Push-up Shorts","Push-up Shorts Brown Storm V","Push-up Shorts Brown","სავარჯიშო Push-up შორტი ამოჭრილი წელით, იდეალურად კრავს ტანს და გამოკვეთს უკანალს.

მასალა: Spandex / Polyester","<p>Material: Spandex / Polyester</p>"
"gid://shopify/Product/8995455238341","Leggings","Classic Leggings Red Mood V","Classic Leggings Red","სავარჯიშო მაღალწელიანი ელასტიკი, იდეალურად კრავს ტანს და გამოკვეთს უკანალს.

მასალა: Spandex / Polyester","<p>Material: Spandex / Polyester</p>"
"gid://shopify/Product/8995455271109","Leggings","Classic Leggings Navy Mood V","Classic Leggings Navy","სავარჯიშო მაღალწელიანი ელასტიკი, იდეალურად კრავს ტანს და გამოკვეთს უკანალს.

მასალა: Spandex / Polyester","<p>Material: Spandex / Polyester</p>"
"gid://shopify/Product/8995455336645","Push-up Leggings | Shorts | Leggings","Push-up Shorts Bomby Dark Green V","Push-up Shorts Dark Green","Seamless Push-up Shorts
• Invisible scrunch bum
•Booty contouring and enhancing

<strong>Material and Care:</strong>
• 90% Nylon, 10% Spandex
• Incredibly soft and seamless, you’ll never want to take it off
• Handle with care when wearing and washing this delicate style","<p>Material: 90% Nylon / 10% Spandex</p><p>Feel: Soft, Seamless</p>"
"gid://shopify/Product/8995455369413","Push-up Leggings | Clearance & Sale | Leggings","Push-up Leggings Pink Pocket","Push-up Leggings Pink","სავარჯიშო მაღალწელიანი Push-up ელასტიკი ჯიბით, იდეალურად კრავს ტანს და გამოკვეთს უკანალს.

მასალა: Spandex / Polyester","<p>Material: Spandex / Polyester</p>"
"gid://shopify/Product/8995455402181","Push-up Leggings | Leggings","Push-up Leggings Light Grey Pocket","Push-up Leggings Light Grey","სავარჯიშო მაღალწელიანი Push-up ელასტიკი ჯიბით, იდეალურად კრავს ტანს და გამოკვეთს უკანალს.

მასალა: Spandex / Polyester","<p>Material: Spandex / Polyester</p>"
"gid://shopify/Product/8995455434949","Push-up Leggings | Leggings","Flared Push-up Leggings Black Pocket","Push-up Flared Leggings Black","სავარჯიშო მაღალწელიანი Push-up ელასტიკი ჯიბით, იდეალურად კრავს ტანს და გამოკვეთს უკანალს.

მასალა: Spandex / Polyester","<p>Material: Spandex / Polyester</p>"
"gid://shopify/Product/8995455467717","Workout Sets","Flared Set Light Blue Podium","Flared Set Light Blue","Set with Flared Set for a chic and stylish fit
<strong>Material and care:</strong>
•78% Nylon, 22% Spandex
• For optimal care of this sportswear, follow the care label instructions and use the delicate cycle","<p>Material: 78% Nylon / 22% Spandex</p>"
"gid://shopify/Product/8995455533253","Leggings","Classic Leggings Black Flex","Classic Leggings Black","შავი სავარჯიშო მაღალწელიანი ელასტიკი, იდეალურად კრავს ტანს და გამოკვეთს უკანალს.

მასალა: Spandex / Polyester","<p>Material: Spandex / Polyester</p>"
"gid://shopify/Product/8995455566021","Jumpsuits & Dresses | Dresses","Tennis Dress Purple Strong","Tennis Dress Purple","სავარჯიშო კაბა-შორტი, იდეალურად კრავს ტანს და არის კომფორტული ნებისმიერი აქტივობის შესასრულებლად. მასალა: Polyester/Spandex","<p>Material: Spandex / Polyester</p>"
"gid://shopify/Product/8995455631557","Jumpsuits & Dresses","Tennis Dress Black Strong","Tennis Dress Black","სავარჯიშო კაბა-შორტი, იდეალურად კრავს ტანს და არის კომფორტული ნებისმიერი აქტივობის შესასრულებლად. მასალა: Polyester/Spandex","<p>Material: Spandex / Polyester</p>"
"gid://shopify/Product/8995455664325","Jumpsuits & Dresses","Tennis Dress Light Grey Solid","Tennis Dress Light Grey Solid","სავარჯიშო კაბა-შორტი, იდეალურად კრავს ტანს და არის კომფორტული ნებისმიერი აქტივობის შესასრულებლად. მასალა: Polyester/Spandex","<p>Material: Spandex / Polyester</p>"
"gid://shopify/Product/8995455697093","Leggings","Classic Leggings Navy Flex","Classic Leggings Navy","სავარჯიშო მაღალწელიანი ელასტიკი, იდეალურად კრავს ტანს და გამოკვეთს უკანალს.

მასალა: Spandex / Polyester","<p>Material: Spandex / Polyester</p>"
"gid://shopify/Product/8995455729861","Leggings","Joggers Black Glory","Joggers Black","სავარჯიშო შარვალი, გრილი მასალის

მასალა: Nylon/Polyester","<p>Material: Nylon / Polyester</p>"
"gid://shopify/Product/8995455795397","Leggings","Joggers White Glory","Joggers White","სავარჯიშო შარვალი, გრილი მასალის

მასალა: Nylon/Polyester","<p>Material: Nylon / Polyester</p>"
"gid://shopify/Product/8995455828165","Leggings","Joggers Grey Glory","Joggers Grey","სავარჯიშო შარვალი, გრილი მასალის

მასალა: Nylon/Polyester","<p>Material: Nylon / Polyester</p>"
"gid://shopify/Product/8995455860933","Leggings","Joggers Beige Glory","Joggers Beige","სავარჯიშო შარვალი, გრილი მასალის

მასალა: Nylon/Polyester","<p>Material: Nylon / Polyester</p>"
"gid://shopify/Product/8995455893701","Push-up Leggings | Leggings","Push-up Leggings Galaxy","Push-up Leggings Galaxy","Seamless Push-up leggings
• Full-length leggings
• Invisible scrunch bum
•Booty contouring and enhancing
•Mesh cutouts at bottom

Material and Care:
• 90% Nylon, 10% Spandex
• Incredibly soft and seamless, you’ll never want to take it off
• Handle with care when wearing and washing this delicate style","<p>Material: 90% Nylon / 10% Spandex</p><p>Feel: Soft, Seamless</p>"
"gid://shopify/Product/8995455959237","Push-up Leggings | Leggings","Push-up Leggings Electric Galaxy","Push-up Leggings Electric Galaxy","Seamless Push-up leggings
• Full-length leggings
• Invisible scrunch bum
•Booty contouring and enhancing
•Mesh cutouts at bottom

Material and Care:
• 90% Nylon, 10% Spandex
• Incredibly soft and seamless, you’ll never want to take it off
• Handle with care when wearing and washing this delicate style","<p>Material: 90% Nylon / 10% Spandex</p><p>Feel: Soft, Seamless</p>"
"gid://shopify/Product/8995455992005","Push-up Leggings | Leggings","Push-up Leggings White Record","Push-up Leggings White","Seamless Push-up leggings
• Full-length leggings
• Invisible scrunch bum
•Booty contouring and enhancing

<strong>Material and Care:</strong>
• 90% Nylon, 10% Spandex
• Incredibly soft and seamless, you’ll never want to take it off
• Handle with care when wearing and washing this delicate style","<p>Material: 90% Nylon / 10% Spandex</p><p>Feel: Soft, Seamless</p>"
"gid://shopify/Product/8995456024773","Push-up Leggings | Leggings","Push-up Leggings Green Galaxy","Push-up Leggings Green Galaxy","Seamless Push-up leggings
• Full-length leggings
• Invisible scrunch bum
•Booty contouring and enhancing
•Mesh cutouts at bottom

Material and Care:
• 90% Nylon, 10% Spandex
• Incredibly soft and seamless, you’ll never want to take it off
• Handle with care when wearing and washing this delicate style","<p>Material: 90% Nylon / 10% Spandex</p><p>Feel: Soft, Seamless</p>"
"gid://shopify/Product/8995456057541","Push-up Leggings | Clearance & Sale | Leggings","Push-up Leggings Black Marble V","Push-up Leggings Black Marble","Seamless Push-up Shorts
• Invisible scrunch bum
•Booty contouring and enhancing
•Mesh cutouts at bottom

Material and Care:
• 90% Nylon, 10% Spandex
• Incredibly soft and seamless, you’ll never want to take it off
• Handle with care when wearing and washing this delicate style","<p>Material: 90% Nylon / 10% Spandex</p><p>Feel: Soft, Seamless</p>"
"gid://shopify/Product/8995456123077","Push-up Leggings | Leggings","Push-up Leggings Dark Green Pocket","Push-up Leggings Dark Green","სავარჯიშო მაღალწელიანი Push-up ელასტიკი ჯიბით, იდეალურად კრავს ტანს და გამოკვეთს უკანალს.

მასალა: Spandex / Polyester","<p>Material: Spandex / Polyester</p>"
"gid://shopify/Product/8995456155845","Workout Sets","Classic Set White Zip Elegance","Classic Set White","სავარჯიშო კომპლექტი ელვიანი ზედით, იდეალურად კრავს ტანს და კვეთს ფორმებს, არ ტოვებს ოფლის ლაქებს, ზედას აქვს ღრუბელი.

მასალა:  Polyester / Spandex","<p>Material: Spandex / Polyester</p>"
"gid://shopify/Product/8995456188613","Push-up Leggings | Leggings","Push-up Leggings Aqua Record","Push-up Leggings Aqua","Seamless Push-up leggings
• Full-length leggings
• Invisible scrunch bum
•Booty contouring and enhancing

<strong>Material and Care:</strong>
• 90% Nylon, 10% Spandex
• Incredibly soft and seamless, you’ll never want to take it off
• Handle with care when wearing and washing this delicate style","<p>Material: 90% Nylon / 10% Spandex</p><p>Feel: Soft, Seamless</p>"
"gid://shopify/Product/8995456254149","Push-up Leggings | Leggings","Push-up Leggings Black Pocket","Push-up Leggings Black","სავარჯიშო მაღალწელიანი Push-up ელასტიკი ჯიბით, იდეალურად კრავს ტანს და გამოკვეთს უკანალს.

მასალა: Spandex / Polyester","<p>Material: Spandex / Polyester</p>"
"gid://shopify/Product/8995456286917","Shorts & Skirts","T-Shirt Black Oversized","T-Shirt Black","თავისუფალი სტილის ფართო მაისური,
მასალა: Spandex / Polyester","<p>Material: Spandex / Polyester</p>"
"gid://shopify/Product/8995456352453","Shorts & Skirts","Zip Hoodie Black Rain","Zip Hoodie Black","თავისუფალი სტილის მოსაცმელი ელვა შესაკრავით

მასალა: Nylon / Spandex","<p>Material: Nylon / Spandex</p>"
"gid://shopify/Product/8995456385221","Shorts | Leggings","Skirt Baby Pink Wing","Skirt Baby Pink","მოკლე ჩოგბურთის კაბა-შორტი, არის კომფორტული ნებისმიერი აქტივობის შესასრულებლად.
მატერია: Nylon/Polyester","<p>Material: Nylon / Polyester</p>"
"gid://shopify/Product/8995456450757","Shorts | Leggings","Skirt White Tennis","Skirt White","მოკლე ჩოგბურთის კაბა-შორტი, არის კომფორტული ნებისმიერი აქტივობის შესასრულებლად.
მატერია: Nylon","<p>Material: Nylon</p>"
"gid://shopify/Product/8995456483525","Shorts & Skirts","Oversized T-shirt White Crystal","Oversized T-Shirt White","თეთრი თავისუფალი სტილის სავარჯიშო მაისური
მასალა: Spandex / Polyester","<p>Material: Spandex / Polyester</p>"
"gid://shopify/Product/8995456516293","Shorts & Skirts","Oversized T-shirt Blue Crystal","Oversized T-Shirt Blue","თეთრი თავისუფალი სტილის სავარჯიშო მაისური
მასალა: Spandex / Polyester","<p>Material: Spandex / Polyester</p>"
"gid://shopify/Product/8995456581829","Shorts | Leggings","Skirt Baby Blue Wing","Skirt Baby Blue","მოკლე ჩოგბურთის კაბა-შორტი, არის კომფორტული ნებისმიერი აქტივობის შესასრულებლად.
მატერია: Nylon/Polyester","<p>Material: Nylon / Polyester</p>"
"gid://shopify/Product/8995456614597","Shorts | Leggings","Skirt Light Purple Wing","Skirt Purple","მოკლე ჩოგბურთის კაბა-შორტი, არის კომფორტული ნებისმიერი აქტივობის შესასრულებლად.
მატერია: Nylon/Polyester","<p>Material: Nylon / Polyester</p>"
"gid://shopify/Product/8995456647365","Shorts & Skirts | Shorts | Leggings | Skirt Shorts","Skirt Light Grey Wing","Skirt Light Grey","მოკლე ჩოგბურთის კაბა-შორტი, არის კომფორტული ნებისმიერი აქტივობის შესასრულებლად.
მატერია: Nylon/Polyester","<p>Material: Nylon / Polyester</p>"
"gid://shopify/Product/8995456712901","Shorts & Skirts | Shorts | Leggings | Skirt Shorts","Skirt Black Wing","Skirt Black","მოკლე ჩოგბურთის კაბა-შორტი, არის კომფორტული ნებისმიერი აქტივობის შესასრულებლად.
მატერია: Nylon/Polyester","<p>Material: Nylon / Polyester</p>"
"gid://shopify/Product/8995456745669","Leggings","Leggings Dark Grey Classic","Leggings Dark Grey","მაღალწელიანი უნაკერო ელასტიკი, იდეალურად კრავს ტანს და გამოკვეთს ფორმებს. მასალა: Nylon/Spandex","<p>Material: Nylon / Spandex</p><p>Feel: Seamless</p>"
"gid://shopify/Product/8995456778437","Leggings","Classic Leggings Black Slide","Classic Leggings Black","მაღალწელიანი უნაკერო ელასტიკი, იდეალურად კრავს ტანს და გამოკვეთს ფორმებს. მასალა: Nylon/Spandex","<p>Material: Nylon / Spandex</p><p>Feel: Seamless</p>"
"gid://shopify/Product/8995456811205","Shorts & Skirts | Shorts | Leggings | Skirt Shorts","Skirt Black Tennis","Skirt Black","მოკლე ჩოგბურთის კაბა-შორტი, არის კომფორტული ნებისმიერი აქტივობის შესასრულებლად.
მატერია: Nylon/Polyester","<p>Material: Nylon / Polyester</p>"
"gid://shopify/Product/8995456843973","Shorts & Skirts | Shorts | Leggings | Skirt Shorts","Skirt Brown Tennis","Skirt Brown","მოკლე ჩოგბურთის კაბა-შორტი, არის კომფორტული ნებისმიერი აქტივობის შესასრულებლად.
მატერია: Nylon/Polyester","<p>Material: Nylon / Polyester</p>"
"gid://shopify/Product/8995456876741","Shorts & Skirts","ZIp Jacket Decollette","Zip Jacket","გრძელმკლავიანი ზედა ელვა შესაკრავით, იდეალურად კრავს ტანს და კვეთს ფორმებს,

არ ტოვებს ოფლის ლაქებს

მასალა: Nylon / Spandex","<p>Material: Nylon / Spandex</p>"
"gid://shopify/Product/8995456909509","Shorts & Skirts | Shorts | Leggings | Skirt Shorts","Skirt Black Glow","Skirt Black","მოკლე ჩოგბურთის კაბა-შორტი, არის კომფორტული ნებისმიერი აქტივობის შესასრულებლად.
მატერია: Nylon/Polyester","<p>Material: Nylon / Polyester</p>"
"gid://shopify/Product/8995456942277","Shorts & Skirts | Shorts | Leggings | Skirt Shorts","Skirt White Glow","Skirt White","მოკლე ჩოგბურთის კაბა-შორტი, არის კომფორტული ნებისმიერი აქტივობის შესასრულებლად.
მატერია: Nylon","<p>Material: Nylon</p>"
"gid://shopify/Product/8995457040581","Shorts & Skirts | Shorts | Leggings | Skirt Shorts","Skirt Brown Glow","Skirt Brown","მოკლე ჩოგბურთის კაბა-შორტი, არის კომფორტული ნებისმიერი აქტივობის შესასრულებლად.
მატერია: Nylon/Polyester","<p>Material: Nylon / Polyester</p>"
"gid://shopify/Product/8995457073349","Shorts & Skirts | Tops | T-Shirts & Jackets","Short Sleeve Jacket Light Blue Zip","Short Sleeve Jacket Light Blue","ბეჟი ელასტიური სავარჯიშო ტოპი ელვა-შესაკრავით, გუფკის გარეშე
მასალა: Spandex / Polyester","<p>Material: Spandex / Polyester</p>"
"gid://shopify/Product/8995457138885","Shorts & Skirts | Shorts | Leggings | Skirt Shorts","Skirt Beige Flow","Skirt Beige","მოკლე ჩოგბურთის კაბა-შორტი, არის კომფორტული ნებისმიერი აქტივობის შესასრულებლად.
მატერია: Nylon/Polyester","<p>Material: Nylon / Polyester</p>"
"gid://shopify/Product/8995457204421","Shorts | Leggings","Skirt Barbie Pink Flow","Skirt Barbie Pink","მოკლე ჩოგბურთის კაბა-შორტი, არის კომფორტული ნებისმიერი აქტივობის შესასრულებლად.
მატერია: Nylon/Polyester","<p>Material: Nylon / Polyester</p>"
"gid://shopify/Product/8995457237189","Shorts | Leggings","Skirt Black Flow","Skirt Black","მოკლე ჩოგბურთის კაბა-შორტი, არის კომფორტული ნებისმიერი აქტივობის შესასრულებლად.
მატერია: Nylon/Polyester","<p>Material: Nylon / Polyester</p>"
"gid://shopify/Product/8995457269957","Push-up Leggings | Leggings","Flared Leggings Dark Leopard","Flared Leggings Dark Leopard","სავარჯიშო  შარვალი  ლეოპარდის პრინტით, იდეალურად კრავს ტანს და კვეთს ფორმებს. *არის სქელი ნაჭერი

მასალა:  Polyester / Spandex","<p>Material: Spandex / Polyester</p><p>Feel: Thick</p>"
"gid://shopify/Product/8995457302725","Shorts | Push-up Shorts","Push-up Shorts Black Record","Push-up Shorts Black","Seamless Push-up Shorts
• Invisible scrunch bum
•Booty contouring and enhancing

<strong>Material and Care:</strong>
• 90% Nylon, 10% Spandex
• Incredibly soft and seamless, you’ll never want to take it off
• Handle with care when wearing and washing this delicate style","<p>Material: 90% Nylon / 10% Spandex</p><p>Feel: Soft, Seamless</p>"
"gid://shopify/Product/8995457335493","Leggings","Leggings Burgundy Classic","Leggings Burgundy","მაღალწელიანი უნაკერო ელასტიკი, იდეალურად კრავს ტანს და გამოკვეთს ფორმებს. მასალა: Nylon/Spandex","<p>Material: Nylon / Spandex</p><p>Feel: Seamless</p>"
"gid://shopify/Product/8995457368261","Shorts & Skirts | Tops | Sports Bras & Tops","Sports Bra Black Dream","Sports Bra Black","შავი სავარჯიშო ტოპი შესაკრავით, აქვს გუფკა.
მასალა: Spandex / Polyester","<p>Material: Spandex / Polyester</p>"
"gid://shopify/Product/8995457433797","Push-up Leggings | Shorts | Leggings","Push-up Shorts Royal Blue Record","Push-up Shorts Royal Blue","სავარჯიშო მაღალწელიანი Push-up შორტი, იდეალურად კრავს ტანს და გამოკვეთს უკანალს
მასალა: Spandex / Polyester","<p>Material: Spandex / Polyester</p>"
"gid://shopify/Product/8995457466565","Shorts | Push-up Shorts","Shorts Brown Opium","Shorts Brown","მოკლე შორტი , იდეალურად კრავს ტანს და კვეთს ფორმებს,

არ ტოვებს ოფლის ლაქებს

მასალა: Nylon / Spandex","<p>Material: Nylon / Spandex</p>"
"gid://shopify/Product/8995457532101","Shorts","Shorts Black Opium","Shorts Black","მოკლე შორტი , იდეალურად კრავს ტანს და კვეთს ფორმებს,

არ ტოვებს ოფლის ლაქებს

მასალა: Nylon / Spandex","<p>Material: Nylon / Spandex</p>"
"gid://shopify/Product/8995457597637","Push-up Leggings | Clearance & Sale | Leggings","Push-up Leggings Brown Marble V","Push-up Leggings Brown Marble","Seamless Push-up leggings
• Full-length leggings
• Invisible scrunch bum
•Booty contouring and enhancing
•Mesh cutouts at bottom

Material and Care:
• 90% Nylon, 10% Spandex
• Incredibly soft and seamless, you’ll never want to take it off
• Handle with care when wearing and washing this delicate style","<p>Material: 90% Nylon / 10% Spandex</p><p>Feel: Soft, Seamless</p>"
"gid://shopify/Product/8995457630405","Push-up Leggings | Clearance & Sale | Leggings","Push-up Leggings Grey Marble V","Push-up Leggings Grey Marble","Seamless Push-up leggings
• Full-length leggings
• Invisible scrunch bum
•Booty contouring and enhancing
•Mesh cutouts at bottom

Material and Care:
• 90% Nylon, 10% Spandex
• Incredibly soft and seamless, you’ll never want to take it off
• Handle with care when wearing and washing this delicate style","<p>Material: 90% Nylon / 10% Spandex</p><p>Feel: Soft, Seamless</p>"
"gid://shopify/Product/8995457695941","Jumpsuits & Dresses | Push-up Leggings | Leggings","Push-up Jumpsuit Pink Babe","Push-up Jumpsuit Pink","სავარჯიშო კომბინიზონი, აქვს გუფკა.
იდეალურად კრავს ტანს და ვიზუალურად ახდუნებს.
მასალა: Polyester","<p>Material: Polyester</p>"
"gid://shopify/Product/8995457728709","Push-up Leggings | Shorts | Leggings","Push-up Shorts Bomby Black V","Push-up Shorts Black","Seamless Push-up Shorts
• Invisible scrunch bum
•Booty contouring and enhancing

<strong>Material and Care:</strong>
• 90% Nylon, 10% Spandex
• Incredibly soft and seamless, you’ll never want to take it off
• Handle with care when wearing and washing this delicate style","<p>Material: 90% Nylon / 10% Spandex</p><p>Feel: Soft, Seamless</p>"
"gid://shopify/Product/8995457761477","Push-up Leggings | Shorts | Leggings | Push-up Shorts","Push-up Shorts Brown Bomby","Push-up Shorts Brown","Seamless Push-up Shorts
• Invisible scrunch bum
•Booty contouring and enhancing

<strong>Material and Care:</strong>
• 90% Nylon, 10% Spandex
• Incredibly soft and seamless, you’ll never want to take it off
• Handle with care when wearing and washing this delicate style","<p>Material: 90% Nylon / 10% Spandex</p><p>Feel: Soft, Seamless</p>"
"gid://shopify/Product/8995457794245","Jumpsuits & Dresses","Tennis Dress Black Flower","Tennis Dress Black Flower","სავარჯიშო კაბა-შორტი, იდეალურად კრავს ტანს და არის კომფორტული ნებისმიერი აქტივობის შესასრულებლად. მასალა: Polyester/Spandex","<p>Material: Spandex / Polyester</p>"
"gid://shopify/Product/8995457827013","Jumpsuits & Dresses","Tennis Dress Pink Flower","Tennis Dress Pink Flower","სავარჯიშო კაბა-შორტი, იდეალურად კრავს ტანს და არის კომფორტული ნებისმიერი აქტივობის შესასრულებლად. მასალა: Polyester/Spandex","<p>Material: Spandex / Polyester</p>"
"gid://shopify/Product/8995457892549","Shorts & Skirts","Pullover Black Motion","Pullover Black","თავისუფალი სტილის გრძელმკლავიანი ზედა

არ ტოვებს ოფლის ლაქებს

მასალა: Nylon / Spandex","<p>Material: Nylon / Spandex</p>"
"gid://shopify/Product/8995457925317","Push-up Leggings | Clearance & Sale | Leggings","Push-up Leggings Grey Leopard","Push-up Leggings Grey Leopard","სავარჯიშო Push-up  ელასტიკი ლეოპარდის პრინტით, იდეალურად კრავს ტანს და კვეთს ფორმებს.

მასალა:  Polyester / Spandex","<p>Material: Spandex / Polyester</p>"
"gid://shopify/Product/8995457958085","Push-up Leggings | Shorts | Clearance & Sale | Leggings | Push-up Shorts","Push-up Shorts Grey Leopard","Push-up Shorts Grey Leopard","სავარჯიშო Push-up  შორტი ლეოპარდის პრინტით, იდეალურად კრავს ტანს და კვეთს ფორმებს.

მასალა:  Polyester / Spandex","<p>Material: Spandex / Polyester</p>"
"gid://shopify/Product/8995458023621","Workout Sets | Push-up Leggings | Clearance & Sale | Leggings","Push-up Set Grey Leopard","Push-up Set Grey Leopard","სავარჯიშო კომპლექტი ლეოპარდის პრინტით, იდეალურად კრავს ტანს და კვეთს ფორმებს, არ ტოვებს ოფლის ლაქებს, ზედას აქვს ღრუბელი.

მასალა:  Polyester / Spandex","<p>Material: Spandex / Polyester</p>"
"gid://shopify/Product/8995458089157","Workout Sets | Push-up Leggings | Clearance & Sale | Leggings","Push-up Set Short Grey Leopard","Push-up Set Grey Leopard","სავარჯიშო კომპლექტი ლეოპარდის პრინტით, იდეალურად კრავს ტანს და კვეთს ფორმებს, არ ტოვებს ოფლის ლაქებს, ზედას აქვს ღრუბელი.

მასალა:  Polyester / Spandex","<p>Material: Spandex / Polyester</p>"
"gid://shopify/Product/8995458121925","Shorts & Skirts","Classic Jacket Black Zip Elegance","Classic Jacket Black","სავარჯიშო ელვიანი ზედა, იდეალურად კრავს ტანს და კვეთს ფორმებს, არ ტოვებს ოფლის ლაქებს

მასალა:  Polyester / Spandex","<p>Material: Spandex / Polyester</p>"
"gid://shopify/Product/8995458154693","Workout Sets | Push-up Leggings | Leggings","Push-up Set Black Zip","Push-up Set Black","სავარჯიშო კომპლექტი ელვიანი ზედით, იდეალურად კრავს ტანს და კვეთს ფორმებს, არ ტოვებს ოფლის ლაქებს, ზედას აქვს ღრუბელი.

მასალა:  Polyester / Spandex","<p>Material: Spandex / Polyester</p>"
"gid://shopify/Product/8995458187461","Shorts & Skirts | Tops | Sports Bras & Tops","Sports Bra Grey Dream","Sports Bra Grey","სავარჯიშო ტოპი შესაკრავით, აქვს გუფკა.
მასალა: Spandex / Polyester","<p>Material: Spandex / Polyester</p>"
"gid://shopify/Product/8995458252997","Push-up Leggings | Leggings","Push-up Crossover Leggings Bomby Dark Green V","Push-up Crossover Leggings Dark Green","Push-up ელასტიკი, იდეალურად კრავს ტანს და კვეთს ფორმებს.

მასალა: Nylon/Polyester","<p>Material: Nylon / Polyester</p>"
"gid://shopify/Product/8995458285765","Shorts & Skirts | Tops | Sports Bras & Tops","Sports Bra Black Rush","Sports Bra Black","შავი ელასტიური სავარჯიშო ტოპი, აქვს გუფკა.
მასალა: Spandex / Polyester","<p>Material: Spandex / Polyester</p>"
"gid://shopify/Product/8995458318533","Jumpsuits & Dresses","Tennis Dress Brown Flower","Tennis Dress Brown Flower","სავარჯიშო კაბა-შორტი, იდეალურად კრავს ტანს და არის კომფორტული ნებისმიერი აქტივობის შესასრულებლად. მასალა: Polyester/Spandex","<p>Material: Spandex / Polyester</p>"
"gid://shopify/Product/8995458351301","Push-up Leggings | Shorts | Leggings","Push-up Shorts Bomby Purple V","Push-up Shorts Purple","Seamless Push-up Shorts
• Invisible scrunch bum
•Booty contouring and enhancing

<strong>Material and Care:</strong>
• 90% Nylon, 10% Spandex
• Incredibly soft and seamless, you’ll never want to take it off
• Handle with care when wearing and washing this delicate style","<p>Material: 90% Nylon / 10% Spandex</p><p>Feel: Soft, Seamless</p>"
"gid://shopify/Product/8995458416837","Push-up Leggings | Leggings","Push-up Leggings Dark Cosmos","Push-up Leggings Dark Cosmos","Seamless Push-up leggings
• Full-length leggings
• Invisible scrunch bum
•Booty contouring and enhancing
•Mesh cutouts at bottom

Material and Care:
• 90% Nylon, 10% Spandex
• Incredibly soft and seamless, you’ll never want to take it off
• Handle with care when wearing and washing this delicate style","<p>Material: 90% Nylon / 10% Spandex</p><p>Feel: Soft, Seamless</p>"
"gid://shopify/Product/8995458449605","Jumpsuits & Dresses | Push-up Leggings | Leggings","Jumpsuit Black Podium","Jumpsuit Black","Flared Push-Up Jumpsuit designed to enhance your curves and provide maximum support, offering a chic, sophisticated look.
• Built-in shelf bra with two layers and removable cups provides extra support
•Long Sleeve
•Invisible scrunch bum

<strong>Material and Care:</strong>
• 90% Nylon, 10% Spandex
• For optimal care of this sportswear, follow the care label instructions and use the delicate cycle.","<p>Material: 90% Nylon / 10% Spandex</p>"
"gid://shopify/Product/8995458482373","Workout Sets","სამეული Black Glow Podium","Workout Set Black","3 pcs Set with Flared Set for a chic and stylish fit, includes: top, flared leggings and regular leggings.

<strong>Material and care:</strong>
•78% Nylon, 22% Spandex
• For optimal care of this sportswear, follow the care label instructions and use the delicate cycle","<p>Material: 78% Nylon / 22% Spandex</p>"
"gid://shopify/Product/8995458515141","Jumpsuits & Dresses | Clearance & Sale","Jumpsuit Black Long Stone","Jumpsuit Black","Jumpsuit designed to enhance your curves and provide maximum support, offering a chic, sophisticated look.
• Built-in shelf bra with two layers and removable cups provides extra support
•Long Sleeve

<strong>Material and Care:</strong>
• 90% Nylon, 10% Spandex
• For optimal care of this sportswear, follow the care label instructions and use the delicate cycle.","<p>Material: 90% Nylon / 10% Spandex</p>"
"gid://shopify/Product/8995458547909","Jumpsuits & Dresses","Jumpsuit Black Stone","Jumpsuit Black","Jumpsuit designed to enhance your curves and provide maximum support, offering a chic, sophisticated look.
• Built-in shelf bra with two layers and removable cups provides extra support
•Short Sleeve

<strong>Material and Care:</strong>
• 90% Nylon, 10% Spandex
• For optimal care of this sportswear, follow the care label instructions and use the delicate cycle.","<p>Material: 90% Nylon / 10% Spandex</p>"
"gid://shopify/Product/8995458613445","Workout Sets","Flared Set Brown Vouge","Flared Set Brown","Set with Flared Set for a chic and stylish fit
<strong>Material and care:</strong>
•Nylon, Spandex
• For optimal care of this sportswear, follow the care label instructions and use the delicate cycle","<p>Material: Nylon / Spandex</p>"
"gid://shopify/Product/8995458646213","Workout Sets","Flared Set Black Vouge","Flared Set Black","Set with Flared Set for a chic and stylish fit
<strong>Material and care:</strong>
•Nylon, Spandex
• For optimal care of this sportswear, follow the care label instructions and use the delicate cycle","<p>Material: Nylon / Spandex</p>"
"gid://shopify/Product/8995458678981","Workout Sets","Flared Set Beige Vouge","Flared Set Beige","Set with Flared Set for a chic and stylish fit
<strong>Material and care:</strong>
•Nylon, Spandex
• For optimal care of this sportswear, follow the care label instructions and use the delicate cycle","<p>Material: Nylon / Spandex</p>"
"gid://shopify/Product/8995458711749","Workout Sets | Push-up Leggings | Leggings","Push-up Set Green Spirit","Push-up Set Green","Push-Up კომპლექტი, იდეალურად კრავს ტანს და კვეთს ფორმებს, არ ტოვებს ოფლის ლაქებს, ზედას აქვს გუფკა.

მასალა: Polyester / Spandex","<p>Material: Spandex / Polyester</p>"
"gid://shopify/Product/8995458744517","Workout Sets | Push-up Leggings | Leggings","Push-up Set Black Spirit","Push-up Set Black","Push-Up კომპლექტი, იდეალურად კრავს ტანს და კვეთს ფორმებს, არ ტოვებს ოფლის ლაქებს, ზედას აქვს გუფკა.

მასალა: Polyester / Spandex","<p>Material: Spandex / Polyester</p>"
"gid://shopify/Product/8995458810053","Jumpsuits & Dresses","Short Jumpsuit Black Mesh","Short Jumpsuit Black Mesh","მოკლემკლავიანი მოკლე კომბინიზონი ელვით, გვერდებზე აქვს ბადე, იდეალურად კრავს ტანს და კვეთს ფორმებს.
მკერდზე არ აქვს ღრუბელი*

მასალა: Polyester / Spandex","<p>Material: Spandex / Polyester</p>"
"gid://shopify/Product/8995458842821","Jumpsuits & Dresses | Clearance & Sale","Short Jumpsuit White Mesh","Short Jumpsuit White Mesh","მოკლემკლავიანი მოკლე კომბინიზონი ელვით, გვერდებზე აქვს ბადე, იდეალურად კრავს ტანს და კვეთს ფორმებს.
მკერდზე არ აქვს ღრუბელი*

მასალა: Polyester / Spandex","<p>Material: Spandex / Polyester</p>"
"gid://shopify/Product/8995458875589","Shorts & Skirts","Zip Jacket Baby Pink Ziper","Zip Jacket Baby Pink","გრძელმკლავიანი კაპიუშონიანი ზედა ელვა შესაკრავით, იდეალურად კრავს ტანს და კვეთს ფორმებს.

არ ტოვებს ოფლის ლაქებს

მასალა: Nylon / Spandex","<p>Material: Nylon / Spandex</p>"
"gid://shopify/Product/8995458941125","Shorts & Skirts","Zip Jacket Black Ziper","Zip Jacket Black","გრძელმკლავიანი კაპიუშონიანი ზედა ელვა შესაკრავით, იდეალურად კრავს ტანს და კვეთს ფორმებს.

არ ტოვებს ოფლის ლაქებს

მასალა: Nylon / Spandex","<p>Material: Nylon / Spandex</p>"
"gid://shopify/Product/8995458973893","Shorts & Skirts | Tops | T-Shirts & Jackets","Fleece Jacket Black Bear","Fleece Jacket Black","გრძელმკლავიანი დათბილული შემოსაცმელი  ელვა შესაკრავით

მასალა: Nylon / Spandex","<p>Material: Nylon / Spandex</p>"
"gid://shopify/Product/8995459006661","Workout Sets","Set Black Glow Podium","Workout Set Black","3 pcs Set with Flared Set for a chic and stylish fit, includes: top, flared leggings and regular leggings.

<strong>Material and care:</strong>
•78% Nylon, 22% Spandex
• For optimal care of this sportswear, follow the care label instructions and use the delicate cycle","<p>Material: 78% Nylon / 22% Spandex</p>"
"gid://shopify/Product/8995459039429","Push-up Leggings | Leggings","Push-up Leggings Peacock Bomby","Push-up Leggings Peacock","Seamless Push-up leggings
• Full-length leggings
• Invisible scrunch bum
•Booty contouring and enhancing

<strong>Material and Care:</strong>
• 90% Nylon, 10% Spandex
• Incredibly soft and seamless, you’ll never want to take it off
• Handle with care when wearing and washing this delicate style","<p>Material: 90% Nylon / 10% Spandex</p><p>Feel: Soft, Seamless</p>"
"gid://shopify/Product/8995459072197","Workout Sets | Classic Leggings Sets","Set Black Classic","Workout Set Black","შავი ორეული გრძელმლავიანი მოკლე ზედით, იდეალურად კრავს ტანს და კვეთს ფორმებს, არ ტოვებს ოფლის ლაქებს, *ზედას აქვს ღრუბელი.

მასალა:  Polyester / Spandex","<p>Material: Spandex / Polyester</p>"
"gid://shopify/Product/8995459104965","Jumpsuits & Dresses","Jumpsuit Light Grey Verona","Jumpsuit Light Grey","მოკლე სავარჯიშო კომბინიზონი. იდეალურად კრავს ტანს, ვიზუალურად ახდუნებს და გამოკვეთს ფორმებს. მკერდზე აქვს ღრუბელი

მასალა: Polyester/Spandex","<p>Material: Spandex / Polyester</p>"
"gid://shopify/Product/8995459137733","Shorts & Skirts","Crop Top Black Classic","Crop Top Black","სავაჯიშო მოკლე მაისური, არ აქვს გუფკა.
მასალა: Spandex / Polyester","<p>Material: Spandex / Polyester</p>"
"gid://shopify/Product/8995459170501","Leggings","Flared Leggings Brown Gen","Flared Leggings Brown","Flared Leggings for a chic and stylish fit
•High-waisted
<strong>Material and care:</strong>
•78% Nylon, 22% Spandex
• For optimal care of this sportswear, follow the care label instructions and use the delicate cycle","<p>Material: 78% Nylon / 22% Spandex</p>"
"gid://shopify/Product/8995459236037","Shorts & Skirts","Crop Top Grey Classic (","Crop Top Grey","სავაჯიშო მოკლე მაისური, არ აქვს გუფკა.
მასალა: Spandex / Polyester","<p>Material: Spandex / Polyester</p>"
"gid://shopify/Product/8995459268805","Shorts & Skirts | Tops | Sports Bras & Tops","Sports Bra Green Run","Sports Bra Green","სავაჯიშო ბრა, მკერდზე აქვს ღრუბელი*
მასალა: Spandex / Polyester","<p>Material: Spandex / Polyester</p>"
"gid://shopify/Product/8995459301573","Shorts & Skirts | Tops | Sports Bras & Tops","Sports Bra Grey Run","Sports Bra Grey","სავაჯიშო ბრა, მკერდზე აქვს ღრუბელი*
მასალა: Spandex / Polyester","<p>Material: Spandex / Polyester</p>"
"gid://shopify/Product/8995459334341","Shorts & Skirts | Tops | Sports Bras & Tops","Sports Bra White Run","Sports Bra White","სავაჯიშო ბრა, მკერდზე აქვს ღრუბელი*
მასალა: Spandex / Polyester","<p>Material: Spandex / Polyester</p>"
"gid://shopify/Product/8995459367109","Shorts & Skirts | Tops | Sports Bras & Tops","Sports Bra Purple Run","Sports Bra Purple","სავაჯიშო ბრა, მკერდზე აქვს ღრუბელი*
მასალა: Spandex / Polyester","<p>Material: Spandex / Polyester</p>"
"gid://shopify/Product/8995459399877","Shorts & Skirts | Tops | Sports Bras & Tops","Sports Bra Leopard Run","Sports Bra Leopard","სავაჯიშო ბრა, მკერდზე აქვს ღრუბელი*
მასალა: Spandex / Polyester","<p>Material: Spandex / Polyester</p>"
"gid://shopify/Product/8995459432645","Shorts & Skirts | Tops | T-Shirts & Jackets","Short Sleeve Jacket Black Zip","Short Sleeve Jacket Black","ელასტიური სავარჯიშო ჯაკეტი ელვა-შესაკრავით,  *მკერდზე არ აქვს ღრუბელი
მასალა: Spandex / Polyester","<p>Material: Spandex / Polyester</p>"
"gid://shopify/Product/8995459465413","Shorts & Skirts | Tops | T-Shirts & Jackets","Short Sleeve Jacket Brown Zip","Short Sleeve Jacket Brown","ელასტიური სავარჯიშო ჟაკეტი ელვა-შესაკრავით, მკერდზე არ აქვს ღრუბელი
მასალა: Spandex / Polyester","<p>Material: Spandex / Polyester</p>"
"gid://shopify/Product/8995459498181","Shorts & Skirts | Tops | T-Shirts & Jackets","Short Sleeve Jacket Beige Zip","Short Sleeve Jacket Beige","ელასტიური სავარჯიშო ჟაკეტი ელვა-შესაკრავით, მკერდზე არ აქვს ღრუბელი
მასალა: Spandex / Polyester","<p>Material: Spandex / Polyester</p>"
"gid://shopify/Product/8995459530949","Shorts & Skirts | Tops | T-Shirts & Jackets","Short Sleeve Jacket Grey Zip","Short Sleeve Jacket Grey","ელასტიური სავარჯიშო ჟაკეტი ელვა-შესაკრავით, მკერდზე არ აქვს ღრუბელი
მასალა: Spandex / Polyester","<p>Material: Spandex / Polyester</p>"
"gid://shopify/Product/8995459563717","Leggings","Flared Leggings Black Storm","Flared Leggings Black","Flared Leggings for a chic and stylish fit
•High-waisted
<strong>Material and care:</strong>
•78% Nylon, 22% Spandex
• For optimal care of this sportswear, follow the care label instructions and use the delicate cycle","<p>Material: 78% Nylon / 22% Spandex</p>"
"gid://shopify/Product/8995459596485","Leggings | Flared Leggings","Flared Leggings Grass Green Storm","Flared Leggings Grass Green","Flared Leggings for a chic and stylish fit
•High-waisted
<strong>Material and care:</strong>
•78% Nylon, 22% Spandex
• For optimal care of this sportswear, follow the care label instructions and use the delicate cycle","<p>Material: 78% Nylon / 22% Spandex</p>"
"gid://shopify/Product/8995459629253","Leggings","Flared Leggings Light Grey Storm","Flared Leggings Light Grey","Flared Leggings for a chic and stylish fit
•High-waisted
<strong>Material and care:</strong>
•78% Nylon, 22% Spandex
• For optimal care of this sportswear, follow the care label instructions and use the delicate cycle","<p>Material: 78% Nylon / 22% Spandex</p>"
"gid://shopify/Product/8995459662021","Leggings | Flared Leggings","Flared Leggings Baby Pink V","Flared Leggings Baby Pink","Flared Leggings for a chic and stylish fit
•Medium high-waisted
<strong>Material and care:</strong>
• Nylon,  Spandex
• For optimal care of this sportswear, follow the care label instructions and use the delicate cycle","<p>Material: Nylon / Spandex</p>"
"gid://shopify/Product/8995459727557","Leggings","Flared Leggings Black V","Flared Leggings Black","Flared Leggings for a chic and stylish fit
•Medium high-waisted
<strong>Material and care:</strong>
• Nylon,  Spandex
• For optimal care of this sportswear, follow the care label instructions and use the delicate cycle","<p>Material: Nylon / Spandex</p>"
"gid://shopify/Product/8995459760325","Leggings","Flared Leggings Khaki V","Flared Leggings Khaki","Flared Leggings for a chic and stylish fit
•Medium high-waisted
<strong>Material and care:</strong>
• Nylon,  Spandex
• For optimal care of this sportswear, follow the care label instructions and use the delicate cycle","<p>Material: Nylon / Spandex</p>"
"gid://shopify/Product/8995459793093","Shorts & Skirts | Tops | Sports Bras & Tops","Crop Top Black Classic V","Crop Top Black","მოკლემკლავიანი ტოპი, იდეალურად კრავს ტანს და კვეთს ფორმებს, არ ტოვებს ოფლის ლაქებს
*ტოპი არ არის მკერდზე ღრუბლით  მასალა: Nylon / Spandex","<p>Material: Nylon / Spandex</p>"
"gid://shopify/Product/8995459825861","Shorts & Skirts | Tops | Sports Bras & Tops","Crop Top White Classic V","Crop Top White","მოკლემკლავიანი ტოპი, იდეალურად კრავს ტანს და კვეთს ფორმებს, არ ტოვებს ოფლის ლაქებს
*ტოპი არ არის მკერდზე ღრუბლით  მასალა: Nylon / Spandex","<p>Material: Nylon / Spandex</p>"
"gid://shopify/Product/8995459891397","Shorts & Skirts | Tops | Sports Bras & Tops","Crop Top Blue Classic V","Crop Top Blue","მოკლემკლავიანი ტოპი, იდეალურად კრავს ტანს და კვეთს ფორმებს, არ ტოვებს ოფლის ლაქებს
*ტოპი არ არის მკერდზე ღრუბლით  მასალა: Nylon / Spandex","<p>Material: Nylon / Spandex</p>"
"gid://shopify/Product/8995459924165","Shorts & Skirts | Tops | Sports Bras & Tops","Crop Top Khaki Classic V","Crop Top Khaki","მოკლემკლავიანი ტოპი, იდეალურად კრავს ტანს და კვეთს ფორმებს, არ ტოვებს ოფლის ლაქებს
*ტოპი არ არის მკერდზე ღრუბლით  მასალა: Nylon / Spandex","<p>Material: Nylon / Spandex</p>"
"gid://shopify/Product/8995459956933","Shorts & Skirts | Tops | Sports Bras & Tops","Crop Top Pink Classic V","Crop Top Pink","მოკლემკლავიანი ტოპი, იდეალურად კრავს ტანს და კვეთს ფორმებს, არ ტოვებს ოფლის ლაქებს
*ტოპი არ არის მკერდზე ღრუბლით  მასალა: Nylon / Spandex","<p>Material: Nylon / Spandex</p>"
"gid://shopify/Product/8995459989701","Jumpsuits & Dresses","Short Jumpsuit Pink Panther","Short Jumpsuit Pink Panther","მოკლემკლავიანი მოკლე კომბინიზონი ელვით, იდეალურად კრავს ტანს და კვეთს ფორმებს.
მკერდზე არ აქვს ღრუბელი*

მასალა: Polyester / Spandex","<p>Material: Spandex / Polyester</p>"
"gid://shopify/Product/8995460022469","Shorts & Skirts | Tops | Sports Bras & Tops","Sports Top Baby Pink Rox V","Sports Top Baby Pink","ელასტიური სავარჯიშო გრძელი ტოპი, აქვს ღრუბელი.
მასალა: Spandex / Polyester","<p>Material: Spandex / Polyester</p>"
"gid://shopify/Product/8995460120773","Shorts & Skirts | Tops | Sports Bras & Tops","Sports Top Black Rox V","Sports Top Black","ელასტიური სავარჯიშო ტოპი, მკერდზე აქვს ღრუბელი.
მასალა: Spandex / Polyester","<p>Material: Spandex / Polyester</p>"
"gid://shopify/Product/8995460153541","Shorts & Skirts | Tops | Sports Bras & Tops","Sports Top Khaki Rox V","Sports Top Khaki","ელასტიური სავარჯიშო ტოპი, მკერდზე აქვს ღრუბელი.
მასალა: Spandex / Polyester","<p>Material: Spandex / Polyester</p>"
"gid://shopify/Product/8995460219077","Shorts | Classic Shorts","Shorts Black Classic Rain V","Shorts Black","შავი შორტი, იდეალურად კრავს ტანს
მასალა: Spandex / Polyester","<p>Material: Spandex / Polyester</p>"
"gid://shopify/Product/8995460251845","Leggings | Classic Leggings","Leggings Red Sunshine","Leggings Red","Seamless leggings
• Full-length leggings
• Invisible scrunch bum
•Booty contouring and enhancing

<strong>Material and Care:</strong>
• Nylon, Spandex
• Incredibly soft and seamless, you’ll never want to take it off
• Handle with care when wearing and washing this delicate style","<p>Material: Nylon / Spandex</p><p>Feel: Soft, Seamless</p>"
"gid://shopify/Product/8995460284613","Leggings | Classic Leggings","Leggings Black Sunshine","Leggings Black","Seamless leggings
• Full-length leggings
• Invisible scrunch bum
•Booty contouring and enhancing

<strong>Material and Care:</strong>
• Nylon, Spandex
• Incredibly soft and seamless, you’ll never want to take it off
• Handle with care when wearing and washing this delicate style","<p>Material: Nylon / Spandex</p><p>Feel: Soft, Seamless</p>"
"gid://shopify/Product/8995460317381","Leggings | Classic Leggings","Leggings Baby Pink Sunshine","Leggings Baby Pink","Seamless leggings
• Full-length leggings
• Invisible scrunch bum
•Booty contouring and enhancing

<strong>Material and Care:</strong>
• Nylon, Spandex
• Incredibly soft and seamless, you’ll never want to take it off
• Handle with care when wearing and washing this delicate style","<p>Material: Nylon / Spandex</p><p>Feel: Soft, Seamless</p>"
"gid://shopify/Product/8995460350149","Jumpsuits & Dresses","Jumpsuit Baby Pink Sunshine","Jumpsuit Baby Pink","სავარჯიშო კომბინიზონი, მკერდზე აქვს ღრუბელი.
იდეალურად კრავს ტანს და ვიზუალურად ახდუნებს.
მასალა: Polyester","<p>Material: Polyester</p>"
"gid://shopify/Product/8995460382917","Jumpsuits & Dresses","Jumpsuit Black Sunshine","Jumpsuit Black","სავარჯიშო კომბინიზონი, მკერდზე აქვს ღრუბელი.
იდეალურად კრავს ტანს და ვიზუალურად ახდუნებს.
მასალა: Polyester","<p>Material: Polyester</p>"
"gid://shopify/Product/8995460448453","Jumpsuits & Dresses","Jumpsuit Red Sunshine","Jumpsuit Red","სავარჯიშო კომბინიზონი, მკერდზე აქვს ღრუბელი.
იდეალურად კრავს ტანს და ვიზუალურად ახდუნებს.
მასალა: Polyester","<p>Material: Polyester</p>"
"gid://shopify/Product/8995460481221","Shorts & Skirts | Tops | T-Shirts & Jackets","T-Shirt White Love","T-Shirt White","თეთრი ელასტიური სავარჯიშო მაისური, არ აქვს ღრუბელი
მასალა: Spandex / Polyester","<p>Material: Spandex / Polyester</p>"
"gid://shopify/Product/8995460513989","Shorts & Skirts | Tops | T-Shirts & Jackets","T-Shirt Black Love","T-Shirt Black","შავი ელასტიური სავარჯიშო მაისური, არ აქვს ღრუბელი
მასალა: Spandex / Polyester","<p>Material: Spandex / Polyester</p>"
"gid://shopify/Product/8995460546757","Leggings | Classic Leggings","Classic Leggings Classy Brown","Classic Leggings Brown","სავარჯიშო ელასტიკი, იდეალურად კრავს ტანს და გამოკვეთს ფორმებს.

მასალა: Spandex / Polyester","<p>Material: Spandex / Polyester</p>"
"gid://shopify/Product/8995460579525","Leggings | Classic Leggings","Classic Leggings Classy Black","Classic Leggings Black","შავი სავარჯიშო ელასტიკი, იდეალურად კრავს ტანს და გამოკვეთს უკანალს.

მასალა: Spandex / Polyester","<p>Material: Spandex / Polyester</p>"
"gid://shopify/Product/8995460612293","Leggings","Classic Leggings Classy Navy","Classic Leggings Navy","სავარჯიშო ელასტიკი, იდეალურად კრავს ტანს და გამოკვეთს უკანალს.

მასალა: Spandex / Polyester","<p>Material: Spandex / Polyester</p>"
"gid://shopify/Product/8995460645061","Leggings | Classic Leggings","Classic Leggings Classy Dark Purple","Classic Leggings Dark Purple","სავარჯიშო ელასტიკი, იდეალურად კრავს ტანს და გამოკვეთს უკანალს.

მასალა: Spandex / Polyester","<p>Material: Spandex / Polyester</p>"
"gid://shopify/Product/8995460677829","Leggings | Classic Leggings","Classic Leggings Classy Dark Grey","Classic Leggings Dark Grey","სავარჯიშო ელასტიკი, იდეალურად კრავს ტანს და გამოკვეთს უკანალს.

მასალა: Spandex / Polyester","<p>Material: Spandex / Polyester</p>"
"gid://shopify/Product/8995460743365","Push-up Leggings | Shorts | Leggings | Push-up Shorts","Push-up Shorts Dark Grey V","Push-up Shorts Dark Grey","სავარჯიშო Push-up შორტი ამოჭრილი წელით, იდეალურად კრავს ტანს და გამოკვეთს უკანალს.

მასალა: Spandex / Polyester","<p>Material: Spandex / Polyester</p>"
"gid://shopify/Product/8995460808901","Push-up Leggings | Shorts | Leggings | Push-up Shorts","Push-up Shorts Dark Purple V","Push-up Shorts Dark Purple","სავარჯიშო Push-up შორტი ამოჭრილი წელით, იდეალურად კრავს ტანს და გამოკვეთს უკანალს.

მასალა: Spandex / Polyester","<p>Material: Spandex / Polyester</p>"
"gid://shopify/Product/8995460841669","Push-up Leggings | Shorts | Leggings | Push-up Shorts","Push-up Shorts Aqua Blue V","Push-up Shorts Aqua Blue","სავარჯიშო Push-up შორტი ამოჭრილი წელით, იდეალურად კრავს ტანს და გამოკვეთს უკანალს.

მასალა: Spandex / Polyester","<p>Material: Spandex / Polyester</p>"
"gid://shopify/Product/8995460874437","Shorts & Skirts | Tops | Sports Bras & Tops","Sports Bra Light Grey Aurora","Sports Bra Light Grey","სავაჯიშო მოკლე ტოპი, *მკერდზე აქვს ღრუბელი.
მასალა: Spandex / Polyester","<p>Material: Spandex / Polyester</p>"
"gid://shopify/Product/8995460907205","Shorts & Skirts | Tops | Sports Bras & Tops","Sports Bra Black Aurora","Sports Bra Black","სავაჯიშო მოკლე ტოპი, *მკერდზე აქვს ღრუბელი.
მასალა: Spandex / Polyester","<p>Material: Spandex / Polyester</p>"
"gid://shopify/Product/8995460939973","Shorts & Skirts | Tops | Sports Bras & Tops","Sports Bra Khaki Heaven","Sports Bra Khaki","სავარჯიშო ტოპი,
*მკერდზე აქვს ღრუბელი
მასალა: Polyester/Nylon","<p>Material: Nylon / Polyester</p>"
"gid://shopify/Product/8995460972741","Shorts & Skirts | Tops | Sports Bras & Tops","Sports Bra Black Heaven","Sports Bra Black","სავარჯიშო ტოპი,
*მკერდზე აქვს ღრუბელი
მასალა: Polyester/Nylon","<p>Material: Nylon / Polyester</p>"
"gid://shopify/Product/8995461005509","Shorts & Skirts | Tops | Sports Bras & Tops","Sports Bra Brown Heaven","Sports Bra Brown","სავარჯიშო ტოპი,
*მკერდზე აქვს ღრუბელი
მასალა: Polyester/Nylon","<p>Material: Nylon / Polyester</p>"
"gid://shopify/Product/8995461038277","Shorts & Skirts | Tops | Sports Bras & Tops","Sports Bra Baby Blue Heaven","Sports Bra Baby Blue","სავარჯიშო ტოპი,
*მკერდზე აქვს ღრუბელი
მასალა: Polyester/Nylon","<p>Material: Nylon / Polyester</p>"
"gid://shopify/Product/8995461103813","Shorts & Skirts | Tops | Sports Bras & Tops","Sports Bra Baby Pink Heaven","Sports Bra Baby Pink","სავარჯიშო ტოპი,
*მკერდზე აქვს ღრუბელი
მასალა: Polyester/Nylon","<p>Material: Nylon / Polyester</p>"
"gid://shopify/Product/8995461136581","Leggings | Flared Leggings","Flared Leggings Black Gen","Flared Leggings Black","Flared Leggings for a chic and stylish fit
•Middle-waisted
<strong>Material and care:</strong>
•78% Nylon, 22% Spandex
• For optimal care of this sportswear, follow the care label instructions and use the delicate cycle","<p>Material: 78% Nylon / 22% Spandex</p>"
"gid://shopify/Product/8995461169349","Leggings | Flared Leggings","Flared Leggings Baby Blue Gen","Flared Leggings Baby Blue","Flared Leggings for a chic and stylish fit
•Middle-waisted
<strong>Material and care:</strong>
•78% Nylon, 22% Spandex
• For optimal care of this sportswear, follow the care label instructions and use the delicate cycle","<p>Material: 78% Nylon / 22% Spandex</p>"
"gid://shopify/Product/8995461202117","Shorts & Skirts | Tops | Sports Bras & Tops","Sports Top Brown Podium","Sports Top Brown","სავარჯიშო ტოპი,
*მკერდზე აქვს ღრუბელი
მასალა: Polyester/Nylon","<p>Material: Nylon / Polyester</p>"
"gid://shopify/Product/8995461234885","Shorts & Skirts | Tops | Sports Bras & Tops","Sports Top Baby Pink Podium","Sports Top Baby Pink","სავარჯიშო ტოპი,
*მკერდზე აქვს ღრუბელი
მასალა: Polyester/Nylon","<p>Material: Nylon / Polyester</p>"
"gid://shopify/Product/8995461300421","Shorts & Skirts | Tops | Sports Bras & Tops","Sports Top Baby Blue Podium","Sports Top Baby Blue","სავარჯიშო ტოპი,
*მკერდზე აქვს ღრუბელი
მასალა: Polyester/Nylon","<p>Material: Nylon / Polyester</p>"
"gid://shopify/Product/8995461365957","Shorts & Skirts | Tops | Sports Bras & Tops","Sports Top Black Podium","Sports Top Black","სავაჯიშო მოკლე ტოპი, *მკერდზე აქვს ღრუბელი.
მასალა: Spandex / Polyester","<p>Material: Spandex / Polyester</p>"
"gid://shopify/Product/8995461398725","Leggings | Flared Leggings","Flared Leggings Baby Pink Gen","Flared Leggings Baby Pink","Flared Leggings for a chic and stylish fit
•Middle-waisted
<strong>Material and care:</strong>
•78% Nylon, 22% Spandex
• For optimal care of this sportswear, follow the care label instructions and use the delicate cycle","<p>Material: 78% Nylon / 22% Spandex</p>"
"gid://shopify/Product/8995461431493","Leggings | Flared Leggings","Flared Leggings Navy Gen","Flared Leggings Navy","Flared Leggings for a chic and stylish fit
•Middle-waisted
<strong>Material and care:</strong>
•78% Nylon, 22% Spandex
• For optimal care of this sportswear, follow the care label instructions and use the delicate cycle","<p>Material: 78% Nylon / 22% Spandex</p>"
"gid://shopify/Product/8995461497029","Jumpsuits & Dresses","Jumpsuit Pink Love","Jumpsuit Pink","სავარჯიშო კომბინიზონი, მკერდზე აქვს ღრუბელი.
იდეალურად კრავს ტანს და ვიზუალურად ახდუნებს.
მასალა: Polyester","<p>Material: Polyester</p>"
"gid://shopify/Product/8995461529797","Jumpsuits & Dresses | Jumpsuits","Jumpsuit Black Podium","Jumpsuit Black","სავარჯიშო კომბინიზონი, მკერდზე აქვს ღრუბელი.
იდეალურად კრავს ტანს და ვიზუალურად ახდუნებს.
მასალა: Polyester","<p>Material: Polyester</p>"
"gid://shopify/Product/8995461562565","Push-up Leggings | Leggings","Push-up Leggings Bomby Dark Green","Push-up Leggings Dark Green","Seamless Push-up leggings
• Full-length leggings
• Invisible scrunch bum
•Booty contouring and enhancing

<strong>Material and Care:</strong>
• 90% Nylon, 10% Spandex
• Incredibly soft and seamless, you’ll never want to take it off
• Handle with care when wearing and washing this delicate style","<p>Material: 90% Nylon / 10% Spandex</p><p>Feel: Soft, Seamless</p>"
"gid://shopify/Product/8995461595333","Workout Sets | Push-up Leggings | Leggings","Push-Up Set Red Moon","Push-up Set Red","Push-Up კომპლექტი შორტით, იდეალურად კრავს ტანს და კვეთს ფორმებს, არ ტოვებს ოფლის ლაქებს, ზედას აქვს გუფკა.

მასალა: Polyester / Spandex","<p>Material: Spandex / Polyester</p>"
"gid://shopify/Product/8995461660869","Workout Sets | Push-up Leggings | Leggings","Push-Up Set Black Moon","Push-up Set Black","Push-Up კომპლექტი შორტით, იდეალურად კრავს ტანს და კვეთს ფორმებს, არ ტოვებს ოფლის ლაქებს, ზედას აქვს გუფკა.

მასალა: Polyester / Spandex","<p>Material: Spandex / Polyester</p>"
"gid://shopify/Product/8995461693637","Workout Sets | Push-up Leggings | Leggings","Push-Up Set Purple Moon","Push-up Set Purple","Push-Up კომპლექტი შორტით, იდეალურად კრავს ტანს და კვეთს ფორმებს, არ ტოვებს ოფლის ლაქებს, ზედას აქვს გუფკა.

მასალა: Polyester / Spandex","<p>Material: Spandex / Polyester</p>"
"gid://shopify/Product/8995461726405","Shorts & Skirts | Trending Now | Tops | Sports Bras & Tops","Sports Bra Baby Pink Run","Sports Bra Baby Pink","სავარჯიშო ტოპი,
*მკერდზე აქვს ღრუბელი
მასალა: Polyester/Nylon","<p>Material: Nylon / Polyester</p>"
"gid://shopify/Product/8995461759173","Shorts & Skirts | Tops | Sports Bras & Tops","Sports Bra Baby Blue Run","Sports Bra Baby Blue","სავარჯიშო ტოპი,
*მკერდზე აქვს ღრუბელი
მასალა: Polyester/Nylon","<p>Material: Nylon / Polyester</p>"
"gid://shopify/Product/8995461791941","Workout Sets | Push-up Leggings | Leggings | Push-up Leggings Sets","Push-up Set Baby Pink Spirit","Push-up Set Baby Pink","Push-Up კომპლექტი, იდეალურად კრავს ტანს და კვეთს ფორმებს, არ ტოვებს ოფლის ლაქებს, ზედას აქვს გუფკა.

მასალა: Polyester / Spandex","<p>Material: Spandex / Polyester</p>"
"gid://shopify/Product/8995461857477","Workout Sets | Push-up Leggings | Leggings | Push-up Leggings Sets","Push-up Set Light Grey Leopard Spirit","Push-up Set Light Grey Leopard","სავარჯიშო Push-up კომპლექტი ლეოპარდის პრინტით, იდეალურად კრავს ტანს და კვეთს ფორმებს, არ ტოვებს ოფლის ლაქებს, ზედას აქვს გუფკა.

მასალა:  Polyester / Spandex","<p>Material: Spandex / Polyester</p>"
"gid://shopify/Product/8995461923013","Workout Sets | Push-up Leggings | Leggings | Push-up Short Sets","Push-up Set Short Green Spirit","Push-up Set Green","Push-Up კომპლექტი, იდეალურად კრავს ტანს და კვეთს ფორმებს, არ ტოვებს ოფლის ლაქებს, ზედას აქვს გუფკა.

მასალა: Polyester / Spandex","<p>Material: Spandex / Polyester</p>"
"gid://shopify/Product/8995461955781","Workout Sets | Push-up Leggings | Leggings | Push-up Short Sets","Push-up Set Short Grey Spirit","Push-up Set Grey","Push-Up კომპლექტი, იდეალურად კრავს ტანს და კვეთს ფორმებს, არ ტოვებს ოფლის ლაქებს, ზედას აქვს გუფკა.

მასალა: Polyester / Spandex","<p>Material: Spandex / Polyester</p>"
"gid://shopify/Product/8995462086853","Workout Sets | Push-up Leggings | Leggings | Push-up Leggings Sets","Push-up Set Baby Blue Spirit","Push-up Set Baby Blue","Push-Up კომპლექტი, იდეალურად კრავს ტანს და კვეთს ფორმებს, არ ტოვებს ოფლის ლაქებს, ზედას აქვს გუფკა.

მასალა: Polyester / Spandex","<p>Material: Spandex / Polyester</p>"
"gid://shopify/Product/8995462119621","Workout Sets | Push-up Leggings | Leggings | Push-up Short Sets","Push-up Set Short Peach Spirit","Push-up Set Peach","Push-Up კომპლექტი, იდეალურად კრავს ტანს და კვეთს ფორმებს, არ ტოვებს ოფლის ლაქებს, ზედას აქვს გუფკა.

მასალა: Polyester / Spandex","<p>Material: Spandex / Polyester</p>"
"gid://shopify/Product/8995462185157","Workout Sets | Push-up Leggings | Leggings | Push-up Short Sets","Push-up Set Short Black Spirit","Push-up Set Black","Push-Up კომპლექტი, იდეალურად კრავს ტანს და კვეთს ფორმებს, არ ტოვებს ოფლის ლაქებს, ზედას აქვს გუფკა.

მასალა: Polyester / Spandex","<p>Material: Spandex / Polyester</p>"
"gid://shopify/Product/8995462217925","Workout Sets | Push-up Leggings | Leggings | Push-up Leggings Sets","Push-up Set Dark Grey Leopard Spirit","Push-up Set Dark Grey Leopard","სავარჯიშო Push-up კომპლექტი ლეოპარდის პრინტით, იდეალურად კრავს ტანს და კვეთს ფორმებს, არ ტოვებს ოფლის ლაქებს, ზედას აქვს გუფკა.

მასალა:  Polyester / Spandex","<p>Material: Spandex / Polyester</p>"
"gid://shopify/Product/8995462250693","Workout Sets | Push-up Leggings Sets | Classic Leggings Sets","Set Black Podium","Workout Set Black","2 pcs Set with Flared Set for a chic and stylish fit, includes: bra and flared leggings.

Material and care:
Nylon,Spandex
• For optimal care of this sportswear, follow the care label instructions and use the delicate cycle","<p>Material: Nylon / Spandex</p>"
"gid://shopify/Product/8995462283461","Jumpsuits & Dresses | Jumpsuits","Short Jumpsuit Pink Sculpt","Short Jumpsuit Pink","მოკლე სავარჯიშო კომბინიზონი. იდეალურად კრავს ტანს, ვიზუალურად ახდუნებს და გამოკვეთს ფორმებს.
მასალა: Polyester/Spandex 
მკერდზე აქვს ღრუბელი*","<p>Material: Spandex / Polyester</p>"
"gid://shopify/Product/8995462316229","Jumpsuits & Dresses | Jumpsuits","Short Jumpsuit Black Sculpt","Short Jumpsuit Black","მოკლე სავარჯიშო კომბინიზონი. იდეალურად კრავს ტანს, ვიზუალურად ახდუნებს და გამოკვეთს ფორმებს.

მასალა: Polyester/Spandex","<p>Material: Spandex / Polyester</p>"
"gid://shopify/Product/8995462381765","Jumpsuits & Dresses | Push-up Leggings | Leggings","Push-up Jumpsuit Black Symphony","Push-up Jumpsuit Black","მოკლე სავარჯიშო კომბინიზონი. იდეალურად კრავს ტანს, ვიზუალურად ახდუნებს და გამოკვეთს ფორმებს.

მასალა: Polyester/Spandex","<p>Material: Spandex / Polyester</p>"
"gid://shopify/Product/8995462447301","Workout Sets | Push-up Leggings Sets | Classic Leggings Sets","Classic Set Baby Pink Elegance","Classic Set Baby Pink","სავარჯიშო კომპლექტი, იდეალურად კრავს ტანს და კვეთს ფორმებს, არ ტოვებს ოფლის ლაქებს, ზედას აქვს ღრუბელი.

მასალა: Polyester / Spandex","<p>Material: Spandex / Polyester</p>"
"gid://shopify/Product/8995462545605","Workout Sets | Push-up Leggings Sets | Classic Leggings Sets","Classic Set Black Elegance","Classic Set Black","სავარჯიშო კომპლექტი, იდეალურად კრავს ტანს და კვეთს ფორმებს, არ ტოვებს ოფლის ლაქებს, ზედას აქვს ღრუბელი.

მასალა: Polyester / Spandex","<p>Material: Spandex / Polyester</p>"
"gid://shopify/Product/8995462611141","Workout Sets | Push-up Leggings Sets | Classic Leggings Sets","Classic Set Burgundy Elegance","Classic Set Burgundy","სავარჯიშო კომპლექტი, იდეალურად კრავს ტანს და კვეთს ფორმებს, არ ტოვებს ოფლის ლაქებს, ზედას აქვს ღრუბელი.

მასალა: Polyester / Spandex","<p>Material: Spandex / Polyester</p>"
"gid://shopify/Product/8995462643909","Workout Sets | Push-up Leggings Sets | Classic Leggings Sets","Classic Set Light Grey Elegance","Classic Set Light Grey","სავარჯიშო კომპლექტი, იდეალურად კრავს ტანს და კვეთს ფორმებს, არ ტოვებს ოფლის ლაქებს, ზედას აქვს ღრუბელი.

მასალა: Polyester / Spandex","<p>Material: Spandex / Polyester</p>"
"gid://shopify/Product/8995462676677","Workout Sets | Best Sellers | Push-up Leggings Sets | Classic Leggings Sets","Classic Set Brown Elegance","Classic Set Brown","სავარჯიშო კომპლექტი, იდეალურად კრავს ტანს და კვეთს ფორმებს, არ ტოვებს ოფლის ლაქებს, ზედას აქვს ღრუბელი.

მასალა: Polyester / Spandex","<p>Material: Spandex / Polyester</p>"
"gid://shopify/Product/8995462709445","Workout Sets | Best Sellers | Push-up Leggings Sets | Classic Leggings Sets","Set Black Click","Workout Set Black","სავარჯიშო კომპლექტი, იდეალურად კრავს ტანს და კვეთს ფორმებს, არ ტოვებს ოფლის ლაქებს, ზედას არ აქვს ღრუბელი.

მასალა: Polyester / Spandex","<p>Material: Spandex / Polyester</p>"
"gid://shopify/Product/8995462742213","Workout Sets | Best Sellers | Push-up Leggings Sets | Classic Leggings Sets","Set Red Click","Workout Set Red","სავარჯიშო კომპლექტი, იდეალურად კრავს ტანს და კვეთს ფორმებს, არ ტოვებს ოფლის ლაქებს, 
*ზედას არ აქვს ღრუბელი.

მასალა: Polyester / Spandex","<p>Material: Spandex / Polyester</p>"
"gid://shopify/Product/8995462807749","Workout Sets | Push-up Leggings | Leggings | Push-up Leggings Sets","Push-up Set Beige Leopard Spirit","Push-up Set Beige Leopard","სავარჯიშო Push-up კომპლექტი ლეოპარდის პრინტით, იდეალურად კრავს ტანს და კვეთს ფორმებს, არ ტოვებს ოფლის ლაქებს, ზედას აქვს გუფკა.

მასალა:  Polyester / Spandex","<p>Material: Spandex / Polyester</p>"
"gid://shopify/Product/8995462873285","Workout Sets | Push-up Leggings | Leggings | Push-up Leggings Sets","Push-up Set Beige Leopard Spirit","Push-up Set Beige Leopard","სავარჯიშო Push-up კომპლექტი ლეოპარდის პრინტით, იდეალურად კრავს ტანს და კვეთს ფორმებს, არ ტოვებს ოფლის ლაქებს, ზედას აქვს გუფკა.

მასალა:  Polyester / Spandex","<p>Material: Spandex / Polyester</p>"
"gid://shopify/Product/8995462906053","Workout Sets | Push-up Leggings | Best Sellers | Leggings | Push-up Short Sets","Push-up Short Set Beige Leopard Spirit","Push-up Short Set Beige Leopard","სავარჯიშო Push-up კომპლექტი ლეოპარდის პრინტით, იდეალურად კრავს ტანს და კვეთს ფორმებს, არ ტოვებს ოფლის ლაქებს, ზედას აქვს გუფკა.

მასალა:  Polyester / Spandex","<p>Material: Spandex / Polyester</p>"
"gid://shopify/Product/8995462938821","Workout Sets | Push-up Leggings | Leggings | Push-up Short Sets","Push-up Short Set Light Grey Leopard Spirit","Push-up Short Set Light Grey Leopard","სავარჯიშო Push-up კომპლექტი ლეოპარდის პრინტით, იდეალურად კრავს ტანს და კვეთს ფორმებს, არ ტოვებს ოფლის ლაქებს, ზედას აქვს გუფკა.

მასალა:  Polyester / Spandex","<p>Material: Spandex / Polyester</p>"
"gid://shopify/Product/8995463004357","Workout Sets | Push-up Leggings | Leggings | Push-up Short Sets","Push-up Short Set Brown Leopard Spirit","Push-up Short Set Brown Leopard","სავარჯიშო Push-up კომპლექტი ლეოპარდის პრინტით, იდეალურად კრავს ტანს და კვეთს ფორმებს, არ ტოვებს ოფლის ლაქებს, ზედას აქვს გუფკა.

მასალა:  Polyester / Spandex","<p>Material: Spandex / Polyester</p>"
"gid://shopify/Product/8995463037125","Workout Sets | Push-up Leggings | Leggings | Push-up Short Sets","Push-up Short Set Dark Grey Leopard Spirit","Push-up Short Set Dark Grey Leopard","სავარჯიშო Push-up კომპლექტი ლეოპარდის პრინტით, იდეალურად კრავს ტანს და კვეთს ფორმებს, არ ტოვებს ოფლის ლაქებს, ზედას აქვს გუფკა.

მასალა:  Polyester / Spandex","<p>Material: Spandex / Polyester</p>"
"gid://shopify/Product/8995463069893","Workout Sets | Push-up Leggings | New Arrivals | Leggings | Push-up Short Sets","Push-up Short Set Black Leopard Spirit","Push-up Short Set Black Leopard","სავარჯიშო Push-up კომპლექტი ლეოპარდის პრინტით, იდეალურად კრავს ტანს და კვეთს ფორმებს, არ ტოვებს ოფლის ლაქებს, ზედას აქვს გუფკა.

მასალა:  Polyester / Spandex","<p>Material: Spandex / Polyester</p>"
"gid://shopify/Product/8995463102661","Workout Sets | Push-up Leggings | New Arrivals | Trending Now | Leggings","Push-up Set Black Leopard Spirit","Push-up Set Black Leopard","სავარჯიშო Push-up კომპლექტი ლეოპარდის პრინტით, იდეალურად კრავს ტანს და კვეთს ფორმებს, არ ტოვებს ოფლის ლაქებს, ზედას აქვს გუფკა.

მასალა:  Polyester / Spandex","<p>Material: Spandex / Polyester</p>"
"gid://shopify/Product/8995463135429","Workout Sets | Push-up Leggings | New Arrivals | Trending Now | Push-up Leggings Sets","Push-up Set Brown Leopard Spirit","Push-up Set Brown Leopard","სავარჯიშო Push-up კომპლექტი ლეოპარდის პრინტით, იდეალურად კრავს ტანს და კვეთს ფორმებს, არ ტოვებს ოფლის ლაქებს, ზედას აქვს გუფკა.

მასალა:  Polyester / Spandex","<p>Material: Spandex / Polyester</p>"
"gid://shopify/Product/8995463200965","Jumpsuits & Dresses | New Arrivals | Trending Now | Jumpsuits","Flared Jumpsuit Black Doll","Flared Jumpsuit Black","სავარჯიშო კომბინიზონი, მკერდზე აქვს ღრუბელი.
იდეალურად კრავს ტანს და ვიზუალურად ახდუნებს.
მასალა: Polyester","<p>Material: Polyester</p>"
"gid://shopify/Product/8995463725253","Shorts & Skirts | Tops | Sports Bras & Tops","Sports Bra Black Star","Sports Bra Black","შავი ელასტიური სავარჯიშო ტოპი, აქვს გუფკა.მასალა: Spandex / Polyester","<p>Material: Spandex / Polyester</p>"
"gid://shopify/Product/9003024285893","Workout Sets | New Arrivals | Trending Now | Classic Short Sets","Classic Short Set Pink Silk","Classic Short Set Pink","<div class=""qMYqUG_convSearchResultHighlightRoot"">
<div class="""">
<section class=""text-token-text-primary w-full focus:outline-none has-data-writing-block:pointer-events-none [&amp;:has([data-writing-block])&gt;*]:pointer-events-auto R6Vx5W_threadScrollVars scroll-mb-[calc(var(--scroll-root-safe-area-inset-bottom,0px)+var(--thread-response-height))] scroll-mt-[calc(var(--header-height)+min(200px,max(70px,20svh)))]"" dir=""auto"">
<div class=""text-base my-auto mx-auto pb-8 [--thread-content-margin:var(--thread-content-margin-xs,calc(var(--spacing)*4))] @w-sm/main:[--thread-content-margin:var(--thread-content-margin-sm,calc(var(--spacing)*6))] @w-lg/main:[--thread-content-margin:var(--thread-content-margin-lg,calc(var(--spacing)*16))] px-(--thread-content-margin)"">
<div class=""[--thread-content-max-width:40rem] @w-lg/main:[--thread-content-max-width:48rem] mx-auto max-w-(--thread-content-max-width) flex-1 group/turn-messages focus-visible:outline-hidden relative flex w-full min-w-0 flex-col agent-turn"">
<div class=""flex max-w-full flex-col gap-4 grow"">
<div dir=""auto"" class=""min-h-8 text-message relative flex w-full flex-col items-end gap-2 text-start break-words whitespace-normal outline-none keyboard-focused:focus-ring [.text-message+&amp;]:mt-1"" tabindex=""0"">
<div class=""flex w-full flex-col gap-1 empty:hidden"">
<div class=""markdown prose dark:prose-invert wrap-break-word w-full dark markdown-new-styling"">
<p class=""PDq2pG_selectionAnchorContainer"">რბილი და ელასტიური სპორტული კომპლექტი - ტოპი და მაღალწელიანი შორტი. კომფორტული და სხეულზე იდეალურად მორგებული, ვარჯიშისთვის და ყოველდღიური აქტიური ლუქისთვის. *<span class=""PDq2pG_selectionAnchor""></span>ზედას აქვს ღრუბელი</p>
</div>
</div>
</div>
</div>
<div class=""z-0 flex min-h-[46px] justify-start""><br></div>
</div>
<div class=""[--thread-content-max-width:40rem] @w-lg/main:[--thread-content-max-width:48rem] mx-auto max-w-(--thread-content-max-width) flex-1"">
<div><br></div>
</div>
</div>
</section>
</div>
</div>","<p>Feel: Soft</p>"
"gid://shopify/Product/9005046169797","Workout Sets | New Arrivals | Trending Now | Classic Leggings Sets","Classic Leggings Set Blue Silk","Classic Leggings Set Blue","<div class=""qMYqUG_convSearchResultHighlightRoot"">
<div class="""">
<section class=""text-token-text-primary w-full focus:outline-none has-data-writing-block:pointer-events-none [&amp;:has([data-writing-block])&gt;*]:pointer-events-auto R6Vx5W_threadScrollVars scroll-mb-[calc(var(--scroll-root-safe-area-inset-bottom,0px)+var(--thread-response-height))] scroll-mt-[calc(var(--header-height)+min(200px,max(70px,20svh)))]"" dir=""auto"">
<div class=""text-base my-auto mx-auto pb-8 [--thread-content-margin:var(--thread-content-margin-xs,calc(var(--spacing)*4))] @w-sm/main:[--thread-content-margin:var(--thread-content-margin-sm,calc(var(--spacing)*6))] @w-lg/main:[--thread-content-margin:var(--thread-content-margin-lg,calc(var(--spacing)*16))] px-(--thread-content-margin)"">
<div class=""[--thread-content-max-width:40rem] @w-lg/main:[--thread-content-max-width:48rem] mx-auto max-w-(--thread-content-max-width) flex-1 group/turn-messages focus-visible:outline-hidden relative flex w-full min-w-0 flex-col agent-turn"">
<div class=""flex max-w-full flex-col gap-4 grow"">
<div dir=""auto"" class=""min-h-8 text-message relative flex w-full flex-col items-end gap-2 text-start break-words whitespace-normal outline-none keyboard-focused:focus-ring [.text-message+&amp;]:mt-1"" tabindex=""0"">
<div class=""flex w-full flex-col gap-1 empty:hidden"">
<div class=""markdown prose dark:prose-invert wrap-break-word w-full dark markdown-new-styling"">
<p class=""PDq2pG_selectionAnchorContainer"">რბილი და ელასტიური სპორტული კომპლექტი - ტოპი და მაღალწელიანი გაშლილი შარვალი. კომფორტული და სხეულზე იდეალურად მორგებული, ვარჯიშისთვის და ყოველდღიური აქტიური ლუქისთვის. *<span class=""PDq2pG_selectionAnchor""></span>ზედას აქვს ღრუბელი</p>
</div>
</div>
</div>
</div>
<div class=""z-0 flex min-h-[46px] justify-start""><br></div>
</div>
<div class=""[--thread-content-max-width:40rem] @w-lg/main:[--thread-content-max-width:48rem] mx-auto max-w-(--thread-content-max-width) flex-1"">
<div><br></div>
</div>
</div>
</section>
</div>
</div>","<p>Feel: Soft</p>"
