"Type"	"Identification"	"Field"	"Locale"	"Market"	"Status"	"English"	"Georgian"
"COLLECTION"	"365896925381"	"title"	"ka"	""	""	"Workout Sets"	"კომპლექტები"
"COLLECTION"	"365897023685"	"title"	"ka"	""	""	"Shorts & Skirts"	"შორტები და კალთები"
"COLLECTION"	"365897089221"	"title"	"ka"	""	""	"Jumpsuits & Dresses"	"კომბინეზონები და კაბები"
"COLLECTION"	"365897154757"	"title"	"ka"	""	""	"Push-up Leggings"	"აჭიმვის ეფექტის მქონე ლეგინსები"
"COLLECTION"	"365897187525"	"title"	"ka"	""	""	"Accessories"	"აქსესუარები"
"COLLECTION"	"365897253061"	"title"	"ka"	""	""	"Shorts"	"შორტები"
"COLLECTION"	"366111359173"	"title"	"ka"	""	""	"New Arrivals"	"ახალი ჩამოსულები"
"COLLECTION"	"366111359173"	"body_html"	"ka"	""	""	"The latest Fitroom styles."	"Fitroom-ის უახლესი სტილები."
"COLLECTION"	"366111391941"	"title"	"ka"	""	""	"Best Sellers"	"ბესტსელერები"
"COLLECTION"	"366111391941"	"body_html"	"ka"	""	""	"Fitroom favorites, ordered by customer demand."	"Fitroom-ის რჩეულები, მომხმარებლის მოთხოვნით დალაგებული."
"COLLECTION"	"366111424709"	"title"	"ka"	""	""	"Trending Now"	"ახლა პოპულარული"
"COLLECTION"	"366111424709"	"body_html"	"ka"	""	""	"Currently trending Fitroom styles."	"Fitroom-ის ამჟამად ტრენდული სტილები."
"COLLECTION"	"366111457477"	"title"	"ka"	""	""	"Clearance & Sale"	"ფასდაკლებები & გაყიდვები"
"COLLECTION"	"366111457477"	"body_html"	"ka"	""	""	"Fitroom products currently on sale."	"Fitroom-ის პროდუქცია ამჟამად გაყიდვაშია."
"COLLECTION"	"366165491909"	"title"	"ka"	""	""	"Leggings"	"გამაშები"
"COLLECTION"	"366171029701"	"title"	"ka"	""	""	"Flared Leggings"	"გაშლილი ლეგინსები"
"COLLECTION"	"366171062469"	"title"	"ka"	""	""	"Skirt Shorts"	"ქვედაკაბა-შორტი"
"COLLECTION"	"366171095237"	"title"	"ka"	""	""	"Tops"	"მაისურები"
"COLLECTION"	"366171128005"	"title"	"ka"	""	""	"Sports Bras & Tops"	"სპორტული ბიუსტჰალტერები და ტოპები"
"COLLECTION"	"366171160773"	"title"	"ka"	""	""	"Long Sleeve Tops"	"გრძელმკლავიანი მაისურები"
"COLLECTION"	"366171193541"	"title"	"ka"	""	""	"T-Shirts & Jackets"	"მაისურები და ქურთუკები"
"COLLECTION"	"366171226309"	"title"	"ka"	""	""	"Push-up Short Sets"	"Push-up მოკლე კომპლექტები"
"COLLECTION"	"366171259077"	"title"	"ka"	""	""	"Push-up Leggings Sets"	"აჭიმვადი ლეგინსების ნაკრები"
"COLLECTION"	"366171291845"	"title"	"ka"	""	""	"Jumpsuits"	"კომბინეზონები"
"COLLECTION"	"366171324613"	"title"	"ka"	""	""	"Dresses"	"კაბები"
"COLLECTION"	"366532821189"	"title"	"ka"	""	""	"Classic Leggings Sets"	"კლასიკური ლეგინსების ნაკრებები"
"COLLECTION"	"366537146565"	"title"	"ka"	""	""	"Classic Short Sets"	"კლასიკური მოკლე ნაკრები"
"COLLECTION"	"366541799621"	"title"	"ka"	""	""	"Push-up Shorts"	"„ფუშ-აპ“ შორტები"
"COLLECTION"	"366541996229"	"title"	"ka"	""	""	"Classic Shorts"	"კლასიკური შორტები"
"COLLECTION"	"366594130117"	"title"	"ka"	""	""	"Classic Leggings"	"კლასიკური ლეგინსები"
"DELIVERY_METHOD_DEFINITION"	"923997700293"	"name"	"ka"	""	""	"Pickup"	"აღება"
"DELIVERY_METHOD_DEFINITION"	"923998191813"	"name"	"ka"	""	""	"Standard Shipping"	"სტანდარტული მიწოდება"
"DELIVERY_METHOD_DEFINITION"	"923998191813"	"description"	"ka"	""	""	"Delivery across Georgia"	"მიწოდება საქართველოს მასშტაბით"
"DELIVERY_METHOD_DEFINITION"	"923998224581"	"name"	"ka"	""	""	"Standard Shipping"	"სტანდარტული მიწოდება"
"DELIVERY_METHOD_DEFINITION"	"923998224581"	"description"	"ka"	""	""	"Tracking number provided"	"თრექინგის ნომერი მოწოდებულია"
"DELIVERY_METHOD_DEFINITION"	"923999174853"	"name"	"ka"	""	""	"Express Shipping"	"ექსპრეს მიწოდება"
"DELIVERY_METHOD_DEFINITION"	"923999174853"	"description"	"ka"	""	""	"Available in Tbilisi only"	"ხელმისაწვდომია მხოლოდ თბილისში"
"FILTER"	"60293546181"	"label"	"ka"	""	""	"Availability"	"ხელმისაწვდომობა"
"FILTER"	"60293578949"	"label"	"ka"	""	""	"Price"	"ფასი"
"LINK"	"618679926981"	"title"	"ka"	""	""	"Orders"	"შეკვეთები"
"LINK"	"618679959749"	"title"	"ka"	""	""	"Profile"	"პროფილი"
"LINK"	"633098961093"	"title"	"ka"	""	""	"About"	"ჩვენ შესახებ"
"LINK"	"633098993861"	"title"	"ka"	""	""	"FAQ"	"ხშირად დასმული კითხვები"
"LINK"	"633099026629"	"title"	"ka"	""	""	"Contact"	"კონტაქტი"
"LINK"	"633099124933"	"title"	"ka"	""	""	"Shipping Policy"	"მიწოდების პოლიტიკა"
"LINK"	"633099157701"	"title"	"ka"	""	""	"Refund Policy"	"დაბრუნების პოლიტიკა"
"LINK"	"633099190469"	"title"	"ka"	""	""	"Privacy Policy"	"კონფიდენციალურობის პოლიტიკა"
"LINK"	"633178521797"	"title"	"ka"	""	""	"Woman"	"ქალი"
"LINK"	"633178554565"	"title"	"ka"	""	""	"Workout Sets"	"სავარჯიშო კომპლექტები"
"LINK"	"633178587333"	"title"	"ka"	""	""	"Jumpsuits & Dresses"	"კომბინეზონები და კაბები"
"LINK"	"633178620101"	"title"	"ka"	""	""	"Leggings"	"გამაშები"
"LINK"	"633178652869"	"title"	"ka"	""	""	"Push-up Leggings"	"აჭიმვის ეფექტის მქონე ლეგინსები"
"LINK"	"633178718405"	"title"	"ka"	""	""	"Push-up Shorts"	"„ფუშ-აპ“ შორტები"
"LINK"	"633178751173"	"title"	"ka"	""	""	"Tops"	"მაისურები"
"LINK"	"633178783941"	"title"	"ka"	""	""	"Accessories"	"აქსესუარები"
"LINK"	"633178816709"	"title"	"ka"	""	""	"SALE"	"ფასდაკლება"
"LINK"	"633403441349"	"title"	"ka"	""	""	"Flared Leggings"	"გაშლილი ლეგინსები"
"LINK"	"633403474117"	"title"	"ka"	""	""	"Shorts & Skirts"	"შორტები და კალთები"
"LINK"	"633403506885"	"title"	"ka"	""	""	"Skirt Shorts"	"ქვედაკაბა-შორტი"
"LINK"	"633403736261"	"title"	"ka"	""	""	"Sports Bras & Tops"	"სპორტული ბიუსტჰალტერები და ტოპები"
"LINK"	"633403769029"	"title"	"ka"	""	""	"T-Shirts & Jackets"	"მაისურები და ქურთუკები"
"LINK"	"633403801797"	"title"	"ka"	""	""	"Long Sleeve Tops"	"გრძელმკლავიანი მაისურები"
"LINK"	"633403834565"	"title"	"ka"	""	""	"Jumpsuits"	"კომბინეზონები"
"LINK"	"633403867333"	"title"	"ka"	""	""	"Dresses"	"კაბები"
"LINK"	"633623773381"	"title"	"ka"	""	""	"Your Privacy Choices"	"თქვენი კონფიდენციალურობის არჩევანი"
"LINK"	"633706741957"	"title"	"ka"	""	""	"Push-up Leggings Set"	"აჭიმვადი ლეგინსების ნაკრები"
"LINK"	"633706774725"	"title"	"ka"	""	""	"Push-up Short Set"	"აჭიმვადი მოკლე კომპლექტი"
"LINK"	"633707430085"	"title"	"ka"	""	""	"Classic Leggings Sets"	"კლასიკური ლეგინსების ნაკრებები"
"LINK"	"633707462853"	"title"	"ka"	""	""	"Classic Short Sets"	"კლასიკური მოკლე ნაკრები"
"LINK"	"633709658309"	"title"	"ka"	""	""	"Classic Shorts"	"კლასიკური შორტები"
"LINK"	"633842401477"	"title"	"ka"	""	""	"Classic Leggings"	"კლასიკური ლეგინსები"
"BLOG"	"101998100677"	"title"	"ka"	""	""	"News"	"სიახლეები"
"MENU"	"254194548933"	"title"	"ka"	""	""	"Workout Clothes & Gym Clothes"	"სავარჯიშო ტანსაცმელი და სპორტული ტანსაცმელი"
"MENU"	"254194581701"	"title"	"ka"	""	""	"Footer"	"ქვედა კოლონტიტული"
"MENU"	"254194614469"	"title"	"ka"	""	""	"Customer account main menu"	"მომხმარებლის ანგარიშის მთავარი მენიუ"
"MENU"	"258226061509"	"title"	"ka"	""	""	"Woman"	"ქალი"
"MENU"	"258226094277"	"title"	"ka"	""	""	"Leggings"	"გამაშები"
"MENU"	"258294841541"	"title"	"ka"	""	""	"Workout Sets"	"სავარჯიშო კომპლექტები"
"MENU"	"258294907077"	"title"	"ka"	""	""	"Shorts & Skirts"	"შორტები და კალთები"
"MENU"	"258295038149"	"title"	"ka"	""	""	"Tops"	"მაისურები"
"MENU"	"258295070917"	"title"	"ka"	""	""	"Jumpsuits & Dresses"	"კომბინეზონები და კაბები"
"PAGE"	"128004915397"	"title"	"ka"	""	""	"Contact"	"კონტაქტი"
"PAGE"	"130261123269"	"title"	"ka"	""	""	"About Fitroom"	"ფითრუმის შესახებ"
"PAGE"	"130261188805"	"title"	"ka"	""	""	"Frequently Asked Questions"	"ხშირად დასმული კითხვები"
"PAGE"	"130261811397"	"title"	"ka"	""	""	"Sets Size Guide"	"კომპლექტების ზომის სახელმძღვანელო"
"PAGE"	"130261876933"	"title"	"ka"	""	""	"Super Push-up Leggings Size Guide"	"სუპერ „პუშ-აპ“ ლეგინსების ზომები"
"PAGE"	"130261909701"	"title"	"ka"	""	""	"Size Guide: Waist, Hips and Length"	"ზომის სახელმძღვანელო: წელი, თეძოები და სიგრძე"
"PAGE"	"130358444229"	"title"	"ka"	""	""	"Your Privacy Choices"	"თქვენი კონფიდენციალურობის არჩევანი"
"PAGE"	"130358444229"	"body_html"	"ka"	""	""	"<link rel=""stylesheet"" type=""text/css"" href=""https://cdn.shopify.com/shopifycloud/privacy-banner/data-sale-opt-out.css"">
<meta charset=""utf-8""> <p>As described in our Privacy Policy, we collect personal information from your interactions with us and our website, including through cookies and similar technologies. We may also share this personal information with third parties, including advertising partners. We do this in order to show you ads on other websites that are more relevant to your interests and for other reasons outlined in our privacy policy.</p> <p>Sharing of personal information for targeted advertising based on your interaction on different websites may be considered &quot;sales&quot;, &quot;sharing&quot;, or &quot;targeted advertising&quot; under certain U.S. state privacy laws. Depending on where you live, you may have the right to opt out of these activities. If you would like to exercise this opt-out right, please follow the instructions below.</p> <p>If you visit our website with the Global Privacy Control opt-out preference signal enabled, depending on where you are, we will treat this as a request to opt-out of activity that may be considered a “sale” or “sharing” of personal information or other uses that may be considered targeted advertising for the device and browser you used to visit our website.</p>
<div id=""pc--optOutFormContainer"" data-not-applicable='To opt out of the &quot;sale&quot; or &quot;sharing&quot; of your personal information collected using cookies and other device-based identifiers as described above, you must be browsing from one of the applicable US states referred to above.' data-description='If you would like to opt out of activity that may be considered a &quot;sale&quot; or &quot;share,&quot; or &quot;targeted advertising&quot;, please submit your email.' data-email-label='Email' data-success='Opted-out successfully' data-error='A problem occurred, try submitting your email again' data-form-description='By clicking “opt out“, the browser on this device will be opted out of sharing personal data. If you select the checkbox and enter an email, the related customer account will also be opted out.' data-form-email-label='Email' data-form-opt-out-account-label=""Don&#39;t share data from my account (optional)"" data-form-button-text='Opt out' data-form-opted-out='The browser on this device is opted out' data-form-success='You have successfully opted out' data-form-error='A problem occurred, please try again' ></div>
<script src=""https://cdn.shopify.com/shopifycloud/privacy-banner/data-sale-opt-out.js"" defer></script> <script src=""https://js.hcaptcha.com/1/api.js?onload=optOutOnLoad"" defer></script>"	"<link rel=""stylesheet"" type=""text/css"" href=""https://cdn.shopify.com/shopifycloud/privacy-banner/data-sale-opt-out.css"">
<meta charset=""utf-8""> <p>როგორც აღწერილია ჩვენს კონფიდენციალურობის პოლიტიკაში, ჩვენ ვაგროვებთ პერსონალურ ინფორმაციას თქვენი ჩვენთან და ჩვენს ვებგვერდთან ურთიერთქმედებიდან, მათ შორის ქუქი-ფაილების და მსგავსი ტექნოლოგიების მეშვეობით. ჩვენ ასევე შეგვიძლია გავუზიაროთ ეს პერსონალური ინფორმაცია მესამე მხარეებს, მათ შორის სარეკლამო პარტნიორებს. ამას ვაკეთებთ იმისათვის, რომ სხვა ვებგვერდებზე გაჩვენოთ რეკლამები, რომლებიც უფრო მეტად შეესაბამება თქვენს ინტერესებს და ჩვენს კონფიდენციალურობის პოლიტიკაში აღწერილი სხვა მიზეზების გამო.</p> <p>პერსონალური ინფორმაციის გაზიარება მიზნობრივი რეკლამისთვის, რომელიც ეფუძნება თქვენს ურთიერთქმედებას სხვადასხვა ვებგვერდებზე, შეიძლება ჩაითვალოს „გაყიდვად“, „გაზიარებად“ ან „მიზნობრივ რეკლამად“ აშშ-ის ზოგიერთი შტატის კონფიდენციალურობის კანონების შესაბამისად. იმისდა მიხედვით, თუ სად ცხოვრობთ, შეიძლება გქონდეთ უფლება უარი თქვათ ამ აქტივობებზე. თუ გსურთ ისარგებლოთ ამ უარის თქმის უფლებით, გთხოვთ, მიჰყვეთ ქვემოთ მოცემულ ინსტრუქციებს.</p> <p>თუ ჩვენს ვებგვერდს ეწვევით Global Privacy Control-ის უარის თქმის უპირატესობის სიგნალით, იმისდა მიხედვით, თუ სად იმყოფებით, ჩვენ ამას განვიხილავთ, როგორც მოთხოვნას უარი თქვათ აქტივობაზე, რომელიც შეიძლება ჩაითვალოს პერსონალური ინფორმაციის „გაყიდვად“ ან „გაზიარებად“ ან სხვა გამოყენებად, რომელიც შეიძლება ჩაითვალოს მიზნობრივ რეკლამად იმ მოწყობილობისა და ბრაუზერისთვის, რომელიც გამოიყენეთ ჩვენს ვებგვერდზე შესასვლელად.</p>
<div id=""pc--optOutFormContainer"" data-not-applicable=""იმისათვის, რომ უარი თქვათ თქვენი პერსონალური ინფორმაციის „გაყიდვაზე“ ან „გაზიარებაზე“, რომელიც შეგროვებულია ქუქი-ფაილებისა და სხვა მოწყობილობაზე დაფუძნებული იდენტიფიკატორების გამოყენებით, როგორც ზემოთ არის აღწერილი, თქვენ უნდა დაათვალიეროთ ერთ-ერთი ზემოთ ხსენებული აშშ-ის შტატიდან."" data-description=""თუ გსურთ უარი თქვათ აქტივობაზე, რომელიც შეიძლება ჩაითვალოს „გაყიდვად“ ან „გაზიარებად“, ან „მიზნობრივ რეკლამად“, გთხოვთ, გამოაგზავნოთ თქვენი ელფოსტა."" data-email-label=""ელფოსტა"" data-success=""წარმატებით გაუქმდა"" data-error=""მოხდა პრობლემა, გთხოვთ, კვლავ სცადოთ თქვენი ელფოსტის გაგზავნა"" data-form-description=""„უარის თქმაზე“ დაწკაპუნებით, ამ მოწყობილობის ბრაუზერი უარს იტყვის პერსონალური მონაცემების გაზიარებაზე. თუ აირჩევთ მონიშნულ ველს და შეიყვანთ ელფოსტას, შესაბამისი მომხმარებლის ანგარიშიც უარს იტყვის."" data-form-email-label=""ელფოსტა"" data-form-opt-out-account-label=""არ გააზიაროთ მონაცემები ჩემი ანგარიშიდან (სურვილისამებრ)"" data-form-button-text=""უარი თქმა"" data-form-opted-out=""ამ მოწყობილობის ბრაუზერი უარს ამბობს"" data-form-success=""თქვენ წარმატებით გაუქმდათ"" data-form-error=""მოხდა პრობლემა, გთხოვთ, კვლავ სცადოთ""></div>
<script src=""https://cdn.shopify.com/shopifycloud/privacy-banner/data-sale-opt-out.js"" defer></script> <script src=""https://js.hcaptcha.com/1/api.js?onload=optOutOnLoad"" defer></script>"
"ONLINE_STORE_THEME"	"160560185541"	"section.404.json.main.text_GqmVFf.text:2i368gao346xo"	"ka"	""	""	"<h1>Wrong turn. Keep moving.</h1>"	"<h1>არასწორი გზა. გააგრძელეთ.</h1>"
"ONLINE_STORE_THEME"	"160560185541"	"section.404.json.main.text_Ua9XAW.text:10io0lm5gwd3m"	"ka"	""	""	"<p>The page you’re looking for is no longer here. Explore the latest from Fitroom instead.</p>"	"<p>გვერდი, რომელსაც ეძებთ, აღარ არსებობს. სამაგიეროდ, იხილეთ უახლესი ამბები Fitroom-დან.</p>"
"ONLINE_STORE_THEME"	"160560185541"	"section.404.json.main.button_PAQMwR.label:30ry970vkw0bt"	"ka"	""	""	"Shop all products"	"ყველა პროდუქტი"
"ONLINE_STORE_THEME"	"160560185541"	"section.404.json.product_list_iA96Tq.static-header__text_WJEa9Q.text:3gwqztskn9i3u"	"ka"	""	""	"<p>Picked for you</p>"	"<p>შერჩეულია თქვენთვის</p>"
"ONLINE_STORE_THEME"	"160560185541"	"section.article.json.section.blog-post-title.text:2qmlk8swrysm3"	"ka"	""	""	"<h1>{{ article.title }}</h1>"	"<h1>{{ article.title }}</h1>"
"ONLINE_STORE_THEME"	"160560185541"	"section.blog.json.main.title.text:3mkg0fvh31gw5"	"ka"	""	""	"<h1>{{ closest.blog.title }}</h1>"	"<h1>{{ closest.blog.title }}</h1>"
"ONLINE_STORE_THEME"	"160560185541"	"section.cart.json.cart-section.cart-page-title.title:ffson5e94pnq"	"ka"	""	""	"Cart"	"კალათა"
"ONLINE_STORE_THEME"	"160560185541"	"section.cart.json.product_list_NNFgcy.static-header__product_list_text_fifeh4.text:27h7qdg4ek6cv"	"ka"	""	""	"<h2>You may also like</h2>"	"<h2>ასევე შეიძლება მოგეწონოთ</h2>"
"ONLINE_STORE_THEME"	"160560185541"	"section.cart.json.product_list_NNFgcy.static-header__product_list_button_eibbma.label:2bkjyggphdm8f"	"ka"	""	""	"View all"	"ყველას ნახვა"
"ONLINE_STORE_THEME"	"160560185541"	"section.collection.json.section.text_tqQTNE.text:1vmb3k4ct6g4e"	"ka"	""	""	"<h1>{{ closest.collection.title }}</h1>"	"<h1>{{ closest.collection.title }}</h1>"
"ONLINE_STORE_THEME"	"160560185541"	"section.collection.json.section.text_twGGkJ.text:b8a2nm6fwj13"	"ka"	""	""	"{{ closest.collection.description }}"	"{{ closest.collection.description }}"
"ONLINE_STORE_THEME"	"160560185541"	"section.index.json.hero_jVaWmY.text_YLPk4p.text:3mfw1qkd1m4y7"	"ka"	""	""	"<h1>MOVE WITH PURPOSE</h1>"	"<h1>იმოძრავე მიზანდასახულად</h1>"
"ONLINE_STORE_THEME"	"160560185541"	"section.index.json.hero_jVaWmY.text_fitroom_subtitle.text:34eznhlyi9bay"	"ka"	""	""	"<p>Designed for movement. Made for every day.</p>"	"<p>შექმნილია მოძრაობისთვის. შექმნილია ყოველდღიურობისთვის.</p>"
"ONLINE_STORE_THEME"	"160560185541"	"section.index.json.hero_jVaWmY.button_H9gpTf.label:22syxefjpeqwx"	"ka"	""	""	"SHOP NEW ARRIVALS"	"იხილეთ ახალი პროდუქცია"
"ONLINE_STORE_THEME"	"160560185541"	"section.index.json.fitroom_new_arrivals.heading:2xqoh3ymv6nsw"	"ka"	""	""	"New Arrivals"	"ახალი ჩამოსულები"
"ONLINE_STORE_THEME"	"160560185541"	"section.index.json.fitroom_new_arrivals.view_all_label:2lshx8o6xf9tu"	"ka"	""	""	"View all"	"ყველას ნახვა"
"ONLINE_STORE_THEME"	"160560185541"	"section.index.json.fitroom_promos.promo_sets.heading:2w2sy37bthgdh"	"ka"	""	""	"AI calorie tracker"	"AI კალორიების ტრეკერი"
"ONLINE_STORE_THEME"	"160560185541"	"section.index.json.fitroom_promos.promo_sets.text:2ege0xhjteawg"	"ka"	""	""	"Count calories and macros from a food photo in seconds. Fitroom identifies foods, estimates portions, and lets you correct every result."	"წამებში დაითვალეთ კალორიები და მაკროელემენტები საკვების ფოტოს მეშვეობით. Fitroom ამოიცნობს საკვებს, აფასებს ულუფებს და გაძლევთ საშუალებას შეასწოროთ ყველა შედეგი."
"ONLINE_STORE_THEME"	"160560185541"	"section.index.json.fitroom_promos.promo_sets.button_label:22x136eogpz6"	"ka"	""	""	"Get Fitroom App"	"ჩამოტვირთეთ Fitroom-ის აპლიკაცია"
"ONLINE_STORE_THEME"	"160560185541"	"section.index.json.fitroom_promos.promo_jumpsuits.video_asset:3bankojw5e0g8"	"ka"	""	""	"fitroom-promo-jumpsuits.mp4"	"fitroom-promo-jumpsuits.mp4"
"ONLINE_STORE_THEME"	"160560185541"	"section.index.json.fitroom_promos.promo_jumpsuits.heading:38qljds0irlvi"	"ka"	""	""	"One piece. All day."	"ერთი ცალი. მთელი დღე."
"ONLINE_STORE_THEME"	"160560185541"	"section.index.json.fitroom_promos.promo_jumpsuits.text:36r40b86spjyj"	"ka"	""	""	"Sculpted comfort with effortless confidence."	"კომფორტი და თავდაჯერებულობა იდეალურ ჰარმონიაში."
"ONLINE_STORE_THEME"	"160560185541"	"section.index.json.fitroom_promos.promo_jumpsuits.button_label:3ip8z8dl0khq1"	"ka"	""	""	"Shop jumpsuits"	"კომბინეზონების შეძენა"
"ONLINE_STORE_THEME"	"160560185541"	"section.index.json.fitroom_best_sellers.heading:3awwytt18chbi"	"ka"	""	""	"Best Sellers"	"ბესტსელერები"
"ONLINE_STORE_THEME"	"160560185541"	"section.index.json.fitroom_best_sellers.view_all_label:3ne4f7eouhfzg"	"ka"	""	""	"View all"	"ყველას ნახვა"
"ONLINE_STORE_THEME"	"160560185541"	"section.index.json.fitroom_trending.heading:1yytfi32uat8q"	"ka"	""	""	"Trending Now"	"ახლა პოპულარული"
"ONLINE_STORE_THEME"	"160560185541"	"section.index.json.fitroom_trending.view_all_label:sbj90yfnaci0"	"ka"	""	""	"View all"	"ყველას ნახვა"
"ONLINE_STORE_THEME"	"160560185541"	"section.index.json.fitroom_editorial.video_url:1sf8ojmm0vlhn"	"ka"	""	""	"https://cdn.shopify.com/videos/c/vp/69c0b7f412ab44f195afb76702a9c850/69c0b7f412ab44f195afb76702a9c850.HD-720p-4.5Mbps-93297640.mp4"	"https://cdn.shopify.com/videos/c/vp/69c0b7f412ab44f195afb76702a9c850/69c0b7f412ab44f195afb76702a9c850.HD-720p-4.5Mbps-93297640.mp4"
"ONLINE_STORE_THEME"	"160560185541"	"section.index.json.fitroom_editorial.heading:3djqhilveoqna"	"ka"	""	""	"Made to move"	"შექმნილია მოძრაობისთვის"
"ONLINE_STORE_THEME"	"160560185541"	"section.index.json.fitroom_editorial.text:jaimlhyct2vn"	"ka"	""	""	"Confidence that moves with you."	"თავდაჯერებულობა, რომელიც მოძრაობს თქვენთან ერთად."
"ONLINE_STORE_THEME"	"160560185541"	"section.index.json.fitroom_editorial.button_label:1ivb0bcc3njtt"	"ka"	""	""	"Shop all"	"ყველას ნახვა"
"ONLINE_STORE_THEME"	"160560185541"	"section.index.json.fitroom_sale.heading:2lnkwmbgwk6oo"	"ka"	""	""	"On Sale"	"ფასდაკლება"
"ONLINE_STORE_THEME"	"160560185541"	"section.index.json.fitroom_sale.view_all_label:3i9a9zbqunv8a"	"ka"	""	""	"View all"	"ყველას ნახვა"
"ONLINE_STORE_THEME"	"160560185541"	"section.list-collections.json.collection_list_Wfgh3m.group_4FtiAg__text_fRMQMR.text:1vvq2zaj6zyve"	"ka"	""	""	"<h1>Shop by collection</h1>"	"<h1>კოლექციის მიხედვით ყიდვა</h1>"
"ONLINE_STORE_THEME"	"160560185541"	"section.page.contact.json.contact.email:37yg6zb8e2hdr"	"ka"	""	""	"contact@fitroom.ge"	"contact@fitroom.ge"
"ONLINE_STORE_THEME"	"160560185541"	"section.page.contact.json.contact.phone:37yg6znknho4v"	"ka"	""	""	"'+995 579 15 88 39"	"'+995 579 15 88 39"
"ONLINE_STORE_THEME"	"160560185541"	"section.page.contact.json.contact.map_query:u5556jsdfh6i"	"ka"	""	""	"24 Alexander Kazbegi Avenue, Tbilisi, Georgia"	"ალექსანდრე ყაზბეგის 24, თბილისი, საქართველო"
"ONLINE_STORE_THEME"	"160560185541"	"section.page.json.main.heading.text:53ake9i3ihjs"	"ka"	""	""	"<h1>{{ closest.page.title }}</h1>"	"<h1>{{ closest.page.title }}</h1>"
"ONLINE_STORE_THEME"	"160560185541"	"section.password.json.main.text.text:24k3p54lm9141"	"ka"	""	""	"<h1>Opening soon</h1>"	"<h1>მალე გაიხსნება</h1>"
"ONLINE_STORE_THEME"	"160560185541"	"section.password.json.main.text-2.text:2z5rzsvzqixb2"	"ka"	""	""	"<p>Sign up for our newsletter to be the first to know when we launch.</p>"	"<p>გამოიწერეთ ჩვენი ბიულეტენი, რომ პირველებმა გაიგოთ ჩვენი გაშვების შესახებ.</p>"
"ONLINE_STORE_THEME"	"160560185541"	"section.password.json.main.email-signup.label:2frgv6ufbt1g0"	"ka"	""	""	"Sign up"	"რეგისტრაცია"
"ONLINE_STORE_THEME"	"160560185541"	"section.product.json.main.product-details__group_icgrde__text_xpVMaM.text:3azkzuczs3uj3"	"ka"	""	""	"<h1>{{ closest.product.title }}</h1>"	"<h1>{{ closest.product.title }}</h1>"
"ONLINE_STORE_THEME"	"160560185541"	"section.product.json.main.product-details__text_aEtTtq.text:vzk5prms675b"	"ka"	""	""	"{{ closest.product.description }}"	"{{ closest.product.description }}"
"ONLINE_STORE_THEME"	"160560185541"	"section.product.json.product_recommendations_qggXJq.text_cbcgyb.text:26lmab1lb8sv0"	"ka"	""	""	"<h2>You may also like </h2>"	"<h2>შესაძლოა ასევე მოგეწონოთ</h2>"
"ONLINE_STORE_THEME"	"160560185541"	"section.sections/footer-group.json.footer.group_wErUQf__text_pF6rVi.text:321lx8obxcb3y"	"ka"	""	""	"<h2>Join our email list</h2>"	"<h2>შეუერთდით ჩვენს იმეილის სიას</h2>"
"ONLINE_STORE_THEME"	"160560185541"	"section.sections/footer-group.json.footer.group_wErUQf__text_HafH7P.text:38f1n5po0pfeb"	"ka"	""	""	"<p>Get exclusive deals and early access to new products.</p>"	"<p>მიიღეთ ექსკლუზიური შეთავაზებები და ადრეული წვდომა ახალ პროდუქტებზე.</p>"
"ONLINE_STORE_THEME"	"160560185541"	"section.sections/footer-group.json.footer.group_wErUQf__email-signup_HafH7P.label:2ygsmpphcpsqq"	"ka"	""	""	"Sign up"	"რეგისტრაცია"
"ONLINE_STORE_THEME"	"160560185541"	"section.sections/footer-group.json.footer.menu_footer.heading:2rm571ip6f0hb"	"ka"	""	""	"Customer care"	"მომხმარებელთა მომსახურება"
"ONLINE_STORE_THEME"	"160560185541"	"section.sections/header-group.json.header_announcements_9jGBFp.announcement_BxgCk9.text:pmxvxwkljjsj"	"ka"	""	""	"NEW SEASON — MOVE WITH PURPOSE"	"ახალი სეზონი — იმოძრავე მიზანდასახულად"
"PRODUCT"	"8995420307653"	"title"	"ka"	""	""	"Push-up Leggings Booty Black"	"აჭიმვადი ტრენაჟორის შარვალი, უკანალის ეფექტით, შავი"
"PRODUCT"	"8995420307653"	"body_html"	"ka"	""	""	"<p style=""text-align: left;"">Seamless Push-up leggings
• Full-length leggings
• Invisible scrunch bum
•Booty contouring and enhancing
•High waist
•Mesh cutouts at bottom</p>
Material and Care:
• 90% Nylon, 10% Spandex
• Incredibly soft and seamless, you’ll never want to take it off
• Handle with care when wearing and washing this delicate style"	"<p style=""text-align: left;"">შეუმჩნეველი, უკანალის ამწევი ლეგინსები
• სრული სიგრძის ლეგინსები
• შეუმჩნეველი ნაკეცები უკანალზე
• კონტურირება და უკანალის გალამაზება
• მაღალწელიანი
• ბადისებრი ჩანართები ქვედა ნაწილში</p>
მასალა და მოვლა:
• 90% ნეილონი, 10% სპანდექსი
• საოცრად რბილი და შეუმჩნეველი, არასოდეს მოგინდებათ მისი გახდა
• სიფრთხილით მოეპყარით ამ დელიკატურ სტილს ტარებისას და რეცხვისას"
"PRODUCT"	"8995420307653"	"meta_title"	"ka"	""	""	"Push-up Leggings Booty Black"	"ქალის შავი ლეგინსები აწეული უკანალით"
"PRODUCT"	"8995420307653"	"meta_description"	"ka"	""	""	"სავარჯიშო მაღალწელიანი Push-up ელასტიკი, იდეალურად კრავს ტანს და გამოკვეთს უკანალს.მასალა:: Spandex / Polyester"	"High-waisted push-up elastic exercise leggings, perfectly define the body and highlight the glutes. Material: Spandex / Polyester"
"PRODUCT"	"8995422372037"	"title"	"ka"	""	""	"უნაკერო სავარჯიშო კომპლექტი Slim Purple"	"Seamless Workout Set Slim Purple"
"PRODUCT"	"8995422372037"	"body_html"	"ka"	""	""	"იასამნისფერი უნაკერი კომპლექტი, იდეალურად კრავს ტანს და კვეთს ფორმებს,

არ ტოვებს ოფლის ლაქებს და ვიზუალურად ახდუნებს.

მასალა: Nylon / Spandex"	"Purple seamless set, perfectly hugs the body and sculpts the forms,

leaves no sweat stains and has a slimming effect.

Material: Nylon / Spandex"
"PRODUCT"	"8995422372037"	"meta_title"	"ka"	""	""	"უნაკერო სავარჯიშო კომპლექტი Slim Purple"	"Seamless Workout Set Slim Purple"
"PRODUCT"	"8995422372037"	"meta_description"	"ka"	""	""	"იასამნისფერი უნაკერი კომპლექტი, იდეალურად კრავს ტანს და კვეთს ფორმებს,არ ტოვებს ოფლის ლაქებს და ვიზუალურად ახდუნებს.მასალა: Nylon / Spandex"	"Purple seamless set, perfectly hugs the body and sculpts the forms, leaves no sweat stains and visually slims. Material: Nylon / Spandex"
"PRODUCT"	"8995422896325"	"title"	"ka"	""	""	"Push-up Leggings Booty Light Grey"	"ბიუსჰალტერიანი ლეგინსები, ღია ნაცრისფერი"
"PRODUCT"	"8995422896325"	"body_html"	"ka"	""	""	"Seamless Push-up leggings
• Full-length leggings
• Invisible scrunch bum
•Booty contouring and enhancing
•Mesh cutouts at bottom

Material and Care:
• 90% Nylon, 10% Spandex
• Incredibly soft and seamless, you’ll never want to take it off
• Handle with care when wearing and washing this delicate style"	"უტი ნაკერო პუშ-აპი ლეგინსები
• სრულმეტრაჟიანი ლეგინსები
• უხილავი დაჭიმვადი უკანალი
• უკანალის კონტურის გაუმჯობესება და გამოკვეთა
• ბადისებრი ამოჭრილები ქვედა ნაწილში

მასალა და მოვლა:
• 90% ნეილონი, 10% სპანდექსი
• წარმოუდგენლად რბილი და უნაკერო, არასდროს მოგინდებათ მისი გახდა
• ფრთხილად მოექეცით ამ ნაზ სტილს ტარებისას და რეცხვისას"
"PRODUCT"	"8995422896325"	"meta_title"	"ka"	""	""	"Push-up Leggings Booty Light Grey"	"აჭიმვადი ლეგინსები, ღია ნაცრისფერი"
"PRODUCT"	"8995422896325"	"meta_description"	"ka"	""	""	"სავარჯიშო მაღალწელიანი Push-up ელასტიკი, იდეალურად კრავს ტანს და გამოკვეთს უკანალს.მასალა: Spandex / Polyester"	"High-waist Push-up elastic leggings, ideal for a tight fit and buttock-lifting effect. Material: Spandex / Polyester"
"PRODUCT"	"8995423781061"	"title"	"ka"	""	""	"Push-up Leggings Black Record"	"აჭიმვადი შარვალი (ლეოპარდის პრინტით) შავი Record"
"PRODUCT"	"8995423781061"	"body_html"	"ka"	""	""	"სავარჯიშო დაბალწელიანი Push-up ელასტიკი, იდეალურად კრავს ტანს და გამოკვეთს უკანალს.

მასალა: Spandex / Polyester"	"Low Waist Push Up Gym Elastic, Shapes the body perfectly and highlights the buttocks.

Material: Spandex / Polyester"
"PRODUCT"	"8995423781061"	"meta_title"	"ka"	""	""	"Push-up Leggings Black Record"	"ამწევი ლეგინსები, შავი, რეკორდი"
"PRODUCT"	"8995423944901"	"title"	"ka"	""	""	" Gym Gloves"	"სავარჯიშო ხელთათმანები"
"PRODUCT"	"8995423944901"	"body_html"	"ka"	""	""	"ფერი: ვარდისფერი, შავი, ნაცრისფერი

გამოიყენებენ სავარჯიშოდ და ველოსიპედისთვის."	"Colour: Pink, Black, Grey

They are used for training and cycling."
"PRODUCT"	"8995423944901"	"meta_title"	"ka"	""	""	" Gym Gloves"	"სავარჯიშო ხელთათმანები"
"PRODUCT"	"8995423944901"	"meta_description"	"ka"	""	""	"გადაჭრილი ხელთათმანი გამოიყენება წონებით ვარჯიშის დროს. ფერი: შავი, ვარდისფერი"	"Cut gloves are used for weight training. Colour: Black, Pink"
"PRODUCT"	"8995423977669"	"title"	"ka"	""	""	"სავარჯიშო აქსესუარი Pilates Stick"	"Pilates Stick Exercise Accessory"
"PRODUCT"	"8995423977669"	"body_html"	"ka"	""	""	"მულტიფუნქციური სავარჯიშო აქსესუარი,

გამოიყენება ქვედა და ზედა ტანის ვარჯიშებისთვის."	"Multifunctional exercise accessory 

Used for lower and upper body workouts."
"PRODUCT"	"8995423977669"	"meta_title"	"ka"	""	""	"სავარჯიშო აქსესუარი Pilates Stick"	"Pilates Stick Exercise Accessory"
"PRODUCT"	"8995423977669"	"meta_description"	"ka"	""	""	"მულტიფუნქციური სავარჯიშო აქსესუარი, გამოიყენება ქვედა და ზედა ტანის ვარჯიშებისთვის. "	"Multifunctional exercise accessory, used for lower and upper body workouts."
"PRODUCT"	"8995424501957"	"title"	"ka"	""	""	"Push-up Shorts Booty Watermelon"	"აჭიმვადი შორტი საჯდომის ეფექტით (საზამთრო)"
"PRODUCT"	"8995424501957"	"body_html"	"ka"	""	""	"Seamless Push-up Shorts
• Invisible scrunch bum
•Booty contouring and enhancing
•Mesh cutouts at bottom

Material and Care:
• 90% Nylon, 10% Spandex
• Incredibly soft and seamless, you’ll never want to take it off
• Handle with care when wearing and washing this delicate style"	"ნაკერების გარეშე შორტი უკანა ნაწილის დამრგვალებით
• უხილავი ნაკეცები უკანა ნაწილში
• უკანა ნაწილის გამოკვეთა და მოცულობის გაზრდა
• ბადისებრი ჭრილები ბოლოში

მასალა და მოვლა:
• 90% ნეილონი, 10% სპანდექსი
• უსაზღვროდ რბილი და უნაკერო, არასდროს მოგინდებათ მისი მოხსნა
• დელიკატური სტილის ტარებისა და რეცხვისას გამოიჩინეთ სიფრთხილე"
"PRODUCT"	"8995424501957"	"meta_title"	"ka"	""	""	"Push-up Shorts Booty Watermelon"	"აჭიმვადი შორტები საჯდომისთვის ""საზამთრო"""
"PRODUCT"	"8995424501957"	"meta_description"	"ka"	""	""	"ვარდისფერი Push-up ელასტიკი, იდეალურად კრავს ტანს და გამოკვეთს უკანალს. მასალა: Spandex / Polyester"	"Pink push-up leggings, perfect for shaping your body and accentuating your butt. Material: Spandex / Polyester"
"PRODUCT"	"8995424829637"	"title"	"ka"	""	""	"Long Sleeve Top Black Vortex"	"გრძელმკლავიანი ზედა Black Vortex"
"PRODUCT"	"8995424829637"	"body_html"	"ka"	""	""	"გრძელმკლავიანი უნაკერო შავი ზედა, იდეალურად კრავს ტანს და კვეთს ფორმებს,

არ ტოვებს ოფლის ლაქებს

მასალა: Nylon / Spandex"	"Long-sleeved seamless black top, perfectly hugging the body and accentuating the figure,

Does not leave sweat marks

Material: Nylon / Spandex"
"PRODUCT"	"8995424829637"	"meta_title"	"ka"	""	""	"Long Sleeve Top Black Vortex"	"გრძელმკლავიანი ზედა შავი ვორტექსი"
"PRODUCT"	"8995424829637"	"meta_description"	"ka"	""	""	"გრძელმკლავიანი უნაკერო ზედა, იდეალურად კრავს ტანს და კვეთს ფორმებს,არ ტოვებს ოფლის ლაქებსმასალა: Nylon / Spandex"	"Long sleeve seamless top, perfectly hugs the body and sculpts the forms, leaves no sweat stains.
Material: Nylon / Spandex"
"PRODUCT"	"8995424895173"	"title"	"ka"	""	""	"რეზინის ესპანდერი სახელურებით"	"Rubber expander with handles"
"PRODUCT"	"8995424895173"	"body_html"	"ka"	""	""	"რეზინის ესპანდერი სახელურებით
ფერი: შავი"	"რეზინის ესპანდერი სახელურებით
ფერი: შავი"
"PRODUCT"	"8995424895173"	"meta_title"	"ka"	""	""	"რეზინის ესპანდერი სახელურებით"	"Rubber expander with handles"
"PRODUCT"	"8995424927941"	"title"	"ka"	""	""	"სპორტული უნაკერო საცვალი"	"Sports seamless underwear"
"PRODUCT"	"8995424927941"	"body_html"	"ka"	""	""	"სპორტული უნაკერო საცვალი,
ხელმისაწვდომია 3 ფერში: შავი, ბეჟი, მუქი ლურჯი."	"Sports seamless underwear, available in 3 colours: Black, Beige, Dark Blue."
"PRODUCT"	"8995424927941"	"meta_title"	"ka"	""	""	"სპორტული უნაკერო საცვალი"	"Sport seamless underwear"
"PRODUCT"	"8995425091781"	"title"	"ka"	""	""	"Push-up Leggings Grey Cosmos"	"აჭიმვადი ლეგინსები ნაცრისფერი „კოსმოსი“"
"PRODUCT"	"8995425091781"	"body_html"	"ka"	""	""	"Seamless Push-up Shorts
• Invisible scrunch bum
•Booty contouring and enhancing
•Mesh cutouts at bottom

Material and Care:
• 90% Nylon, 10% Spandex
• Incredibly soft and seamless, you’ll never want to take it off
• Handle with care when wearing and washing this delicate style"	"უკერო პუშ-აპ შორტები
• უხილავი რუში ბუსტი
• უკანალის კონტურის გაუმჯობესება და გამოკვეთა
• ბადისებრი ჭრილები ქვემოთ

მასალა და მოვლა:
• 90% ნეილონი, 10% სპანდექსი
• წარმოუდგენლად რბილი და უკერო, არასდროს მოგინდებათ მისი მოხსნა
• ფრთხილად მოეპყარით ამ დელიკატურ სტილს ტარებისას და რეცხვისას"
"PRODUCT"	"8995425091781"	"meta_title"	"ka"	""	""	"Push-up Leggings Grey Cosmos"	"აჭიმვადი ლეგინსები ნაცრისფერი კოსმოსი"
"PRODUCT"	"8995425091781"	"meta_description"	"ka"	""	""	"სავარჯიშო მაღალწელიანი Push-up ელასტიკი, იდეალურად კრავს ტანს და გამოკვეთს უკანალს.მასალა:: Spandex / Polyester"	"High-waisted push-up elastic exercise leggings, perfectly define the body and highlight the glutes. Material: Spandex / Polyester"
"PRODUCT"	"8995425157317"	"title"	"ka"	""	""	"Push-up Set Booty Black"	"„ფუშ-აპ“ კომპლექტი „ბუთი ბლექი“"
"PRODUCT"	"8995425157317"	"body_html"	"ka"	""	""	"შავი სავარჯიშო მაღალწელიანი Push-up ორეული, იდეალურად კრავს ტანს და გამოკვეთს უკანალს.

წელვადი, არ ლანდავს.

მასალა: Spandex / Polyester"	"Black Push-up high-waisted workout set, perfectly snugs the body and accentuates the butt.

Stretchy, not see-through.

Material: Spandex / Polyester"
"PRODUCT"	"8995425157317"	"meta_title"	"ka"	""	""	"Push-up Set Booty Black"	"აჭიმვადი კომპლექტი, უკანალის შავი"
"PRODUCT"	"8995425157317"	"meta_description"	"ka"	""	""	"შავი სავარჯიშო მაღალწელიანი Push-up ორეული, იდეალურად კრავს ტანს და გამოკვეთს უკანალს.წელვადი, არ ლანდავს.მასალა:: Spandex / Polyester"	"Black high-waisted Push-up workout set, perfectly snugs the body and emphasizes the glutes. Stretchy, not see-through. Material: Spandex / Polyester"
"PRODUCT"	"8995425190085"	"title"	"ka"	""	""	"Long Sleeve Zip Crop Top Effect"	"გრძელმკლავიანი მოკლე ზედა ელვათი"
"PRODUCT"	"8995425190085"	"body_html"	"ka"	""	""	"გრძელმკლავიანი ელასტიური ზედა ელვა შესაკრავით, იდეალურად კრავს ტანს და ვიზუალურად ახდუნებს.

მატერია: Spandex / Polyester"	"Long-sleeved stretchy top with zip closure, perfectly fits the body and has a slimming effect.

Material: Spandex / Polyester"
"PRODUCT"	"8995425190085"	"meta_title"	"ka"	""	""	"Long Sleeve Zip Crop Top Effect"	"გრძელმკლავიანი ელვა-შესაკრავიანი კროპ ტოპის ეფექტი"
"PRODUCT"	"8995425190085"	"meta_description"	"ka"	""	""	"გრძელმკლავიანი, უნაკერი, ელასტიური კომპლექტი, იდეალურად კრავს ტანს და კვეთს ფორმებს,არ ტოვებს ოფლის ლაქებს და ვიზუალურად ახდუნებს.მასალა: Nylon / Spandex"	"Long-sleeved, seamless, elastic set, perfectly hugs the body and highlights its forms, leaves no sweat stains, and visually slims. Material: Nylon / Spandex"
"PRODUCT"	"8995425616069"	"title"	"ka"	""	""	"Push-up Leggings Bomby Navy"	"ბომბის საზღვაო ფერის გამაშები (Push-up)"
"PRODUCT"	"8995425616069"	"body_html"	"ka"	""	""	"Seamless Push-up leggings
• Full-length leggings
• Invisible scrunch bum
•Booty contouring and enhancing

<strong>Material and Care:</strong>
• 90% Nylon, 10% Spandex
• Incredibly soft and seamless, you’ll never want to take it off
• Handle with care when wearing and washing this delicate style"	"უაკერო გამწევი ლეგინსები
• სრული სიგრძის ლეგინსები
• უხილავი ""scrunch bum"" ეფექტი
• დუნდულების კონტურირება და გაუმჯობესება

<strong>მასალა და მოვლა:</strong>
• 90% ნეილონი, 10% სპანდექსი
• წარმოუდგენლად რბილი და უნაკერო, არასოდეს მოგინდებათ მისი გახდა
• ატარეთ და გარეცხეთ ფრთხილად, რადგან დელიკატური სტილისაა"
"PRODUCT"	"8995425616069"	"meta_title"	"ka"	""	""	"Push-up Leggings Bomby Navy"	"ბომბის საზღვაო ფერის გამაშები (Push-up)"
"PRODUCT"	"8995425616069"	"meta_description"	"ka"	""	""	"სავარჯიშო მაღალწელიანი Push-up ელასტიკი, იდეალურად კრავს ტანს და გამოკვეთს უკანალს.მასალა: Spandex / Polyester"	"High-waist push-up elastic exercise leggings, perfectly hug the body and accentuate the buttocks. Material: Spandex / Polyester"
"PRODUCT"	"8995425648837"	"title"	"ka"	""	""	"Push-up Leggings Bomby Black"	"ბიძგების ეფექტის მქონე ლეგინსები Bomby Black"
"PRODUCT"	"8995425648837"	"body_html"	"ka"	""	""	"Seamless Push-up leggings
• Full-length leggings
• Invisible scrunch bum
•Booty contouring and enhancing

<strong>Material and Care:</strong>
• 90% Nylon, 10% Spandex
• Incredibly soft and seamless, you’ll never want to take it off
• Handle with care when wearing and washing this delicate style"	"უსწორო პუშ-აპი ლეგინსები
• მთლიანი სიგრძის ლეგინსები
• უხილავი ნაკეციანი უკანალი
• დუნდულების კონტურირება და გაუმჯობესება

<strong>მასალა და მოვლა:</strong>
• 90% ნეილონი, 10% სპანდექსი
• საოცრად რბილი და უნაკერო, არასდროს მოგინდებათ მისი გახდა
• ფრთხილად მოეპყარით ამ ნაზ სტილს ტარებისას და რეცხვისას"
"PRODUCT"	"8995425648837"	"meta_title"	"ka"	""	""	"Push-up Leggings Bomby Black"	"აჭიმვადი ლეგინსები Bomby Black"
"PRODUCT"	"8995425648837"	"meta_description"	"ka"	""	""	"სავარჯიშო მაღალწელიანი Push-up ელასტიკი, იდეალურად კრავს ტანს და გამოკვეთს უკანალს.მასალა: Spandex / Polyester"	"High-waisted push-up elastic exercise leggings, perfectly hug the body and emphasize the buttocks. Material: Spandex / Polyester"
"PRODUCT"	"8995425681605"	"title"	"ka"	""	""	"Push-up Leggings Bomby Light Khaki"	"Push-up Leggings Bomby ღია ხაკი"
"PRODUCT"	"8995425681605"	"body_html"	"ka"	""	""	"Seamless Push-up leggings
• Full-length leggings
• Invisible scrunch bum
•Booty contouring and enhancing

<strong>Material and Care:</strong>
• 90% Nylon, 10% Spandex
• Incredibly soft and seamless, you’ll never want to take it off
• Handle with care when wearing and washing this delicate style"	"უზადო ლეგინსები აწევის ეფექტით
• სრულმეტრაჟიანი ლეგინსები
• უხილავი შეკრული უკანალი
• საჯდომის კონტურის გაუმჯობესება და გამოკვეთა

<strong>მასალა და მოვლა:</strong>
• 90% ნეილონი, 10% სპანდექსი
• საოცრად რბილი და უნაკლო, არასოდეს მოგინდებათ მისი გახდა
• ფრთხილად მოეპყარით ამ ნაზ სტილს ტარებისა და რეცხვისას"
"PRODUCT"	"8995425681605"	"meta_title"	"ka"	""	""	"Push-up Leggings Bomby Light Khaki"	"აჭიმვადი ლეგინსები Bomby ღია ხაკი"
"PRODUCT"	"8995425681605"	"meta_description"	"ka"	""	""	"სავარჯიშო მაღალწელიანი Push-up ელასტიკი, იდეალურად კრავს ტანს და გამოკვეთს უკანალს.მასალა: Spandex / Polyester"	"High-waist Push-up elastic leggings, ideal for a tight fit and buttock-lifting effect. Material: Spandex / Polyester"
"PRODUCT"	"8995425747141"	"title"	"ka"	""	""	"Push-up Shorts Light Grey Bomby"	"Push-up შორტი ღია რუხი Bomby"
"PRODUCT"	"8995425747141"	"body_html"	"ka"	""	""	"Seamless Push-up Shorts
• Invisible scrunch bum
•Booty contouring and enhancing

<strong>Material and Care:</strong>
• 90% Nylon, 10% Spandex
• Incredibly soft and seamless, you’ll never want to take it off
• Handle with care when wearing and washing this delicate style"	"უკერო ქამრიანი შორტები
• უხილავი რუშიანი უკანალი
• უკანალის კონტურის გამოკვეთა და გაუმჯობესება

<strong>მასალა და მოვლა:</strong>
• 90% ნეილონი, 10% სპანდექსი
• წარმოუდგენლად რბილი და უნაკერო, არასდროს მოგინდებათ მისი გახდა
• ფრთხილად მოექეცით ამ ნაზ სტილს ტარებისა და რეცხვის დროს"
"PRODUCT"	"8995425747141"	"meta_title"	"ka"	""	""	"Push-up Shorts Light Grey Bomby"	"აჭიმვადი შორტები, ღია ნაცრისფერი, Bomby"
"PRODUCT"	"8995425747141"	"meta_description"	"ka"	""	""	"ზურმუხტისფერი ელასტიური კომპლექტი ტოპით, იდეალურად კრავს ტანს და კვეთს ფორმებს,არ ტოვებს ოფლის ლაქებს*ტოპი არის გუფკითმასალა: Nylon / Spandex"	"Emerald green elastic set with a top, perfectly hugs the body and sculpts forms, leaves no sweat stains*The top has sponge material: Nylon / Spandex"
"PRODUCT"	"8995426599109"	"title"	"ka"	""	""	"Gym Bag Black Fit"	"სპორტული ჩანთა შავი Fit"
"PRODUCT"	"8995426599109"	"body_html"	"ka"	""	""	"სავარჯიშო ჩანთა ელვა შესაკრავით, არის წყალგამძლე, აქვს ცალკე სივრცე ფეხსაცმლის ჩასადებად.

ზომა: 47*26 (სმ.)"	"Sports bag with zipper, is waterproof, has a separate space for shoes.

Size: 47*26 (cm.)"
"PRODUCT"	"8995426599109"	"meta_title"	"ka"	""	""	"Gym Bag Black Fit"	"სპორტული ჩანთა შავი ფერი"
"PRODUCT"	"8995426599109"	"meta_description"	"ka"	""	""	"შავი სავარჯიშო ჩანთა ელვა შესაკრავით, შიგნით აქვს პატარა ჯიბე. ზომა: 41*26 (სმ.)"	"Black gym bag with zipper closure, has a small pocket inside. Size: 41*26 (cm)"
"PRODUCT"	"8995426697413"	"title"	"ka"	""	""	"ორეული Sexy Pink"	"ორეული სექსუალური ვარდისფერი"
"PRODUCT"	"8995426697413"	"body_html"	"ka"	""	""	"ელასტიური კომპლექტი ტოპით, იდეალურად კრავს ტანს და კვეთს ფორმებს,

არ ტოვებს ოფლის ლაქებს

მასალა: Nylon / Spandex"	"ელასტიური კომპლექტი ტოპით, იდეალურად კრავს ტანს და აყალიბებს ფორმებს,

არ ტოვებს ოფლის ლაქებს

მასალა: ნეილონი / სპანდექსი"
"PRODUCT"	"8995426697413"	"meta_title"	"ka"	""	""	"ორეული Sexy Pink"	"ორეული Sexy Pink"
"PRODUCT"	"8995426697413"	"meta_description"	"ka"	""	""	"ელასტიური კომპლექტი ტოპით, იდეალურად კრავს ტანს და კვეთს ფორმებს,არ ტოვებს ოფლის ლაქებსმასალა: Nylon / Spandex"	"Elastic set with top, perfectly tightens the body and outlines the forms, does not leave sweat marks Material: Nylon / Spandex"
"PRODUCT"	"8995426762949"	"title"	"ka"	""	""	"Sports Bra Black Free Size"	"სპორტული ბიუსტჰალტერი, შავი, თავისუფალი ზომა"
"PRODUCT"	"8995426762949"	"body_html"	"ka"	""	""	"შავი ელასტიური სავარჯიშო ტოპი ბრეტელებით, აქვს გუფკა.

მასალა: Spandex / Polyester"	"შავი ელასტიური სავარჯიშო ტოპი თხელი ბრეტელებით, აქვს ღრუბელი.

მასალა: სპანდექსი / პოლიესტერი"
"PRODUCT"	"8995426762949"	"meta_title"	"ka"	""	""	"Sports Bra Black Free Size"	"სპორტული ბიუსტჰალტერი, შავი, თავისუფალი ზომა"
"PRODUCT"	"8995426762949"	"meta_description"	"ka"	""	""	"შავი ელასტიური სავარჯიშო ტოპი ბრეტელებით, აქვს გუფკა.მასალა: Spandex / Polyester"	"Black elastic workout top with straps, has a sponge. Material: Spandex / Polyester"
"PRODUCT"	"8995426795717"	"title"	"ka"	""	""	"Sports Bra Grey Free Size"	"სპორტული ბიუსტჰალტერი, რუხი, თავისუფალი ზომა"
"PRODUCT"	"8995426795717"	"body_html"	"ka"	""	""	"ნაცრისფერი ელასტიური სავარჯიშო ტოპი ბრეტელებით, აქვს გუფკა.

მასალა: Spandex / Polyester"	"Grey elastic training top with straps, has sponge.

Material: Spandex / Polyester"
"PRODUCT"	"8995426795717"	"meta_title"	"ka"	""	""	"Sports Bra Grey Free Size"	"სპორტული ბიუსტჰალტერი ნაცრისფერი უნივერსალური ზომა"
"PRODUCT"	"8995426795717"	"meta_description"	"ka"	""	""	"ნაცრისფერი ელასტიური სავარჯიშო ტოპი ბრეტელებით, აქვს გუფკა.მასალა: Spandex / Polyester"	"Grey elastic workout top with straps, has padding. Material: Spandex / Polyester"
"PRODUCT"	"8995426828485"	"title"	"ka"	""	""	"Sports Bra White Free Size"	"სპორტული ბიუსტჰალტერი, თეთრი, თავისუფალი ზომა"
"PRODUCT"	"8995426828485"	"body_html"	"ka"	""	""	"თეთრი ელასტიური სავარჯიშო ტოპი ბრეტელებით, აქვს გუფკა.

მასალა: Spandex / Polyester"	"White stretchy workout top with straps and padding.

Material: Spandex / Polyester"
"PRODUCT"	"8995426828485"	"meta_title"	"ka"	""	""	"Sports Bra White Free Size"	"სპორტული ბიუსტჰალტერი, თეთრი, თავისუფალი ზომა"
"PRODUCT"	"8995426828485"	"meta_description"	"ka"	""	""	"თეთრი ელასტიური სავარჯიშო ტოპი ბრეტელებით, აქვს გუფკა.მასალა: Spandex / Polyester"	"White elastic exercise top with straps, has a sponge.Material: Spandex / Polyester"
"PRODUCT"	"8995426926789"	"title"	"ka"	""	""	"Push-up Leggings Bomby Pink"	"აჭიმვადი ლეგინსები, ბომბი ვარდისფერი"
"PRODUCT"	"8995426926789"	"body_html"	"ka"	""	""	"Seamless Push-up leggings
• Full-length leggings
• Invisible scrunch bum
•Booty contouring and enhancing

<strong>Material and Care:</strong>
• 90% Nylon, 10% Spandex
• Incredibly soft and seamless, you’ll never want to take it off
• Handle with care when wearing and washing this delicate style"	"უსწორო პუშ-აპი ლეგინსები
• სრული სიგრძის ლეგინსები
• უხილავი უკანალი
• დუნდულების კონტურირება და გაუმჯობესება

<strong>მასალა და მოვლა:</strong>
• 90% ნეილონი, 10% სპანდექსი
• წარმოუდგენლად რბილი და უნაკლო, არასოდეს მოგინდებათ მისი გახდა
• ფრთხილად მოეპყარით ამ ნაზ სტილს ტარებისას და რეცხვისას"
"PRODUCT"	"8995426926789"	"meta_title"	"ka"	""	""	"Push-up Leggings Bomby Pink"	"ბომბი ვარდისფერი აწევის ფუნქციის მქონე გამაშები"
"PRODUCT"	"8995426926789"	"meta_description"	"ka"	""	""	"ღია ვარდისფერი სავარჯიშო ელასტიკი, იდეალურად კრავს ტანს და გამოკვეთს ფორმებს. მასალა:  Polyester / Spandex"	"Light pink workout elastic, perfectly hugs the body and highlights the figure. Material: Polyester / Spandex"
"PRODUCT"	"8995426959557"	"title"	"ka"	""	""	"Jumpsuit Black Stronger"	"კომბინეზონი შავი Stronger"
"PRODUCT"	"8995426959557"	"body_html"	"ka"	""	""	"შავი სავარჯიშო კომბინიზონი, აქვს გუფკა.
იდეალურად კრავს ტანს და ვიზუალურად ახდუნებს.
მასალა: Polyester"	"Black workout jumpsuit with sponges.
It perfectly flatters the body and makes it look slimmer.
Material: Polyester"
"PRODUCT"	"8995426959557"	"meta_title"	"ka"	""	""	"Jumpsuit Black Stronger"	"კომბინეზონი შავი Stronger"
"PRODUCT"	"8995426959557"	"meta_description"	"ka"	""	""	"შავი სავარჯიშო კომბინიზონი, აქვს გუფკა. იდეალურად კრავს ტანს და ვიზუალურად ახდუნებს. მასალა: Polyester"	"Black exercise jumpsuit, has sponge. Perfectly wraps the body and visually slims. Material: Polyester"
"PRODUCT"	"8995427025093"	"title"	"ka"	""	""	"Seamless Leggings Dark Grey Flow"	"უკერო გამაშები მუქი ნაცრისფერი Flow"
"PRODUCT"	"8995427025093"	"body_html"	"ka"	""	""	"უნაკერო ლეგინსი, იდეალურად კრავს ტანს და კვეთს ფორმებს, არ ტოვებს ოფლის ლაქებს

მასალა:  Polyester / Spandex

 "	"Seamless leggings, ideal for sculpting the body and defining curves, with no sweat stains.

Material: Polyester / Spandex

"
"PRODUCT"	"8995427025093"	"meta_title"	"ka"	""	""	"Seamless Leggings Dark Grey Flow"	"უკერო ლეგინსები მუქი ნაცრისფერი ნაკადი"
"PRODUCT"	"8995427025093"	"meta_description"	"ka"	""	""	"უნაკერო ლეგინსი, იდეალურად კრავს ტანს და კვეთს ფორმებს, არ ტოვებს ოფლის ლაქებსმასალა:  Polyester / Spandex"	"Seamless leggings, perfectly hugging the body and shaping curves, leaving no sweat marks
Material: Polyester / Spandex"
"PRODUCT"	"8995427123397"	"title"	"ka"	""	""	"Flared Pants Freestyle"	"გაშლილი შარვლის ფრისტაილი"
"PRODUCT"	"8995427123397"	"body_html"	"ka"	""	""	"სავარჯიშო შარვალი, გრილი მასალის

მასალა: Nylon/Polyester"	"Sport trousers, cool fabric

Material: Nylon/Polyester"
"PRODUCT"	"8995427123397"	"meta_title"	"ka"	""	""	"Flared Pants Freestyle"	"გაშლილი შარვლის ფრისტაილი"
"PRODUCT"	"8995427123397"	"meta_description"	"ka"	""	""	"ფერადი და ხალისიანი Push-up ელასტიკი, იდეალურად კრავს ტანს და კვეთს ფორმებს.მასალა: Nylon/Polyester"	"Colorful and cheerful push-up elastic, perfectly hugs the body and sculpts the forms. Material: Nylon/Polyester"
"PRODUCT"	"8995427418309"	"title"	"ka"	""	""	"Sports Bra Black Babe"	"სპორტული ლიფი შავი ბეიბი"
"PRODUCT"	"8995427418309"	"body_html"	"ka"	""	""	"შავი ელასტიური სავარჯიშო ტოპი, აქვს გუფკა.
მასალა: Spandex / Polyester"	"Black elastic workout top with sponge pads.
Material: Spandex / Polyester"
"PRODUCT"	"8995427418309"	"meta_title"	"ka"	""	""	"Sports Bra Black Babe"	"სპორტული ბიუსტჰალტერი შავი ბეიბი"
"PRODUCT"	"8995427418309"	"meta_description"	"ka"	""	""	"შავი ელასტიური სავარჯიშო ტოპი, აქვს გუფკა.მასალა: Spandex / Polyester"	"Black elastic workout top, has sponge. Material: Spandex / Polyester"
"PRODUCT"	"8995427516613"	"title"	"ka"	""	""	"Push-up Bike Shorts Bomby Purple"	"ველოტრუსები აწევის ეფექტით, ბომბი მეწამული"
"PRODUCT"	"8995427516613"	"body_html"	"ka"	""	""	"Seamless Push-up Shorts
• Bike Shorts
• Invisible scrunch bum
•Booty contouring and enhancing

<strong>Material and Care:</strong>
• 90% Nylon, 10% Spandex
• Incredibly soft and seamless, you’ll never want to take it off
• Handle with care when wearing and washing this delicate style"	"უკერო აზიდვის ეფექტის მქონე შორტები
• ველოსიპედის შორტები
• უხილავი ნაკეცი უკანალზე
• დუნდულების კონტურირება და გაუმჯობესება

<strong>მასალა და მოვლა:</strong>
• 90% ნეილონი, 10% სპანდექსი
• საოცრად რბილი და უკერო, არასდროს მოგინდებათ მისი გახდა
• ფრთხილად მოექეცით ამ ნაზ სტილს ტარებისას და რეცხვისას"
"PRODUCT"	"8995427516613"	"meta_title"	"ka"	""	""	"Push-up Bike Shorts Bomby Purple"	"ქალის მოკლე ველოსიპედის შორტი „ბომბი“ იასამნისფერი"
"PRODUCT"	"8995427516613"	"meta_description"	"ka"	""	""	"სავარჯიშო მაღალწელიანი Push-up შორტი, იდეალურად კრავს ტანს და გამოკვეთს უკანალს.მასალა: Spandex / Polyester"	"High-waist Push-up shorts for workout, perfectly snugs the body and accentuates the butt. Material: Spandex / Polyester"
"PRODUCT"	"8995427549381"	"title"	"ka"	""	""	"Push-up Leggings Bomby Rose Neon"	"პუშ-აპი ლეგინსები „ბომბი როუზ ნეონი“"
"PRODUCT"	"8995427549381"	"body_html"	"ka"	""	""	"Seamless Push-up leggings
• Full-length leggings
• Invisible scrunch bum
•Booty contouring and enhancing

<strong>Material and Care:</strong>
• 90% Nylon, 10% Spandex
• Incredibly soft and seamless, you’ll never want to take it off
• Handle with care when wearing and washing this delicate style"	"უაკერო გამწევი ლეგინსები
• სრული სიგრძის გამაშები
• უხილავი დაჭიმული დუნდულები
• დუნდულების კონტურირება და გაუმჯობესება

<strong>მასალა და მოვლა:</strong>
• 90% ნეილონი, 10% სპანდექსი
• საოცრად რბილი და უნაკერო, არასოდეს მოგინდებათ მისი გახდა
• მოეპყარით სიფრთხილით ამ დელიკატური სტილის ტარებისას და რეცხვისას"
"PRODUCT"	"8995427549381"	"meta_title"	"ka"	""	""	"Push-up Leggings Bomby Rose Neon"	"აჟღენთილი ლეგინსები „ბომბი“ ვარდისფერი ნეონი"
"PRODUCT"	"8995427549381"	"meta_description"	"ka"	""	""	"სავარჯიშო მაღალწელიანი Push-up ელასტიკი, იდეალურად კრავს ტანს და გამოკვეთს უკანალს.მასალა: Spandex / Polyester"	"High-waist Push-up elastic leggings, ideal for a tight fit and buttock-lifting effect. Material: Spandex / Polyester"
"PRODUCT"	"8995427582149"	"title"	"ka"	""	""	"Push-up Bike Shorts Bomby Black"	"ველოსიპედის შორტები „ბომბი“ შავი, აზიდვის ეფექტით"
"PRODUCT"	"8995427582149"	"body_html"	"ka"	""	""	"Seamless Push-up Shorts
• Bike Shorts
• Invisible scrunch bum
•Booty contouring and enhancing

<strong>Material and Care:</strong>
• 90% Nylon, 10% Spandex
• Incredibly soft and seamless, you’ll never want to take it off
• Handle with care when wearing and washing this delicate style"	"უწყვეტი პუშ-აპ შორტები
• ველოსიპედის შორტები
• უხილავი რუშიანი უკანალი
• დუნდულების კონტურირება და გაუმჯობესება

<strong>მასალა და მოვლა:</strong>
• 90% ნეილონი, 10% სპანდექსი
• წარმოუდგენლად რბილი და უწყვეტი, არასოდეს მოგინდებათ მისი გახდა
• ატარეთ და გარეცხეთ სიფრთხილით ამ დელიკატური სტილის ტანსაცმელი"
"PRODUCT"	"8995427582149"	"meta_title"	"ka"	""	""	"Push-up Bike Shorts Bomby Black"	"Push-up ველო შორტები „ბომბი“ შავი"
"PRODUCT"	"8995427582149"	"meta_description"	"ka"	""	""	"სავარჯიშო მაღალწელიანი Push-up შორტი, იდეალურად კრავს ტანს და გამოკვეთს უკანალს.მასალა: Spandex / Polyester"	"High-waisted push-up shorts for workout, ideally shapes the body and highlights the buttocks. Material: Spandex / Polyester"
"PRODUCT"	"8995427713221"	"title"	"ka"	""	""	"Push-up Leggings Bomby Pink"	"„ფუშ-აპ“ ლეგინსები – „ბომბი“ ვარდისფერი"
"PRODUCT"	"8995427713221"	"body_html"	"ka"	""	""	"Seamless Push-up leggings
• Full-length leggings
• Invisible scrunch bum
•Booty contouring and enhancing

<strong>Material and Care:</strong>
• 90% Nylon, 10% Spandex
• Incredibly soft and seamless, you’ll never want to take it off
• Handle with care when wearing and washing this delicate style"	"უზადო ლეგინსები აწევის ეფექტით
• მთლიანი სიგრძის ლეგინსები
• უხილავი ნაკეცი უკანალზე
• უკანალის ფორმირება და გაუმჯობესება

<strong>მასალა და მოვლა:</strong>
• 90% ნეილონი, 10% სპანდექსი
• წარმოუდგენლად რბილი და უზადო, არასოდეს მოგინდებათ მისი გახდა
• მოეპყარით სიფრთხილით ამ დელიკატურ მოდელს ტარებისას და რეცხვისას"
"PRODUCT"	"8995427713221"	"meta_title"	"ka"	""	""	"Push-up Leggings Bomby Pink"	"„პუშ-აპ“ ლეგინსები (ბომბი ვარდისფერი)"
"PRODUCT"	"8995427713221"	"meta_description"	"ka"	""	""	"სავარჯიშო მაღალწელიანი Push-up ელასტიკი, იდეალურად კრავს ტანს და გამოკვეთს უკანალს.მასალა: Spandex / Polyester"	"High-waist Push-up elastic leggings, ideal for a tight fit and buttock-lifting effect. Material: Spandex / Polyester"
"PRODUCT"	"8995427778757"	"title"	"ka"	""	""	"Push-up Leggings Marble Cosmos"	"„პუშ-აპ“ ლეგინსები „მარმარილოს კოსმოსი“"
"PRODUCT"	"8995427778757"	"body_html"	"ka"	""	""	"Seamless Push-up leggings
• Full-length leggings
• Invisible scrunch bum
•Booty contouring and enhancing
•Mesh cutouts at bottom

Material and Care:
• 90% Nylon, 10% Spandex
• Incredibly soft and seamless, you’ll never want to take it off
• Handle with care when wearing and washing this delicate style"	"უტი ნაკერო პუშ-აპი ლეგინსები
• სრულმეტრაჟიანი ლეგინსები
• უხილავი დაჭიმვადი უკანალი
• უკანალის კონტურის გაუმჯობესება და გამოკვეთა
• ბადისებრი ამოჭრილები ქვედა ნაწილში

მასალა და მოვლა:
• 90% ნეილონი, 10% სპანდექსი
• წარმოუდგენლად რბილი და უნაკერო, არასდროს მოგინდებათ მისი გახდა
• ფრთხილად მოექეცით ამ ნაზ სტილს ტარებისას და რეცხვისას"
"PRODUCT"	"8995427778757"	"meta_title"	"ka"	""	""	"Push-up Leggings Marble Cosmos"	"ქუსლზე აწეული გამაშები „მარმარილოს კოსმოსი“"
"PRODUCT"	"8995427778757"	"meta_description"	"ka"	""	""	"სავარჯიშო მაღალწელიანი Push-up ელასტიკი, იდეალურად კრავს ტანს და გამოკვეთს უკანალს.მასალა:: Spandex / Polyester"	"High-waisted push-up elastic exercise leggings, perfectly define the body and highlight the glutes. Material: Spandex / Polyester"
"PRODUCT"	"8995427811525"	"title"	"ka"	""	""	"Leggings Brown Military"	"ელასტიკები, ყავისფერი, სამხედრო სტილი"
"PRODUCT"	"8995427811525"	"body_html"	"ka"	""	""	"მაღალწელიანი ელასტიკი, იდეალურად კრავს ტანს და გამოკვეთს ფორმებს. მასალა: Nylon/Spandex"	"High-waisted elastic, perfectly shapes the body and accentuates curves. Material: Nylon/Spandex"
"PRODUCT"	"8995427811525"	"meta_title"	"ka"	""	""	"Leggings Brown Military"	"გამაშები ყავისფერი სამხედრო"
"PRODUCT"	"8995427811525"	"meta_description"	"ka"	""	""	"მაღალწელიანი უნაკერო ელასტიკი, იდეალურად კრავს ტანს და გამოკვეთს ფორმებს. მასალა: Nylon/Spandex"	"High-waisted seamless elastic, perfectly hugs the body and accentuates forms. Material: Nylon/Spandex"
"PRODUCT"	"8995427877061"	"title"	"ka"	""	""	"Leggings Pink Military"	"კაშნე ვარდისფერი სამხედრო სტილის"
"PRODUCT"	"8995427877061"	"body_html"	"ka"	""	""	"მაღალწელიანი ელასტიკი, იდეალურად კრავს ტანს და გამოკვეთს ფორმებს. მასალა: Nylon/Spandex"	"High-waisted elastic, ideally sculpts the body and accentuates forms. Material: Nylon/Spandex"
"PRODUCT"	"8995427877061"	"meta_title"	"ka"	""	""	"Leggings Pink Military"	"ელასტიკი, ვარდისფერი, სამხედრო"
"PRODUCT"	"8995427877061"	"meta_description"	"ka"	""	""	"მაღალწელიანი უნაკერო ელასტიკი, იდეალურად კრავს ტანს და გამოკვეთს ფორმებს. მასალა: Nylon/Spandex"	"High-waisted seamless elastic, perfectly hugs the body and accentuates forms. Material: Nylon/Spandex"
"PRODUCT"	"8995428008133"	"title"	"ka"	""	""	"All In One Pink Triangle"	"ყველაფერი ერთში ვარდისფერი სამკუთხედი"
"PRODUCT"	"8995428008133"	"body_html"	"ka"	""	""	"მოკლე სავარჯიშო კომბინიზონი. იდეალურად კრავს ტანს, ვიზუალურად ახდუნებს და გამოკვეთს ფორმებს.

მასალა: Polyester/Spandex"	"Short exercise jumpsuit. Perfectly hugs the body, visually slims, and highlights your figure.

Material: Polyester/Spandex"
"PRODUCT"	"8995428008133"	"meta_title"	"ka"	""	""	"All In One Pink Triangle"	"ყველა ერთში ვარდისფერი სამკუთხედი"
"PRODUCT"	"8995428008133"	"meta_description"	"ka"	""	""	"მოკლე სავარჯიშო კომბინიზონი. იდეალურად კრავს ტანს, ვიზუალურად ახდუნებს და გამოკვეთს ფორმებს.მასალა: Polyester/Spandex"	"Short exercise jumpsuit. Ideally snugs the body, visually slims, and accentuates forms. Material: Polyester/Spandex"
"PRODUCT"	"8995428040901"	"title"	"ka"	""	""	"Long Sleeve Crop Top Black Mesh"	"გრძელმკლავიანი მოკლე ტოპი, შავი ბადე"
"PRODUCT"	"8995428040901"	"body_html"	"ka"	""	""	"შავი ბადიანი სავარჯიშო ტოპი, აქვს გუფკა.
მასალა: Spandex / Polyester"	"Black mesh training top, with sponges.
Material: Spandex / Polyester"
"PRODUCT"	"8995428040901"	"meta_title"	"ka"	""	""	"Long Sleeve Crop Top Black Mesh"	"გრძელმკლავიანი მოკლე ტოპი, შავი ბადე"
"PRODUCT"	"8995428040901"	"meta_description"	"ka"	""	""	"შავი ელასტიური სავარჯიშო ტოპი, აქვს გუფკა.მასალა: Spandex / Polyester"	"Black elastic workout top, has sponge. Material: Spandex / Polyester"
"PRODUCT"	"8995428303045"	"title"	"ka"	""	""	"Sports Bra Black Active"	"სპორტული ბიუსტჰალტერი, შავი, აქტიური"
"PRODUCT"	"8995428303045"	"body_html"	"ka"	""	""	"შავი ელასტიური სავარჯიშო ტოპი, აქვს გუფკა.
მასალა: Spandex / Polyester"	"Black elastic workout top with sponge pads.
Material: Spandex / Polyester"
"PRODUCT"	"8995428303045"	"meta_title"	"ka"	""	""	"Sports Bra Black Active"	"სპორტული ბიუსტჰალტერი, შავი, აქტიური"
"PRODUCT"	"8995428303045"	"meta_description"	"ka"	""	""	"შავი ელასტიური სავარჯიშო ტოპი, აქვს გუფკა.მასალა: Spandex / Polyester"	"Black elastic workout top, has sponge. Material: Spandex / Polyester"
"PRODUCT"	"8995428335813"	"title"	"ka"	""	""	"Sports Bra White Star"	"სპორტული ბიუსტჰალტერი თეთრი ვარსკვლავი"
"PRODUCT"	"8995428335813"	"body_html"	"ka"	""	""	"თეთრი ელასტიური სავარჯიშო ტოპი, აქვს გუფკა.მასალა: Spandex / Polyester"	"White elastic workout top with sponge.Material: Spandex / Polyester"
"PRODUCT"	"8995428335813"	"meta_title"	"ka"	""	""	"Sports Bra White Star"	"სპორტული ბიუსტჰალტერი თეთრი ვარსკვლავი"
"PRODUCT"	"8995428335813"	"meta_description"	"ka"	""	""	"თეთრი ელასტიური სავარჯიშო ტოპი, აქვს გუფკა.მასალა: Spandex / Polyester"	"White elastic workout top with sponge pads.Material: Spandex / Polyester"
"PRODUCT"	"8995428368581"	"title"	"ka"	""	""	"Tennis Dress White Glam"	"ჩოგბურთის თეთრი კაბა გლამური"
"PRODUCT"	"8995428368581"	"body_html"	"ka"	""	""	"სავარჯიშო კაბა-შორტი, იდეალურად კრავს ტანს და არის კომფორტული ნებისმიერი აქტივობის შესასრულებლად. მასალა: Polyester/Spandex"	"Workout dress-shorts, ideally snugs the body and is comfortable for any activity. Material: Polyester/Spandex"
"PRODUCT"	"8995428368581"	"meta_title"	"ka"	""	""	"Tennis Dress White Glam"	"ჩოგბურთის თეთრი კაბა გლამური"
"PRODUCT"	"8995428368581"	"meta_description"	"ka"	""	""	"სავარჯიშო კაბა-შორტი, იდეალურად კრავს ტანს და არის კომფორტული ნებისმიერი აქტივობის შესასრულებლად. *ერთი ზომით პატარაა (S ზომა მიდის Xs-ზე, M ზომა მიდის S-ზე და ა.შ) მასალა: Polyester/Spandex"	"Workout dress-shorts, perfectly snugs the body and is comfortable for any activity. *Runs one size small (size S fits Xs, size M fits S, etc.) Fabric: Polyester/Spandex"
"PRODUCT"	"8995428532421"	"title"	"ka"	""	""	"Push-up Bike Shorts Bomby Navy"	"ათლეტური ველოსიპედის შორტები, Bomby Navy"
"PRODUCT"	"8995428532421"	"body_html"	"ka"	""	""	"Seamless Push-up Shorts
• Bike Shorts
• Invisible scrunch bum
•Booty contouring and enhancing

<strong>Material and Care:</strong>
• 90% Nylon, 10% Spandex
• Incredibly soft and seamless, you’ll never want to take it off
• Handle with care when wearing and washing this delicate style"	"<span>• უნაკლო პუშ-აპ შორტები
• ველო შორტები
• უხილავი „სქრანჩ ბამი“ (scrunch bum)
• დუნდულების კონტურის გაუმჯობესება და გამოკვეთა
<br>
<br><strong>მასალა და მოვლა:</strong>
• 90% ნეილონი, 10% სპანდექსი
• წარმოუდგენლად რბილი და უნაკლო, არ მოგინდებათ მისი გახდა
• ფრთხილად მოეპყარით ამ ნაზ სტილს ტარებისა და რეცხვის დროს</span>"
"PRODUCT"	"8995428532421"	"meta_title"	"ka"	""	""	"Push-up Bike Shorts Bomby Navy"	"ველოსიპედის შორტები „ფუშ-აპი“, მუქი ლურჯი"
"PRODUCT"	"8995428532421"	"meta_description"	"ka"	""	""	"სავარჯიშო მაღალწელიანი Push-up შორტი, იდეალურად კრავს ტანს და გამოკვეთს უკანალს.მასალა: Spandex / Polyester"	"High-waist Push-up shorts for workout, perfectly snugs the body and accentuates the butt. Material: Spandex / Polyester"
"PRODUCT"	"8995428565189"	"title"	"ka"	""	""	"Set Coral Decollete"	"კომპლექტი Coral Decollete"
"PRODUCT"	"8995428565189"	"body_html"	"ka"	""	""	"სავარჯიშო ორეული შორტით, იდეალურად კრავს ტანს და კვეთს ფორმებს, არ ტოვებს ოფლის ლაქებს, ზედას აქვს გუფკა.

მასალა: Polyester / Spandex"	"სავარჯიშო ორეული შორტით, იდეალურად ეკვრის ტანს და ხაზს უსვამს ფორმებს, არ ტოვებს ოფლის ლაქებს, ზედას აქვს ღრუბელი.

მასალა: პოლიესტერი / სპანდექსი"
"PRODUCT"	"8995428565189"	"meta_title"	"ka"	""	""	"Set Coral Decollete"	"კორალისფერი დეკოლტირებული ნაკრები"
"PRODUCT"	"8995428565189"	"meta_description"	"ka"	""	""	"კომპლექტი შორტით, იდეალურად კრავს ტანს და კვეთს ფორმებს, არ ტოვებს ოფლის ლაქებს, ზედას აქვს გუფკა.მასალა: Polyester / Spandex"	"Set with shorts, perfectly hugs the body and accentuates shapes, does not leave sweat stains, top has sponges. Material: Polyester / Spandex"
"PRODUCT"	"8995428663493"	"title"	"ka"	""	""	"Set Beige Decollete"	"კრემისფერი დეკოლტეს კომპლექტი"
"PRODUCT"	"8995428663493"	"body_html"	"ka"	""	""	"კომპლექტი შორტით, იდეალურად კრავს ტანს და კვეთს ფორმებს, არ ტოვებს ოფლის ლაქებს, ზედას აქვს გუფკა.

მასალა: Polyester / Spandex"	"კომპლექტი შორტით, იდეალურად კრავს ტანს და აყალიბებს ფორმებს, არ ტოვებს ოფლის ლაქებს, ზედას აქვს ღრუბელი.

მასალა: პოლიესტერი / სპანდექსი"
"PRODUCT"	"8995428663493"	"meta_title"	"ka"	""	""	"Set Beige Decollete"	"კრემისფერი დეკოლტეს კომპლექტი"
"PRODUCT"	"8995428663493"	"meta_description"	"ka"	""	""	"კომპლექტი შორტით, იდეალურად კრავს ტანს და კვეთს ფორმებს, არ ტოვებს ოფლის ლაქებს, ზედას აქვს გუფკა.მასალა: Polyester / Spandex"	"Set with shorts, perfectly hugs the body and accentuates shapes, leaves no sweat stains, top has sponge. Material: Polyester / Spandex"
"PRODUCT"	"8995428958405"	"title"	"ka"	""	""	"ორეული Sexy Neon Green"	"ორული სექსუალური ნეონის მწვანე"
"PRODUCT"	"8995428958405"	"body_html"	"ka"	""	""	"ელასტიური კომპლექტი ტოპით, იდეალურად კრავს ტანს და კვეთს ფორმებს,

არ ტოვებს ოფლის ლაქებს

მასალა: Nylon / Spandex"	"ელასტიური კომპლექტი ტოპით, იდეალურად კრავს ტანს და აყალიბებს ფორმებს,

არ ტოვებს ოფლის ლაქებს

მასალა: ნეილონი / სპანდექსი"
"PRODUCT"	"8995428958405"	"meta_title"	"ka"	""	""	"ორეული Sexy Neon Green"	"ორეული სექსუალური ნეონის მწვანე"
"PRODUCT"	"8995428958405"	"meta_description"	"ka"	""	""	"ელასტიური კომპლექტი ტოპით, იდეალურად კრავს ტანს და კვეთს ფორმებს,არ ტოვებს ოფლის ლაქებსმასალა: Nylon / Spandex"	"Elastic set with top, perfectly tightens the body and outlines the forms, does not leave sweat marks Material: Nylon / Spandex"
"PRODUCT"	"8995429122245"	"title"	"ka"	""	""	"Push-up Jumpsuit Black Babe"	"აბუსტული კომბინიზონი (შავი)"
"PRODUCT"	"8995429122245"	"body_html"	"ka"	""	""	"სავარჯიშო კომბინიზონი, აქვს გუფკა.
იდეალურად კრავს ტანს და ვიზუალურად ახდუნებს.
მასალა: Polyester"	"Workout jumpsuit with sponge padding.
It perfectly hugs the body and makes you look slimmer.
Material: Polyester"
"PRODUCT"	"8995429122245"	"meta_title"	"ka"	""	""	"Push-up Jumpsuit Black Babe"	"Push-up კომბინეზონი შავი ბეიბი"
"PRODUCT"	"8995429122245"	"meta_description"	"ka"	""	""	"სავარჯიშო Push-up კომბინიზონი, იდეალურად კრავს ტანს და კვეთს ფორმებს, არ ტოვებს ოფლის ლაქებს, ზედას აქვს გუფკა."	"Push-up workout bodysuit, perfectly hugs the body and accentuates forms, leaves no sweat stains, top has padding."
"PRODUCT"	"8995429155013"	"title"	"ka"	""	""	"Push-Up ორეული Purple Lollipop"	"Push-Up ორეული Purple Lollipop"
"PRODUCT"	"8995429155013"	"body_html"	"ka"	""	""	"Push-Up კომპლექტი შორტით, იდეალურად კრავს ტანს და კვეთს ფორმებს, არ ტოვებს ოფლის ლაქებს, ზედას აქვს გუფკა.

მასალა: Polyester / Spandex"	"Push-Up კომპლექტი შორტით, იდეალურად კრავს ტანს და კვეთს ფორმებს, არ ტოვებს ოფლის ლაქებს, ზედას აქვს გუფკა.

მასალა: Polyester / Spandex"
"PRODUCT"	"8995429155013"	"meta_title"	"ka"	""	""	"Push-Up ორეული Purple Lollipop"	"Push-Up Set Purple Lollipop"
"PRODUCT"	"8995429155013"	"meta_description"	"ka"	""	""	"Push-Up კომპლექტი შორტით, იდეალურად კრავს ტანს და კვეთს ფორმებს, არ ტოვებს ოფლის ლაქებს, ზედას აქვს გუფკა.მასალა: Polyester / Spandex"	"Push-Up Set with Shorts, perfectly hugs the body and accentuates shapes, leaves no sweat stains, the top has sponges. Material: Polyester / Spandex"
"PRODUCT"	"8995429187781"	"title"	"ka"	""	""	"Push-Up ორეული Sunny Lollipop"	"Push-Up ორეული Sunny Lollipop"
"PRODUCT"	"8995429187781"	"body_html"	"ka"	""	""	"Push-Up კომპლექტი შორტით, იდეალურად კრავს ტანს და კვეთს ფორმებს, არ ტოვებს ოფლის ლაქებს, ზედას აქვს გუფკა.

მასალა: Polyester / Spandex"	"Push-Up ნაკრები შორტით, იდეალურად ეკვრის ტანს და აყალიბებს ფორმებს, არ ტოვებს ოფლის ლაქებს, ზედას აქვს ღრუბელი.

მასალა: პოლიესტერი / სპანდექსი"
"PRODUCT"	"8995429187781"	"meta_title"	"ka"	""	""	"Push-Up ორეული Sunny Lollipop"	"Push-Up ორეული Sunny Lollipop"
"PRODUCT"	"8995429187781"	"meta_description"	"ka"	""	""	"Push-Up კომპლექტი შორტით, იდეალურად კრავს ტანს და კვეთს ფორმებს, არ ტოვებს ოფლის ლაქებს, ზედას აქვს გუფკა.მასალა: Polyester / Spandex"	"Push-Up ნაკრები შორტით, იდეალურად ეკვრის ტანს და აყალიბებს ფორმებს, არ ტოვებს ოფლის ლაქებს, ზედას აქვს ღრუბელი. მასალა: პოლიესტერი / სპანდექსი"
"PRODUCT"	"8995429220549"	"title"	"ka"	""	""	"Push-Up ორეული Pink Lollipop"	"ბიუსჰალტერი პუშ-აპი Pink Lollipop"
"PRODUCT"	"8995429220549"	"body_html"	"ka"	""	""	"Push-Up კომპლექტი შორტით, იდეალურად კრავს ტანს და კვეთს ფორმებს, არ ტოვებს ოფლის ლაქებს, ზედას აქვს გუფკა.

მასალა: Polyester / Spandex"	"Push-Up კომპლექტი შორტით, იდეალურად კრავს ტანს და კვეთს ფორმებს, არ ტოვებს ოფლის ლაქებს, ზედას აქვს გუფკა.

მასალა: Polyester / Spandex"
"PRODUCT"	"8995429220549"	"meta_title"	"ka"	""	""	"Push-Up ორეული Pink Lollipop"	"Push-Up Duo Pink Lollipop"
"PRODUCT"	"8995429220549"	"meta_description"	"ka"	""	""	"Push-Up კომპლექტი შორტით, იდეალურად კრავს ტანს და კვეთს ფორმებს, არ ტოვებს ოფლის ლაქებს, ზედას აქვს გუფკა.მასალა: Polyester / Spandex"	"Push-Up კომპლექტი შორტით, იდეალურად კრავს ტანს და კვეთს ფორმებს, არ ტოვებს ოფლის ლაქებს, ზედას აქვს გუფკა.მასალა: Polyester / Spandex"
"PRODUCT"	"8995429580997"	"title"	"ka"	""	""	"Push-Up ორეული შორტით Barbie Orange"	"Push-Up ორი ცალი შორტით Barbie Orange"
"PRODUCT"	"8995429580997"	"body_html"	"ka"	""	""	"Push-Up კომპლექტი შორტით, იდეალურად კრავს ტანს და კვეთს ფორმებს, არ ტოვებს ოფლის ლაქებს, ზედას აქვს გუფკა.მასალა: Polyester / Spandex"	"Push-Up set with shorts, perfectly tightens the body and accentuates forms, leaves no sweat stains, top has sponges. Material: Polyester / Spandex"
"PRODUCT"	"8995429580997"	"meta_title"	"ka"	""	""	"Push-Up ორეული შორტით Barbie Orange"	"Push-Up Set with Shorts Barbie Orange"
"PRODUCT"	"8995429580997"	"meta_description"	"ka"	""	""	"Push-Up კომპლექტი შორტით, იდეალურად კრავს ტანს და კვეთს ფორმებს, არ ტოვებს ოფლის ლაქებს, ზედას აქვს გუფკა.მასალა: Polyester / Spandex"	"Push-Up ნაკრები შორტით, იდეალურად ეკვრის ტანს და ხაზს უსვამს ფორმებს, არ ტოვებს ოფლის ლაქებს, ზედას აქვს ღრუბელი. მასალა: პოლიესტერი / სპანდექსი."
"PRODUCT"	"8995429679301"	"title"	"ka"	""	""	"Push-up ორეული Purple Desire"	"აიწიე ზევით ორეული, იასამნისფერი სურვილი"
"PRODUCT"	"8995429679301"	"body_html"	"ka"	""	""	"Push-up ორეული შორტით, ზედას არ აქვს ღრუბელი*

მატერია: 90% nylon/10% spandex"	"Push-up ორეული შორტით, ზედას არ აქვს ღრუბელი*

მატერია: 90% nylon/10% spandex"
"PRODUCT"	"8995429679301"	"meta_title"	"ka"	""	""	"Push-up ორეული Purple Desire"	"ბიუსჰალტერი პუშ-აპი და ტრუსი „Purple Desire“"
"PRODUCT"	"8995429679301"	"meta_description"	"ka"	""	""	"უნაკერო კომპლექტი შორტით, იდეალურად კრავს ტანს და ვიზუალურად ახდუნებს.მატერია: Spandex / Polyester"	"Seamless set with shorts, perfectly sculpts the body and visually slims. Material: Spandex / Polyester"
"PRODUCT"	"8995429712069"	"title"	"ka"	""	""	"Push-up set Pistachio Desire"	"ბიუსტჰალტერი და ტრუსი Pistachio Desire"
"PRODUCT"	"8995429712069"	"body_html"	"ka"	""	""	"Push-up ორეული შორტით, ზედას არ აქვს ღრუბელი*

მატერია: 90% nylon/10% spandex"	"Push-up ორეული შორტით, ზედას არ აქვს ღრუბელი*

მატერია: 90% nylon/10% spandex"
"PRODUCT"	"8995429712069"	"meta_title"	"ka"	""	""	"Push-up set Pistachio Desire"	"ბიუსჰალტერი, ტრუსი – „ფისტას სურვილი“"
"PRODUCT"	"8995429712069"	"meta_description"	"ka"	""	""	"უნაკერო კომპლექტი შორტით, იდეალურად კრავს ტანს და ვიზუალურად ახდუნებს.მატერია: Spandex / Polyester"	"Seamless set with shorts, perfectly sculpts the body and visually slims.
Material: Spandex / Polyester"
"PRODUCT"	"8995429744837"	"title"	"ka"	""	""	"Push-up ორეული Short Mint Desire"	"Push-up ორეული Short Mint Desire"
"PRODUCT"	"8995429744837"	"body_html"	"ka"	""	""	"Push-up კომპლექტი შორტით, იდეალურად კრავს ტანს

მატერია: Spandex / Polyester"	"Push-up კომპლექტი შორტით, იდეალურად კრავს ტანს

მატერია: Spandex / Polyester"
"PRODUCT"	"8995429744837"	"meta_title"	"ka"	""	""	"Push-up ორეული Short Mint Desire"	"Push-up ორეული Short Mint Desire"
"PRODUCT"	"8995429744837"	"meta_description"	"ka"	""	""	"უნაკერო კომპლექტი შორტით, იდეალურად კრავს ტანს და ვიზუალურად ახდუნებს.მატერია: Spandex / Polyester"	"Seamless set with shorts, perfectly sculpts the body and visually slims.
Material: Spandex / Polyester"
"PRODUCT"	"8995429843141"	"title"	"ka"	""	""	"Push-up ორეული Short Peach Desire"	"Push-up ორეული Short Peach Desire"
"PRODUCT"	"8995429843141"	"body_html"	"ka"	""	""	"Push-up ორეული შორტით, ზედას არ აქვს ღრუბელი*

მატერია: 90% nylon/10% spandex"	"Push-up ორეული შორტით, ზედას არ აქვს ღრუბელი*

მატერია: 90% nylon/10% spandex"
"PRODUCT"	"8995429843141"	"meta_title"	"ka"	""	""	"Push-up ორეული Short Peach Desire"	"Push-up ორეული Short Peach Desire"
"PRODUCT"	"8995429843141"	"meta_description"	"ka"	""	""	"უნაკერო კომპლექტი შორტით, იდეალურად კრავს ტანს და ვიზუალურად ახდუნებს.მატერია: Spandex / Polyester"	"Seamless set with shorts, perfectly sculpts the body and visually slims.
Material: Spandex / Polyester"
"PRODUCT"	"8995429875909"	"title"	"ka"	""	""	"Push-up შორტი Short White Desire"	"აჭიმვადი შორტი Short White Desire"
"PRODUCT"	"8995429875909"	"body_html"	"ka"	""	""	"Push-up შორტი, იდეალურად კრავს ტანს
მატერია: Spandex / Polyester"	"ბიუსტჰალტერი, რომელიც ტანს კრავს იდეალურად
მასალა: სპანდექსი / პოლიესტერი"
"PRODUCT"	"8995429875909"	"meta_title"	"ka"	""	""	"Push-up შორტი Short White Desire"	"აჭიმვადი შორტი Short White Desire"
"PRODUCT"	"8995429875909"	"meta_description"	"ka"	""	""	"Push-up კომპლექტი შორტით, იდეალურად კრავს ტანს და ვიზუალურად ახდუნებს.მატერია: Spandex / Polyester"	"ბიუსჰალტერი შორტით, იდეალურად კრავს ტანს და ვიზუალურად ათხელებს. მატერია: სპანდექსი/პოლიესტერი"
"PRODUCT"	"8995430891717"	"title"	"ka"	""	""	"Set Boom Light Pink"	"ბუმი ღია ვარდისფერი"
"PRODUCT"	"8995430891717"	"body_html"	"ka"	""	""	"კომპლექტი შორტით, იდეალურად კრავს ტანს და კვეთს ფორმებს, არ ტოვებს ოფლის ლაქებს, ზედას აქვს გუფკა.

მასალა: Polyester / Spandex"	"კომპლექტი შორტით, იდეალურად კრავს ტანს და აყალიბებს ფორმებს, არ ტოვებს ოფლის ლაქებს, ზედას აქვს ღრუბელი.

მასალა: პოლიესტერი / სპანდექსი"
"PRODUCT"	"8995430891717"	"meta_title"	"ka"	""	""	"Set Boom Light Pink"	"ბუმი ღია ვარდისფერი"
"PRODUCT"	"8995430891717"	"meta_description"	"ka"	""	""	"კომპლექტი შორტით, იდეალურად კრავს ტანს და კვეთს ფორმებს, არ ტოვებს ოფლის ლაქებს, ზედას აქვს გუფკა.მასალა: Polyester / Spandex"	"Set with shorts, perfectly hugs the body and accentuates shapes, leaves no sweat stains, top has sponge. Material: Polyester / Spandex"
"PRODUCT"	"8995431219397"	"title"	"ka"	""	""	"Push-up Shorts Purple Dream"	"აჭიმვადი შორტი „იისფერი ოცნება“"
"PRODUCT"	"8995431219397"	"body_html"	"ka"	""	""	"იასამნისფერი მაღალწელიანი Push-up შორტი, იდეალურად კრავს ტანს და გამოკვეთს უკანალს.

მასალა: Spandex / Polyester"	"Purple high-waisted Push-up shorts, perfectly shapes the body and emphasizes the buttocks.

Material: Spandex / Polyester"
"PRODUCT"	"8995431219397"	"meta_title"	"ka"	""	""	"Push-up Shorts Purple Dream"	"აჭიმვადი შორტი „იისფერი ოცნება“"
"PRODUCT"	"8995431219397"	"meta_description"	"ka"	""	""	"იასამნისფერი მაღალწელიანი Push-up ელასტიკი, იდეალურად კრავს ტანს და გამოკვეთს უკანალს."	"Purple high-waisted Push-up leggings, perfectly sculpts the body and accentuates the butt."
"PRODUCT"	"8995431350469"	"title"	"ka"	""	""	"Shorts White Glam"	"შორტები თეთრი გლამური"
"PRODUCT"	"8995431350469"	"body_html"	"ka"	""	""	"სავარჯიშო მაღალწელიანი შორტი, იდეალურად კრავს ტანს და გამოკვეთს უკანალს.

მასალა: Spandex / Polyester"	"High-waisted training shorts that perfectly hug the body and accentuate the glutes.

Material: Spandex / Polyester"
"PRODUCT"	"8995431350469"	"meta_title"	"ka"	""	""	"Shorts White Glam"	"შორტები თეთრი გლამური"
"PRODUCT"	"8995431350469"	"meta_description"	"ka"	""	""	"სავარჯიშო მაღალწელიანი Push-up შორტი, იდეალურად კრავს ტანს და გამოკვეთს უკანალს.მასალა: Spandex / Polyester"	"High-waist Push-up shorts for workout, perfectly snugs the body and accentuates the butt. Material: Spandex / Polyester"
"PRODUCT"	"8995431383237"	"title"	"ka"	""	""	"Shorts Lemon Glam"	"შორტები ლიმნის გლამი"
"PRODUCT"	"8995431383237"	"body_html"	"ka"	""	""	"სავარჯიშო მაღალწელიანი შორტი, იდეალურად კრავს ტანს და გამოკვეთს უკანალს.

მასალა: Spandex / Polyester"	"High-waisted workout shorts that perfectly hug the body and accentuate the glutes.

Material: Spandex / Polyester"
"PRODUCT"	"8995431383237"	"meta_title"	"ka"	""	""	"Shorts Lemon Glam"	"შორტები „ლიმონის გლემი“"
"PRODUCT"	"8995431383237"	"meta_description"	"ka"	""	""	"სავარჯიშო მაღალწელიანი Push-up შორტი, იდეალურად კრავს ტანს და გამოკვეთს უკანალს.მასალა: Spandex / Polyester"	"High-waist Push-up shorts for workout, perfectly snugs the body and accentuates the butt. Material: Spandex / Polyester"
"PRODUCT"	"8995431907525"	"title"	"ka"	""	""	"Push-up Leggings Bomby Deep Purple"	"Push-up Leggings Bomby მუქი იისფერი"
"PRODUCT"	"8995431907525"	"body_html"	"ka"	""	""	"Seamless Push-up leggings
• Full-length leggings
• Invisible scrunch bum
•Booty contouring and enhancing

<strong>Material and Care:</strong>
• 90% Nylon, 10% Spandex
• Incredibly soft and seamless, you’ll never want to take it off
• Handle with care when wearing and washing this delicate style"	"უაკერო გამწევი ლეგინსები
• სრული სიგრძის გამაშები
• უხილავი დაჭიმული დუნდულები
• დუნდულების კონტურირება და გაუმჯობესება

<strong>მასალა და მოვლა:</strong>
• 90% ნეილონი, 10% სპანდექსი
• საოცრად რბილი და უნაკერო, არასოდეს მოგინდებათ მისი გახდა
• მოეპყარით სიფრთხილით ამ დელიკატური სტილის ტარებისას და რეცხვისას"
"PRODUCT"	"8995431907525"	"meta_title"	"ka"	""	""	"Push-up Leggings Bomby Deep Purple"	"მკერდის ამწევი ლეგინსები Bomby მუქი იასამნისფერი"
"PRODUCT"	"8995431907525"	"meta_description"	"ka"	""	""	"სავარჯიშო მაღალწელიანი Push-up ელასტიკი, იდეალურად კრავს ტანს და გამოკვეთს უკანალს.მასალა: Spandex / Polyester"	"High-waist Push-up elastic leggings, ideal for a tight fit and buttock-lifting effect. Material: Spandex / Polyester"
"PRODUCT"	"8995432136901"	"title"	"ka"	""	""	"Push-up Shorts Bomby Rose"	"ამწევი შორტები „ბომბი როუზი“"
"PRODUCT"	"8995432136901"	"body_html"	"ka"	""	""	"სავარჯიშო მაღალწელიანი Push-up შორტი, იდეალურად კრავს ტანს და გამოკვეთს უკანალს
მასალა: Spandex / Polyester"	"High-waisted Push-up workout shorts, perfectly shapes the body and enhances the buttocks
Material: Spandex / Polyester"
"PRODUCT"	"8995432136901"	"meta_title"	"ka"	""	""	"Push-up Shorts Bomby Rose"	"აწევის ეფექტის მქონე შორტი „ბომბი როუზი“"
"PRODUCT"	"8995432136901"	"meta_description"	"ka"	""	""	"სავარჯიშო მაღალწელიანი Push-up შორტი, იდეალურად კრავს ტანს და გამოკვეთს უკანალს.მასალა: Spandex / Polyester"	"High-waist Push-up shorts for workout, perfectly snugs the body and accentuates the butt. Material: Spandex / Polyester"
"PRODUCT"	"8995432202437"	"title"	"ka"	""	""	"Push-up Bike Shorts Bomby Aqua"	"აჭიმვადი ველოსიპედის შორტები „ბომბი აკვა“"
"PRODUCT"	"8995432202437"	"body_html"	"ka"	""	""	"Seamless Push-up Shorts
• Bike Shorts
• Invisible scrunch bum
•Booty contouring and enhancing

<strong>Material and Care:</strong>
• 90% Nylon, 10% Spandex
• Incredibly soft and seamless, you’ll never want to take it off
• Handle with care when wearing and washing this delicate style"	"<span>• უნაკლო პუშ-აპ შორტები
• ველო შორტები
• უხილავი „სქრანჩ ბამი“ (scrunch bum)
• დუნდულების კონტურის გაუმჯობესება და გამოკვეთა
<br>
<br><strong>მასალა და მოვლა:</strong>
• 90% ნეილონი, 10% სპანდექსი
• წარმოუდგენლად რბილი და უნაკლო, არ მოგინდებათ მისი გახდა
• ფრთხილად მოეპყარით ამ ნაზ სტილს ტარებისა და რეცხვის დროს</span>"
"PRODUCT"	"8995432202437"	"meta_title"	"ka"	""	""	"Push-up Bike Shorts Bomby Aqua"	"ველოსიპედის შორტები „ფუშ-აპი“, ბომბი აკვა"
"PRODUCT"	"8995432202437"	"meta_description"	"ka"	""	""	"სავარჯიშო მაღალწელიანი Push-up შორტი, იდეალურად კრავს ტანს და გამოკვეთს უკანალს.მასალა: Spandex / Polyester"	"High-waist Push-up shorts for workout, perfectly snugs the body and accentuates the butt. Material: Spandex / Polyester"
"PRODUCT"	"8995432235205"	"title"	"ka"	""	""	"Push-up Leggings Bomby Red"	"აჭიმვადი ლეგინსები, ბომბი წითელი"
"PRODUCT"	"8995432235205"	"body_html"	"ka"	""	""	"Seamless Push-up leggings
• Full-length leggings
• Invisible scrunch bum
•Booty contouring and enhancing

<strong>Material and Care:</strong>
• 90% Nylon, 10% Spandex
• Incredibly soft and seamless, you’ll never want to take it off
• Handle with care when wearing and washing this delicate style"	"უაკერო გამწევი ლეგინსები
• სრული სიგრძის გამაშები
• უხილავი დაჭიმული დუნდულები
• დუნდულების კონტურირება და გაუმჯობესება

<strong>მასალა და მოვლა:</strong>
• 90% ნეილონი, 10% სპანდექსი
• საოცრად რბილი და უნაკერო, არასოდეს მოგინდებათ მისი გახდა
• მოეპყარით სიფრთხილით ამ დელიკატური სტილის ტარებისას და რეცხვისას"
"PRODUCT"	"8995432235205"	"meta_title"	"ka"	""	""	"Push-up Leggings Bomby Red"	"აჭიმვადი, წითელი ლეგინსები „ბომბი“"
"PRODUCT"	"8995432235205"	"meta_description"	"ka"	""	""	"სავარჯიშო მაღალწელიანი Push-up ელასტიკი, იდეალურად კრავს ტანს და გამოკვეთს უკანალს.მასალა: Spandex / Polyester"	"High-waist Push-up elastic leggings, ideal for a tight fit and buttock-lifting effect. Material: Spandex / Polyester"
"PRODUCT"	"8995432956101"	"title"	"ka"	""	""	"Push-up კომპლექტი Black Desire Long"	"აიწევის ნაკრები Black Desire Long"
"PRODUCT"	"8995432956101"	"body_html"	"ka"	""	""	"Push-up კომპლექტი გრძელმკლავიანი ტოპით, იდეალურად კრავს ტანს და ვიზუალურად ახდუნებს.

ზედას არ აქვს გუფკა*

მატერია: Spandex / Polyester"	"Push-up კომპლექტი გრძელმკლავიანი ტოპით, იდეალურად კრავს ტანს და ვიზუალურად ახდუნებს.

ზედას არ აქვს ღრუბელი*

მატერია: Spandex / Polyester"
"PRODUCT"	"8995432956101"	"meta_title"	"ka"	""	""	"Push-up კომპლექტი Black Desire Long"	"ბიუსჰალტერი შავი Desire Long"
"PRODUCT"	"8995432956101"	"meta_description"	"ka"	""	""	"Push-up კომპლექტი გრძელმკლავიანი ტოპით, იდეალურად კრავს ტანს და ვიზუალურად ახდუნებს.ზედას არ აქვს გუფკა*მატერია: Spandex / Polyester"	"Push-up set with long-sleeved top, perfectly shapes the body and visually slims it down. Top does not have padding. *Material: Spandex / Polyester"
"PRODUCT"	"8995433054405"	"title"	"ka"	""	""	"Long Sleeve Crop Top Purple Desire"	"გრძელმკლავიანი მოკლე ზედა იასამნისფერი სურვილი"
"PRODUCT"	"8995433054405"	"body_html"	"ka"	""	""	"სავარჯიშო ტოპი, არ ტოვებს ოფლის ლაქებს, იდეალურად კრავს ტანს.

არ აქვს გუფკა*

მატერია: Spandex / Polyester"	"Workout top, does not leave sweat stains, perfectly fits the body.

Does not have padding*

Material: Spandex / Polyester"
"PRODUCT"	"8995433054405"	"meta_title"	"ka"	""	""	"Long Sleeve Crop Top Purple Desire"	"გრძელმკლავიანი მოკლე ტოპი „იასამნისფერი სურვილი“"
"PRODUCT"	"8995433054405"	"meta_description"	"ka"	""	""	"Push-up კომპლექტი გრძელმკლავიანი ტოპით, იდეალურად კრავს ტანს და ვიზუალურად ახდუნებს.ზედას არ აქვს გუფკა*მატერია: Spandex / Polyester"	"Push-up set with long-sleeved top, perfectly shapes the body and visually slims it down. Top does not have padding. *Material: Spandex / Polyester"
"PRODUCT"	"8995433087173"	"title"	"ka"	""	""	"Long Sleeve Crop Top Green Desire"	"გრძელმკლავიანი მოკლე ტოპი „მწვანე სურვილი“"
"PRODUCT"	"8995433087173"	"body_html"	"ka"	""	""	"სავარჯიშო ტოპი, არ ტოვებს ოფლის ლაქებს, იდეალურად კრავს ტანს.

არ აქვს გუფკა*

მატერია: Spandex / Polyester"	"Workout top, does not leave sweat stains, perfectly fits the body.

Does not have padding*

Material: Spandex / Polyester"
"PRODUCT"	"8995433087173"	"meta_title"	"ka"	""	""	"Long Sleeve Crop Top Green Desire"	"გრძელმკლავიანი მოკლე ტოპი „მწვანე სურვილი“"
"PRODUCT"	"8995433087173"	"meta_description"	"ka"	""	""	"სავარჯიშო ტოპი, არ ტოვებს ოფლის ლაქებს, იდეალურად კრავს ტანს.არ აქვს გუფკა*მატერია: Spandex / Polyester"	"Workout top, no sweat marks, ideal for body sculpting. No sponge. Material: Spandex / Polyester"
"PRODUCT"	"8995433808069"	"title"	"ka"	""	""	"სავარჯიშო ტოპი Green Desire"	"Green Desire exercise top"
"PRODUCT"	"8995433808069"	"body_html"	"ka"	""	""	"<p>სავარჯიშო ტოპი, არ ტოვებს ოფლის ლაქებს, იდეალურად კრავს ტანს.</p><p>აქვს გუფკა*</p><p>მატერია: Spandex / Polyester</p>"	"<p>სავარჯიშო ტოპი, არ ტოვებს ოფლის ლაქებს, იდეალურად კრავს ტანს.</p><p>აქვს გუფკა*</p><p>მატერია: სპანდექსი / პოლიესტერი</p>"
"PRODUCT"	"8995433808069"	"meta_title"	"ka"	""	""	"სავარჯიშო ტოპი Green Desire"	"Workout top Green Desire"
"PRODUCT"	"8995433808069"	"meta_description"	"ka"	""	""	"სავარჯიშო ტოპი, არ ტოვებს ოფლის ლაქებს, იდეალურად კრავს ტანს.არ აქვს გუფკა*მატერია: Spandex / Polyester"	"Exercise top, does not leave sweat marks, perfectly hugs the body. No sponge padding.*Material: Spandex / Polyester"
"PRODUCT"	"8995434594501"	"title"	"ka"	""	""	"Leggings Black Classic"	"ლეგინსები, შავი, კლასიკური"
"PRODUCT"	"8995434594501"	"body_html"	"ka"	""	""	"შავი სავარჯიშო მაღალწელიანი ელასტიკი, იდეალურად კრავს ტანს და გამოკვეთს უკანალს.

მასალა: Spandex / Polyester"	"Black high-waisted workout leggings, perfectly sculpts the body and accentuates the butt.

Material: Spandex / Polyester"
"PRODUCT"	"8995434594501"	"meta_title"	"ka"	""	""	"Leggings Black Classic"	"ელასტიკი შავი კლასიკური"
"PRODUCT"	"8995434594501"	"meta_description"	"ka"	""	""	"შავი სავარჯიშო მაღალწელიანი ელასტიკი, იდეალურად კრავს ტანს და გამოკვეთს უკანალს.მასალა: Spandex / Polyester"	"High-waisted black workout leggings, perfectly flatters the figure and accentuates the glutes.
Material: Spandex / Polyester"
"PRODUCT"	"8995434987717"	"title"	"ka"	""	""	"Push-up ორეული Dark Euphoria"	"Push-up ორეული Dark Euphoria"
"PRODUCT"	"8995434987717"	"body_html"	"ka"	""	""	"უნაკერო, გრძელმკლავიანი ელასტიური კომპლექტი ელვა შესაკრავით, იდეალურად კრავს ტანს და ვიზუალურად ახდუნებს.

მატერია: Spandex / Polyester"	"Seamless, long-sleeved elastic set with a zipper, perfectly hugs the body and visually slims it down.

Material: Spandex / Polyester"
"PRODUCT"	"8995434987717"	"meta_title"	"ka"	""	""	"Push-up ორეული Dark Euphoria"	"Push-up ორეული Dark Euphoria"
"PRODUCT"	"8995434987717"	"meta_description"	"ka"	""	""	"გრძელმკლავიანი, Push-up კომპლექტი, იდეალურად კრავს ტანს და კვეთს ფორმებს,არ ტოვებს ოფლის ლაქებს და ვიზუალურად ახდუნებს.მასალა: Nylon / Spandex"	"Long-sleeved, Push-up set, perfectly hugs the body and sculpts the figure, leaves no sweat marks and visually slims. Material: Nylon / Spandex"
"PRODUCT"	"8995435512005"	"title"	"ka"	""	""	"Push-up ორეული შორტით Purple Panther"	"Push-up ორეული შორტით Purple Panther"
"PRODUCT"	"8995435512005"	"body_html"	"ka"	""	""	"იისფერი სავარჯიშო Push-up ორეული შორტით, იდეალურად კრავს ტანს და გამოკვეთს უკანალს.
წელვადი, არ ლანდავს.

*შორტი არის 1 ზომით პატარა ( S ზომა ერგება Xs-s, M ზომა ერგება S და M ზომას)

მასალა: Spandex / Polyester"	"Purple Push-up workout shorts set, perfectly hugs the body and accentuates the butt.
Stretchy, not sheer.

*Shorts are 1 size smaller (size S fits Xs-s, size M fits S and M)

Material: Spandex / Polyester"
"PRODUCT"	"8995435512005"	"meta_title"	"ka"	""	""	"Push-up ორეული შორტით Purple Panther"	"Push-up ორეული შორტით Purple Panther"
"PRODUCT"	"8995435512005"	"meta_description"	"ka"	""	""	"შავი სავარჯიშო მაღალწელიანი Push-up ორეული, იდეალურად კრავს ტანს და გამოკვეთს უკანალს.წელვადი, არ ლანდავს.მასალა:: Spandex / Polyester"	"Black high-waisted Push-up workout set, perfectly snugs the body and emphasizes the glutes. Stretchy, not see-through. Material: Spandex / Polyester"
"PRODUCT"	"8995435806917"	"title"	"ka"	""	""	"Long Sleeve Blue Sky Vortex"	"გრძელმკლავიანი ლურჯი ცის მორევა"
"PRODUCT"	"8995435806917"	"body_html"	"ka"	""	""	"<p style=""padding-left: 40px;"">გრძელმკლავიანი ზედა, იდეალურად კრავს ტანს და გამოკვეთს უკანალს.</p>
 

მასალა: Spandex / Polyester"	"<p style=""padding-left: 40px;"">Long-sleeved top, perfectly hugs the body and highlights the butt.</p>
 

Material: Spandex / Polyester"
"PRODUCT"	"8995435806917"	"meta_title"	"ka"	""	""	"Long Sleeve Blue Sky Vortex"	"გრძელმკლავიანი ლურჯი ცის მორევი"
"PRODUCT"	"8995435806917"	"meta_description"	"ka"	""	""	"სავარჯიშო გრძელმკლავიანი ზედა, იდეალურად კრავს ტანს .მასალა:: Spandex / Polyester"	"Workout long-sleeve top, ideally fitted. Material: Spandex / Polyester"
"PRODUCT"	"8995435872453"	"title"	"ka"	""	""	"Sports Bra Black Spirit"	"სპორტული ბიუსტჰალტერი შავი სპირტი"
"PRODUCT"	"8995435872453"	"body_html"	"ka"	""	""	"შავი ელასტიური სავარჯიშო ტოპი, აქვს გუფკა.
მასალა: Spandex / Polyester"	"Black elastic workout top with sponge pads.
Material: Spandex / Polyester"
"PRODUCT"	"8995435872453"	"meta_title"	"ka"	""	""	"Sports Bra Black Spirit"	"სპორტული ბიუსტჰალტერი შავი სპირტი"
"PRODUCT"	"8995435872453"	"meta_description"	"ka"	""	""	"ელასტიური სავარჯიშო ტოპი, აქვს გუფკა.მასალა: Spandex / Polyester"	"Elastic workout top, has sponge. Fabric: Spandex / Polyester"
"PRODUCT"	"8995436658885"	"title"	"ka"	""	""	"Push-up ლეგინსი Baby Blue Bomb"	"Push-up ლეგინსი Baby Blue Bomb"
"PRODUCT"	"8995436658885"	"body_html"	"ka"	""	""	"Seamless Push-up leggings
• Full-length leggings
• Invisible scrunch bum
•Booty contouring and enhancing

<strong>Material and Care:</strong>
• 90% Nylon, 10% Spandex
• Incredibly soft and seamless, you’ll never want to take it off
• Handle with care when wearing and washing this delicate style"	"უაკერო გამწევი ლეგინსები
• სრული სიგრძის გამაშები
• უხილავი დაჭიმული დუნდულები
• დუნდულების კონტურირება და გაუმჯობესება

<strong>მასალა და მოვლა:</strong>
• 90% ნეილონი, 10% სპანდექსი
• საოცრად რბილი და უნაკერო, არასოდეს მოგინდებათ მისი გახდა
• მოეპყარით სიფრთხილით ამ დელიკატური სტილის ტარებისას და რეცხვისას"
"PRODUCT"	"8995436658885"	"meta_title"	"ka"	""	""	"Push-up ლეგინსი Baby Blue Bomb"	"Push-up ლეგინსი Baby Blue Bomb"
"PRODUCT"	"8995436658885"	"meta_description"	"ka"	""	""	"სავარჯიშო მაღალწელიანი Push-up ელასტიკი, იდეალურად კრავს ტანს და გამოკვეთს უკანალს.მასალა: Spandex / Polyester"	"High-waist Push-up elastic leggings, ideal for a tight fit and buttock-lifting effect. Material: Spandex / Polyester"
"PRODUCT"	"8995436953797"	"title"	"ka"	""	""	"Push-up Shorts Black Gun"	"ამწევი შორტი შავი გან"
"PRODUCT"	"8995436953797"	"body_html"	"ka"	""	""	"შავი მაღალწელიანი მოკლე შორტი, იდეალურად კრავს ტანს და გამოკვეთს უკანალს.

მასალა: Spandex / Polyester"	"შავი, მაღალწელიანი მოკლე შორტი, რომელიც იდეალურად კრავს ტანს და გამოკვეთს უკანალს.

მასალა: სპანდექსი / პოლიესტერი"
"PRODUCT"	"8995436953797"	"meta_title"	"ka"	""	""	"Push-up Shorts Black Gun"	"აჭიმვის ეფექტის მქონე შორტები, შავი, Gun"
"PRODUCT"	"8995436953797"	"meta_description"	"ka"	""	""	"შავი სავარჯიშო მაღალწელიანი ელასტიკი, იდეალურად კრავს ტანს და გამოკვეთს უკანალს.მასალა: Spandex / Polyester"	"High-waisted black workout leggings, perfectly flatters the figure and accentuates the glutes.
Material: Spandex / Polyester"
"PRODUCT"	"8995436986565"	"title"	"ka"	""	""	"Push-up ელასტიკი Bomby Khaki"	"აჭიმვადი ელასტიკი Bomby Khaki"
"PRODUCT"	"8995436986565"	"body_html"	"ka"	""	""	"სავარჯიშო მაღალწელიანი Push-up ელასტიკი, იდეალურად კრავს ტანს და გამოკვეთს უკანალს.

მასალა: Spandex / Polyester

*პროდუქტს აქცს ფიტრუმის ლოგო"	"High-waist Push-up elastic leggings, perfectly hugs the body and accentuates the buttocks.

Material: Spandex / Polyester

*Product has the Fitroom logo"
"PRODUCT"	"8995436986565"	"meta_title"	"ka"	""	""	"Push-up ელასტიკი Bomby Khaki"	"Push-up ელასტიკი Bomby Khaki"
"PRODUCT"	"8995436986565"	"meta_description"	"ka"	""	""	"სავარჯიშო მაღალწელიანი Push-up ელასტიკი, იდეალურად კრავს ტანს და გამოკვეთს უკანალს.მასალა: Spandex / Polyester"	"High-waist Push-up elastic leggings, ideal for a tight fit and buttock-lifting effect. Material: Spandex / Polyester"
"PRODUCT"	"8995437019333"	"title"	"ka"	""	""	"Push-up Leggings Bomby Brown"	"აჟიმეტრიანი ლეგინსები, ბომბისფერი ყავისფერი"
"PRODUCT"	"8995437019333"	"body_html"	"ka"	""	""	"Seamless Push-up leggings
• Full-length leggings
• Invisible scrunch bum
•Booty contouring and enhancing

<strong>Material and Care:</strong>
• 90% Nylon, 10% Spandex
• Incredibly soft and seamless, you’ll never want to take it off
• Handle with care when wearing and washing this delicate style"	"უაკერო გამწევი ლეგინსები
• სრული სიგრძის გამაშები
• უხილავი დაჭიმული დუნდულები
• დუნდულების კონტურირება და გაუმჯობესება

<strong>მასალა და მოვლა:</strong>
• 90% ნეილონი, 10% სპანდექსი
• საოცრად რბილი და უნაკერო, არასოდეს მოგინდებათ მისი გახდა
• მოეპყარით სიფრთხილით ამ დელიკატური სტილის ტარებისას და რეცხვისას"
"PRODUCT"	"8995437019333"	"meta_title"	"ka"	""	""	"Push-up Leggings Bomby Brown"	"აწევის ეფექტის მქონე ლეგინსები – ბომბი ბრაუნი"
"PRODUCT"	"8995437019333"	"meta_description"	"ka"	""	""	"სავარჯიშო მაღალწელიანი Push-up ელასტიკი, იდეალურად კრავს ტანს და გამოკვეთს უკანალს.მასალა: Spandex / Polyester"	"High-waist Push-up elastic leggings, ideal for a tight fit and buttock-lifting effect. Material: Spandex / Polyester"
"PRODUCT"	"8995437084869"	"title"	"ka"	""	""	"ტოპი White Balance"	"Top White Balance"
"PRODUCT"	"8995437084869"	"body_html"	"ka"	""	""	"თეთრი ელასტიური სავარჯიშო ტოპი, არ აქვს გუფკა.
მასალა: Spandex / Polyester"	"White elastic workout top, no sponge inserts.
Material: Spandex / Polyester"
"PRODUCT"	"8995437084869"	"meta_title"	"ka"	""	""	"ტოპი White Balance"	"White Balance-ის გაუქმება"
"PRODUCT"	"8995437084869"	"meta_description"	"ka"	""	""	"თეთრი ელასტიური სავარჯიშო ტოპი, არ აქვს გუფკა.მასალა: Spandex / Polyester"	"White elastic workout top, no sponge. Material: Spandex / Polyester"
"PRODUCT"	"8995437314245"	"title"	"ka"	""	""	"Push-up Set Aquamarine Butterfly"	"Push-up Set აკვამარინის პეპელა"
"PRODUCT"	"8995437314245"	"body_html"	"ka"	""	""	"ელასტიური კომპლექტი, იდეალურად კრავს ტანს და კვეთს ფორმებს,

არ ტოვებს ოფლის ლაქებს

მასალა: Nylon / Spandex"	"ელასტიური კომპლექტი, იდეალურად ეკვრის სხეულს და აყალიბებს ფორმებს,

არ ტოვებს ოფლის ლაქებს

მასალა: ნეილონი / სპანდექსი"
"PRODUCT"	"8995437314245"	"meta_title"	"ka"	""	""	"Push-up Set Aquamarine Butterfly"	"ბიუსტჰალტერი და ტრუსი Aquamarine Butterfly"
"PRODUCT"	"8995437314245"	"meta_description"	"ka"	""	""	"ელასტიური კომპლექტი შორტით, იდეალურად კრავს ტანს და კვეთს ფორმებს,არ ტოვებს ოფლის ლაქებსმასალა: Nylon / Spandex"	"Elastic shorts set, perfectly hugs the body and sculpts forms, leaves no sweat stainsMaterial: Nylon / Spandex"
"PRODUCT"	"8995437412549"	"title"	"ka"	""	""	"Set Pink Butterfly"	"ვარდისფერი პეპელა ნაკრები"
"PRODUCT"	"8995437412549"	"body_html"	"ka"	""	""	"სავარჯიშო კომპლექტი შორტით, იდეალურად კრავს ტანს და კვეთს ფორმებს, ზედას აქვს გუფკა

არ ტოვებს ოფლის ლაქებს

მასალა: Nylon / Spandex"	"სავარჯიშო კომპლექტი შორტით, იდეალურად კრავს ტანს და აყალიბებს ფორმებს. ზედას აქვს ღრუბელი.

არ ტოვებს ოფლის ლაქებს.

მასალა: ნეილონი / სპანდექსი"
"PRODUCT"	"8995437412549"	"meta_title"	"ka"	""	""	"Set Pink Butterfly"	"ვარდისფერი პეპლების ნაკრები"
"PRODUCT"	"8995437412549"	"meta_description"	"ka"	""	""	"ელასტიური კომპლექტი შორტით, იდეალურად კრავს ტანს და კვეთს ფორმებს,არ ტოვებს ოფლის ლაქებსმასალა: Nylon / Spandex"	"Stretchy shorts set, ideal for hugging the body and defining shapes, leaves no sweat stains.Material: Nylon / Spandex"
"PRODUCT"	"8995437641925"	"title"	"ka"	""	""	"ორეული Black Melody"	"ორეული Black Melody"
"PRODUCT"	"8995437641925"	"body_html"	"ka"	""	""	"ელასტიური კომპლექტი, იდეალურად კრავს ტანს და კვეთს ფორმებს,

არ ტოვებს ოფლის ლაქებს

ტოპს აქვს გუფკა*

მასალა: Nylon / Spandex"	"Elastic set, perfectly wraps around the body and accentuates its shapes,
Does not leave sweat stains

Top has padding*

Material: Nylon / Spandex"
"PRODUCT"	"8995437641925"	"meta_title"	"ka"	""	""	"ორეული Black Melody"	"Double Black Melody"
"PRODUCT"	"8995437641925"	"meta_description"	"ka"	""	""	"ელასტიური კომპლექტი, იდეალურად კრავს ტანს და კვეთს ფორმებს,არ ტოვებს ოფლის ლაქებსმასალა: Nylon / Spandex"	"ელასტიური კომპლექტი იდეალურად კრავს ტანს და აყალიბებს სხეულს, არ ტოვებს ოფლის ლაქებს.
მასალა: ნეილონი / სპანდექსი"
"PRODUCT"	"8995437772997"	"title"	"ka"	""	""	"Push-up All In One Black Marble"	"ბიუსტჰალტერი Push-up All In One შავი მარმარილოსებური"
"PRODUCT"	"8995437772997"	"body_html"	"ka"	""	""	"სავარჯიშო Push-up კომბინიზონი, იდეალურად კრავს ტანს და გამოკვეთს უკანალს.

*მკერდზე აქვს ღრუბელი
მასალა: Spandex / Polyester"	"Push-up კომბინეზონი, რომელიც იდეალურად კრავს სხეულს და გამოკვეთს უკანალს.

*აქვს ღრუბლები მკერდზე
მასალა: Spandex / Polyester"
"PRODUCT"	"8995437772997"	"meta_title"	"ka"	""	""	"Push-up All In One Black Marble"	"აიწევს All In One Black Marble"
"PRODUCT"	"8995437772997"	"meta_description"	"ka"	""	""	"სავარჯიშო Push-up კომბინიზონი, იდეალურად კრავს ტანს და გამოკვეთს უკანალს.მასალა: Spandex / Polyester"	"Push-up-ის სავარჯიშო კომბინიზონი, იდეალურად კრავს ტანს და გამოკვეთს უკანალს. მასალა: სპანდექსი / პოლიესტერი"
"PRODUCT"	"8995437805765"	"title"	"ka"	""	""	"Push-up Leggings Booty Pink Galaxy"	"აჭიმვადი ლეგინსები, ვარდისფერი „გალაქტიკა“"
"PRODUCT"	"8995437805765"	"body_html"	"ka"	""	""	"სავარჯიშო მაღალწელიანი Push-up ელასტიკი, იდეალურად კრავს ტანს და გამოკვეთს უკანალს.

მასალა: Spandex / Polyester"	"High-waisted push-up exercise elastic, perfectly shapes the body and enhances the buttocks.

Material: Spandex / Polyester"
"PRODUCT"	"8995437805765"	"meta_title"	"ka"	""	""	"Push-up Leggings Booty Pink Galaxy"	"აჭიმვადი, ფერადი გამაშები „გალაქტიკა“"
"PRODUCT"	"8995437805765"	"meta_description"	"ka"	""	""	"სავარჯიშო მაღალწელიანი Push-up ელასტიკი, იდეალურად კრავს ტანს და გამოკვეთს უკანალს.მასალა:: Spandex / Polyester"	"High-waisted push-up elastic exercise leggings, perfectly define the body and highlight the glutes. Material: Spandex / Polyester"
"PRODUCT"	"8995437838533"	"title"	"ka"	""	""	"Push-up Leggings Peacock"	"აჭიმვადი ლეგინსები ფარშევანგი"
"PRODUCT"	"8995437838533"	"body_html"	"ka"	""	""	"სავარჯიშო მაღალწელიანი Push-up ელასტიკი, იდეალურად კრავს ტანს და გამოკვეთს უკანალს.

მასალა: Spandex / Polyester"	"High-waisted push-up exercise elastic, perfectly shapes the body and enhances the buttocks.

Material: Spandex / Polyester"
"PRODUCT"	"8995437838533"	"meta_title"	"ka"	""	""	"Push-up Leggings Peacock"	"აჭიმვადი ლეგინსები ფარშევანგი"
"PRODUCT"	"8995437838533"	"meta_description"	"ka"	""	""	"სავარჯიშო მაღალწელიანი Push-up ელასტიკი, იდეალურად კრავს ტანს და გამოკვეთს უკანალს.მასალა: Spandex / Polyester"	"High-waist Push-up elastic leggings, ideal for a tight fit and buttock-lifting effect. Material: Spandex / Polyester"
"PRODUCT"	"8995437904069"	"title"	"ka"	""	""	"Push-up Leggings Booty Orange Galaxy"	"აწევის ეფექტის მქონე გამაშები, ნარინჯისფერი გალაქტიკა"
"PRODUCT"	"8995437904069"	"body_html"	"ka"	""	""	"სავარჯიშო მაღალწელიანი Push-up ელასტიკი, იდეალურად კრავს ტანს და გამოკვეთს უკანალს.

მასალა: Spandex / Polyester"	"High-waisted push-up exercise elastic, perfectly shapes the body and enhances the buttocks.

Material: Spandex / Polyester"
"PRODUCT"	"8995437904069"	"meta_title"	"ka"	""	""	"Push-up Leggings Booty Orange Galaxy"	"აჭიმვადი ლეგინსები უკანალის ეფექტით, ნარინჯისფერი გალაქტიკა"
"PRODUCT"	"8995437904069"	"meta_description"	"ka"	""	""	"სავარჯიშო მაღალწელიანი Push-up ელასტიკი, იდეალურად კრავს ტანს და გამოკვეთს უკანალს.მასალა:: Spandex / Polyester"	"High-waisted push-up elastic exercise leggings, perfectly define the body and highlight the glutes. Material: Spandex / Polyester"
"PRODUCT"	"8995437969605"	"title"	"ka"	""	""	"Sports Bra Purple Run"	"სპორტული ლიფი იასამნისფერი სარბენი"
"PRODUCT"	"8995437969605"	"body_html"	"ka"	""	""	"ღია იისფერი ელასტიური სავარჯიშო ტოპი, აქვს გუფკა.
მასალა: Spandex / Polyester"	"ღია იასამნისფერი ელასტიური სავარჯიშო ტოპი, აქვს გუფკა.
მასალა: Spandex / Polyester"
"PRODUCT"	"8995437969605"	"meta_title"	"ka"	""	""	"Sports Bra Purple Run"	"სპორტული ლიფი იასამნისფერი სარბენი"
"PRODUCT"	"8995437969605"	"meta_description"	"ka"	""	""	"თეთრი ელასტიური სავარჯიშო ტოპი, აქვს გუფკა.მასალა: Spandex / Polyester"	"White elastic workout top with sponge pads.Material: Spandex / Polyester"
"PRODUCT"	"8995438002373"	"title"	"ka"	""	""	"Leggings Black Classic Slim"	"ელასტიკი, შავი, კლასიკური, ვიწრო"
"PRODUCT"	"8995438002373"	"body_html"	"ka"	""	""	"შავი სავარჯიშო მაღალწელიანი ელასტიკი, იდეალურად კრავს ტანს და გამოკვეთს უკანალს.
*არის ვიწრო მოდელი, S ზომა ერგება XS და S ზომას.

მასალა: Spandex / Polyester"	"Black high-waisted exercise leggings, perfectly compress the body and accentuate the buttocks.
*This is a slim-fit model, size S fits XS and S sizes.

Material: Spandex / Polyester"
"PRODUCT"	"8995438002373"	"meta_title"	"ka"	""	""	"Leggings Black Classic Slim"	"ელასტიკი, შავი, კლასიკური, ვიწრო"
"PRODUCT"	"8995438002373"	"meta_description"	"ka"	""	""	"შავი სავარჯიშო მაღალწელიანი ელასტიკი, იდეალურად კრავს ტანს და გამოკვეთს უკანალს.მასალა: Spandex / Polyester"	"High-waisted black workout leggings, perfectly flatters the figure and accentuates the glutes.
Material: Spandex / Polyester"
"PRODUCT"	"8995438100677"	"title"	"ka"	""	""	"Push-up Shorts Black Bomby"	"ამწევი შორტები, შავი, „ბომბი“"
"PRODUCT"	"8995438100677"	"body_html"	"ka"	""	""	"Seamless Push-up Shorts
• Invisible scrunch bum
•Booty contouring and enhancing

<strong>Material and Care:</strong>
• 90% Nylon, 10% Spandex
• Incredibly soft and seamless, you’ll never want to take it off
• Handle with care when wearing and washing this delicate style"	"უკერო ქამრიანი შორტები
• უხილავი რუშიანი უკანალი
• უკანალის კონტურის გამოკვეთა და გაუმჯობესება

<strong>მასალა და მოვლა:</strong>
• 90% ნეილონი, 10% სპანდექსი
• წარმოუდგენლად რბილი და უნაკერო, არასდროს მოგინდებათ მისი გახდა
• ფრთხილად მოექეცით ამ ნაზ სტილს ტარებისა და რეცხვის დროს"
"PRODUCT"	"8995438100677"	"meta_title"	"ka"	""	""	"Push-up Shorts Black Bomby"	"ამოწეული შორტები შავი „ბომბი“"
"PRODUCT"	"8995438100677"	"meta_description"	"ka"	""	""	"მოკლე შავი ფუშაფ შორტი, .მასალა:  Polyester / Spandex"	"Short black push-up shorts. Material: Polyester / Spandex"
"PRODUCT"	"8995438198981"	"title"	"ka"	""	""	"Sports Bra Black Classic"	"სპორტული ბიუსტჰალტერი შავი კლასიკური"
"PRODUCT"	"8995438198981"	"body_html"	"ka"	""	""	"შავი ელასტიური სავარჯიშო ტოპი, აქვს გუფკა.
მასალა: Spandex / Polyester"	"Black elastic workout top with sponge pads.
Material: Spandex / Polyester"
"PRODUCT"	"8995438198981"	"meta_title"	"ka"	""	""	"Sports Bra Black Classic"	"სპორტული ბიუსტჰალტერი შავი კლასიკური"
"PRODUCT"	"8995438198981"	"meta_description"	"ka"	""	""	"შავი ელასტიური სავარჯიშო ტოპი, აქვს გუფკა.მასალა: Spandex / Polyester"	"Black elastic workout top, has sponge. Material: Spandex / Polyester"
"PRODUCT"	"8995438297285"	"title"	"ka"	""	""	"Crop Top Black Verona"	"კროპ ტოპი შავი ვერონა"
"PRODUCT"	"8995438297285"	"body_html"	"ka"	""	""	"შავი ელასტიური სავარჯიშო ტოპი, აქვს გუფკა.
მასალა: Spandex / Polyester"	"Black elastic workout top with sponge pads.
Material: Spandex / Polyester"
"PRODUCT"	"8995438297285"	"meta_title"	"ka"	""	""	"Crop Top Black Verona"	"მოკლე ტოპი შავი ვერონა"
"PRODUCT"	"8995438297285"	"meta_description"	"ka"	""	""	"შავი ელასტიური სავარჯიშო ტოპი, აქვს გუფკა.მასალა: Spandex / Polyester"	"Black elastic workout top, has sponge. Material: Spandex / Polyester"
"PRODUCT"	"8995438428357"	"title"	"ka"	""	""	"Crop Top Black Dry Fit"	"შავი კროპ ტოპი, სწრაფად შრობადი"
"PRODUCT"	"8995438428357"	"body_html"	"ka"	""	""	"შავი სავარჯიშო მაისური, არ აქვს გუფკა.
მასალა: Spandex / Polyester"	"შავი სავარჯიშო მაისური, ღრუბლის გარეშე.
მასალა: სპანდექსი / პოლიესტერი"
"PRODUCT"	"8995438428357"	"meta_title"	"ka"	""	""	"Crop Top Black Dry Fit"	"შავი კროპ ტოპი, სწრაფად შრობადი"
"PRODUCT"	"8995438428357"	"meta_description"	"ka"	""	""	"შავი ელასტიური სავარჯიშო ტოპი, აქვს გუფკა.მასალა: Spandex / Polyester"	"Black elastic workout top, has sponge. Material: Spandex / Polyester"
"PRODUCT"	"8995438592197"	"title"	"ka"	""	""	"ტოპი Barbie Sunny"	"Top Barbie Sunny"
"PRODUCT"	"8995438592197"	"body_html"	"ka"	""	""	"სავარჯიშო ტოპი, აქვს გუფკა
"	"Sports top, has sponge inserts"
"PRODUCT"	"8995438592197"	"meta_title"	"ka"	""	""	"ტოპი Barbie Sunny"	"Top Barbie Sunny"
"PRODUCT"	"8995438592197"	"meta_description"	"ka"	""	""	"Push-Up კომპლექტი შორტით, იდეალურად კრავს ტანს და კვეთს ფორმებს, არ ტოვებს ოფლის ლაქებს, ზედას აქვს გუფკა.მასალა: Polyester / Spandex"	"Push-Up set with shorts, perfectly tightens the body and accentuates forms, leaves no sweat stains, top has sponges. Material: Polyester / Spandex"
"PRODUCT"	"8995438624965"	"title"	"ka"	""	""	"ტოპი Black Top Desire"	"Black Top Desire top"
"PRODUCT"	"8995438624965"	"body_html"	"ka"	""	""	"სავარჯიშო ტოპი, *აქვს გუფკა

მატერია: Spandex / Polyester"	"Workout top, *გუფკით
მასალა: Spandex / Polyester"
"PRODUCT"	"8995438624965"	"meta_title"	"ka"	""	""	"ტოპი Black Top Desire"	"Top Black Top Desire"
"PRODUCT"	"8995438624965"	"meta_description"	"ka"	""	""	"შავი სავარჯიშო ზედა, აქვს გუფკა"	"Black workout top, it has a sponge."
"PRODUCT"	"8995438690501"	"title"	"ka"	""	""	"ტოპი Barbie Black"	"ტოპი Barbie Black"
"PRODUCT"	"8995438690501"	"body_html"	"ka"	""	""	"სავარჯიშო ტოპი, აქვს გუფკა.მასალა: Polyester / Spandex"	"Workout top, with sponge. Material: Polyester / Spandex"
"PRODUCT"	"8995438690501"	"meta_title"	"ka"	""	""	"ტოპი Barbie Black"	"ტოპი Barbie Black"
"PRODUCT"	"8995438690501"	"meta_description"	"ka"	""	""	"სავარჯიშო ტოპი, აქვს გუფკა.მასალა: Polyester / Spandex"	"Sports top, has sponge. Material: Polyester / Spandex"
"PRODUCT"	"8995438756037"	"title"	"ka"	""	""	"Long Sleeve Crop Top Purple Panther"	"გრძელმკლავიანი მოკლე ზედა იასამნისფერი პანტერა"
"PRODUCT"	"8995438756037"	"body_html"	"ka"	""	""	"სავარჯიშო გრძელმკლავიანი ზედა ელვით, არ აქვს გუფკა."	"Long-sleeved workout top with zipper, no pads."
"PRODUCT"	"8995438756037"	"meta_title"	"ka"	""	""	"Long Sleeve Crop Top Purple Panther"	"გრძელმკლავიანი მოკლე ზედა იასამნისფერი პანტერა"
"PRODUCT"	"8995438756037"	"meta_description"	"ka"	""	""	"სავარჯიშო გრძელმკლავიანი ზედა ელვით, არ აქვს გუფკა."	"Workout long-sleeved top with zipper, no pads."
"PRODUCT"	"8995438854341"	"title"	"ka"	""	""	"Push-Up Shorts Pink Lollipop"	"აჭიმვის შორტები „ვარდისფერი ლოლიპოპი“"
"PRODUCT"	"8995438854341"	"body_html"	"ka"	""	""	"Push-Up შორტი, იდეალურად კრავს ტანს და კვეთს ფორმებს, არ ტოვებს ოფლის ლაქებს

მასალა: Polyester / Spandex"	"Push-Up შორტი, იდეალურად კრავს ტანს და აყალიბებს ფორმებს, არ ტოვებს ოფლის ლაქებს

მასალა: პოლიესტერი / სპანდექსი"
"PRODUCT"	"8995438854341"	"meta_title"	"ka"	""	""	"Push-Up Shorts Pink Lollipop"	"ბიძგის ეფექტის მქონე შორტი „ვარდისფერი ლოლიპოპი“"
"PRODUCT"	"8995438854341"	"meta_description"	"ka"	""	""	"Push-Up შორტი, იდეალურად კრავს ტანს და კვეთს ფორმებს, არ ტოვებს ოფლის ლაქებსმასალა: Polyester / Spandex"	"Push-Up შორტი, იდეალურად კრავს ტანს და აყალიბებს ფორმებს, არ ტოვებს ოფლის ლაქებს.მასალა: პოლიესტერი / სპანდექსი"
"PRODUCT"	"8995439018181"	"title"	"ka"	""	""	"ტოპი Pink Butterfly"	"ტოპი ვარდისფერი პეპელა"
"PRODUCT"	"8995439018181"	"body_html"	"ka"	""	""	"სავარჯიშო ტოპი, აქვს გუფკა.

არ ტოვებს ოფლის ლაქებს

მასალა: Nylon / Spandex"	"სავარჯიშო ტოპი, აქვს ღრუბელი.

არ ტოვებს ოფლის ლაქებს

მასალა: ნეილონი / სპანდექსი"
"PRODUCT"	"8995439018181"	"meta_title"	"ka"	""	""	"ტოპი Pink Butterfly"	"Pink Butterfly-ის ტოპი"
"PRODUCT"	"8995439018181"	"meta_description"	"ka"	""	""	"სავარჯიშო ტოპი, იდეალურად კრავს ტანს და კვეთს ფორმებს,არ ტოვებს ოფლის ლაქებს, აქვს გუფკა მასალა: Nylon / Spandex"	"Sports top, perfectly wraps around the body and shapes it, leaves no sweat stains, has sponge. Material: Nylon / Spandex"
"PRODUCT"	"8995439116485"	"title"	"ka"	""	""	"Shorts Beige Decollete"	"მოკლე შორტები, კრემისფერი, დეკოლტე"
"PRODUCT"	"8995439116485"	"body_html"	"ka"	""	""	"შორტი, იდეალურად კრავს ტანს და კვეთს ფორმებს, არ ტოვებს ოფლის ლაქებს

მასალა: Polyester / Spandex"	"შორტი, იდეალურად კრავს ტანს და კვეთს ფორმებს, არ ტოვებს ოფლის ლაქებს

მასალა: Polyester / Spandex"
"PRODUCT"	"8995439116485"	"meta_title"	"ka"	""	""	"Shorts Beige Decollete"	"შორტები, კრემისფერი, დეკოლტე"
"PRODUCT"	"8995439116485"	"meta_description"	"ka"	""	""	"შორტ, იდეალურად კრავს ტანს და კვეთს ფორმებს, არ ტოვებს ოფლის ლაქებს, ზედას აქვს გუფკა.მასალა: Polyester / Spandex"	"Shorts, perfectly hugs the body and sculpts the figure, does not leave sweat stains, top has sponges. Material: Polyester / Spandex"
"PRODUCT"	"8995439149253"	"title"	"ka"	""	""	"Shorts Decollete Green"	"შორტები, დეკოლტე, მწვანე"
"PRODUCT"	"8995439149253"	"body_html"	"ka"	""	""	"შორტი, იდეალურად კრავს ტანს და კვეთს ფორმებს, არ ტოვებს ოფლის ლაქებს

მასალა: Polyester / Spandex"	"შორტი, იდეალურად კრავს ტანს და კვეთს ფორმებს, არ ტოვებს ოფლის ლაქებს

მასალა: Polyester / Spandex"
"PRODUCT"	"8995439149253"	"meta_title"	"ka"	""	""	"Shorts Decollete Green"	"მოკლე შორტები, დეკოლტე, მწვანე"
"PRODUCT"	"8995439149253"	"meta_description"	"ka"	""	""	"შორტ, იდეალურად კრავს ტანს და კვეთს ფორმებს, არ ტოვებს ოფლის ლაქებს, ზედას აქვს გუფკა.მასალა: Polyester / Spandex"	"Shorts, perfectly hugs the body and sculpts the figure, doesn't leave sweat stains, top has padding. Material: Polyester / Spandex"
"PRODUCT"	"8995439182021"	"title"	"ka"	""	""	"Shorts Decollete Blue"	"შორტები, დეკოლტე, ლურჯი"
"PRODUCT"	"8995439182021"	"body_html"	"ka"	""	""	"შორტი, იდეალურად კრავს ტანს და კვეთს ფორმებს, არ ტოვებს ოფლის ლაქებს

მასალა: Polyester / Spandex"	"შორტი, იდეალურად კრავს ტანს და კვეთს ფორმებს, არ ტოვებს ოფლის ლაქებს

მასალა: Polyester / Spandex"
"PRODUCT"	"8995439182021"	"meta_title"	"ka"	""	""	"Shorts Decollete Blue"	"შორტები დეკოლტე ლურჯი"
"PRODUCT"	"8995439182021"	"meta_description"	"ka"	""	""	"შორტ, იდეალურად კრავს ტანს და კვეთს ფორმებს, არ ტოვებს ოფლის ლაქებს, ზედას აქვს გუფკა.მასალა: Polyester / Spandex"	"Shorts, ideally fits the body and cuts the shapes, leaves no sweat marks, the top has a sponge. Material: Polyester / Spandex"
"PRODUCT"	"8995439280325"	"title"	"ka"	""	""	"ზედა Black Caol"	"Top Black Caol"
"PRODUCT"	"8995439280325"	"body_html"	"ka"	""	""	"არის რბილი და წელვადი მასალა, არ აქვს გუფკა
მატერია: Spandex / Polyester"	"It's a soft and stretchy material, with no sponge padding.
Material: Spandex / Polyester"
"PRODUCT"	"8995439280325"	"meta_title"	"ka"	""	""	"ზედა Black Caol"	"Top Black Caol"
"PRODUCT"	"8995439280325"	"meta_description"	"ka"	""	""	"უნაკერო კომპლექტი შორტით, იდეალურად კრავს ტანს და ვიზუალურად ახდუნებს.მატერია: Spandex / Polyester"	"Seamless set with shorts, perfectly sculpts the body and visually slims.
Material: Spandex / Polyester"
"PRODUCT"	"8995439313093"	"title"	"ka"	""	""	"Push-up Shorts Black Dynamite"	"„პუშ-აპ“ შორტი „ბლექ დაინამაიტი“"
"PRODUCT"	"8995439313093"	"body_html"	"ka"	""	""	"შავი სავარჯიშო Push-up შორტი, იდეალურად კრავს ტანს და გამოკვეთს უკანალს.

მასალა: Spandex / Polyester"	"Black workout push-up shorts, perfectly hug the body and accentuate the glutes.

Material: Spandex / Polyester"
"PRODUCT"	"8995439313093"	"meta_title"	"ka"	""	""	"Push-up Shorts Black Dynamite"	"Push-up შორტები შავი დინამიტი"
"PRODUCT"	"8995439313093"	"meta_description"	"ka"	""	""	"შავი სავარჯიშო Push-up შორტი, იდეალურად კრავს ტანს და გამოკვეთს უკანალს.*ერთი ზომით პატარაა (S ზომა მიდის Xs-ზე, M ზომა მიდის S-ზე და ა.შ)"	"Black push-up shorts, perfectly hugs the body and accentuates the buttocks. *They run one size small (size S fits XS, size M fits S, etc.)"
"PRODUCT"	"8995439345861"	"title"	"ka"	""	""	"Push-up Shorts Saphir Panther"	"აჭიმვადი შორტები Saphir Panther"
"PRODUCT"	"8995439345861"	"body_html"	"ka"	""	""	"სავარჯიშო Push-up შორტი, იდეალურად კრავს ტანს და გამოკვეთს უკანალს.

წელვადი, არ ლანდავს.

*შორტი არის 1 ზომით პატარა ( S ზომა ერგება Xs-s, M ზომა ერგება S და M ზომას)

მასალა: Spandex / Polyester"	"Push-up შორტი ვარჯიშისთვის, იდეალურად კრავს ტანს და გამოკვეთს უკანალს.

წელვადი, არ ლანდავს.

*შორტი არის 1 ზომით პატარა ( S ზომა ერგება Xs-s, M ზომა ერგება S და M ზომას)

მასალა: Spandex / Polyester"
"PRODUCT"	"8995439345861"	"meta_title"	"ka"	""	""	"Push-up Shorts Saphir Panther"	"აჭიმვადი შორტები Saphir Panther"
"PRODUCT"	"8995439345861"	"meta_description"	"ka"	""	""	"შავი სავარჯიშო მაღალწელიანი Push-up ორეული, იდეალურად კრავს ტანს და გამოკვეთს უკანალს.წელვადი, არ ლანდავს.მასალა:: Spandex / Polyester"	"Black high-waisted Push-up workout set, perfectly snugs the body and emphasizes the glutes. Stretchy, not see-through. Material: Spandex / Polyester"
"PRODUCT"	"8995439411397"	"title"	"ka"	""	""	"შორტი Black Butterfly"	"შორტი შავი პეპელა"
"PRODUCT"	"8995439411397"	"body_html"	"ka"	""	""	"სავარჯიშო შორტი , იდეალურად კრავს ტანს და კვეთს ფორმებს,

არ ტოვებს ოფლის ლაქებს

მასალა: Nylon / Spandex"	"Workout shorts, perfectly hugs the body and sculpts the forms,

does not leave sweat stains

Material: Nylon / Spandex"
"PRODUCT"	"8995439411397"	"meta_title"	"ka"	""	""	"შორტი Black Butterfly"	"შორტი შავი პეპელა"
"PRODUCT"	"8995439411397"	"meta_description"	"ka"	""	""	"სავარჯიშო ელასტიური შორტი, იდეალურად კრავს ტანს და კვეთს ფორმებს,არ ტოვებს ოფლის ლაქებსმასალა: Nylon / Spandex"	"Workout elastic shorts, perfectly hugs the body and accentuates shapes, leaves no sweat marksMaterial: Nylon / Spandex"
"PRODUCT"	"8995439444165"	"title"	"ka"	""	""	"Push-up Set Flared Leggings"	"აჭიმვადი გამშვები გამორჩეული გამაშები"
"PRODUCT"	"8995439444165"	"body_html"	"ka"	""	""	"შავი მაღალწელიანი Push-up ორეული, იდეალურად კრავს ტანს და გამოკვეთს უკანალს.
*ზედას აქვს გუფკა
წელვადი, არ ლანდავს.

მასალა: Spandex / Polyester"	"Black high-waisted push-up set. Perfectly snuggles the body and emphasizes the buttocks.
*Top has sponge padding
Stretchy, not see-through.

Material: Spandex / Polyester"
"PRODUCT"	"8995439444165"	"meta_title"	"ka"	""	""	"Push-up Set Flared Leggings"	"აჭიმვა-ეფექტიანი გაშლილი ლეგინსები"
"PRODUCT"	"8995439444165"	"meta_description"	"ka"	""	""	"ყავისფერი სავარჯიშო მაღალწელიანი Push-up ორეული, იდეალურად კრავს ტანს და გამოკვეთს უკანალს.წელვადი, არ ლანდავს.მასალა:: Spandex / Polyester"	"Brown high-waisted push-up set, perfectly hugs the body and highlights the buttocks. Stretchy, not see-through. Material: Spandex / Polyester"
"PRODUCT"	"8995439476933"	"title"	"ka"	""	""	"Zip Jacket Dry Fit"	"ელვა შესაკრავიანი ქურთუკი Dry Fit"
"PRODUCT"	"8995439476933"	"body_html"	"ka"	""	""	"გრძელმკლავიანი ზედა ელვა შესაკრავით, იდეალურად კრავს ტანს და კვეთს ფორმებს,

არ ტოვებს ოფლის ლაქებს

მასალა: Nylon / Spandex"	"Long-sleeved top with zip, perfectly wraps the body and highlights forms,

Does not leave sweat stains

Material: Nylon / Spandex"
"PRODUCT"	"8995439476933"	"meta_title"	"ka"	""	""	"Zip Jacket Dry Fit"	"ელვაშესაკრავიანი ქურთუკი Dry Fit"
"PRODUCT"	"8995439476933"	"meta_description"	"ka"	""	""	"გრძელმკლავიანი უნაკერო ზედა ელვა შესაკრავით, იდეალურად კრავს ტანს და კვეთს ფორმებს,არ ტოვებს ოფლის ლაქებსმასალა: Nylon / Spandex"	"Seamless long-sleeved top with zipper, ideally hugs the body and accentuates shapes, leaves no sweat stainsMaterial: Nylon / Spandex"
"PRODUCT"	"8995439509701"	"title"	"ka"	""	""	"Long Sleeve Crop Top Black Classic"	"გრძელმკლავიანი მოკლე ტოპი შავი კლასიკური"
"PRODUCT"	"8995439509701"	"body_html"	"ka"	""	""	"სავარჯიშო შავი ზედა, იდეალურად კრავს ტანს და კვეთს ფორმებს, არ ტოვებს ოფლის ლაქებს.

*აქვს გუფკა

მასალა: Polyester/Spandex"	"Workout black top, perfectly tightens the body and outlines the shapes, leaves no sweat stains.

*Has sponges

Material: Polyester/Spandex"
"PRODUCT"	"8995439509701"	"meta_title"	"ka"	""	""	"Long Sleeve Crop Top Black Classic"	"გრძელმკლავიანი მოკლე ტოპი - შავი კლასიკური"
"PRODUCT"	"8995439509701"	"meta_description"	"ka"	""	""	"შავი ზედა, იდეალურად კრავს ტანს და კვეთს ფორმებს, არ ტოვებს ოფლის ლაქებს, აქვს გუფკა.მასალა:  Polyester / Spandex"	"Black top, perfectly fits the body and defines the figure, does not leave sweat stains, has sponge padding. Material: Polyester / Spandex"
"PRODUCT"	"8995439575237"	"title"	"ka"	""	""	"Crop Top Long Sleeve Navy Podium"	"კროპ ტოპი გრძელი მკლავით, მუქი ლურჯი, Podium"
"PRODUCT"	"8995439575237"	"body_html"	"ka"	""	""	"სავარჯიშო ზედა ამოღებული ზურგით, იდეალურად კრავს ტანს და კვეთს ფორმებს, არ ტოვებს ოფლის ლაქებს.

*აქვს გუფკა

მასალა: Polyester/Spandex"	"Backless training top, perfectly fits the body and defines the forms, leaves no sweat stains.

*With sponge

Material: Polyester/Spandex"
"PRODUCT"	"8995439575237"	"meta_title"	"ka"	""	""	"Crop Top Long Sleeve Navy Podium"	"კროპ ტოპი გრძელი მკლავით (საზღვაო ლურჯი) Podium"
"PRODUCT"	"8995439575237"	"meta_description"	"ka"	""	""	"ზედა ამოღებული ზურგით, იდეალურად კრავს ტანს და კვეთს ფორმებს, არ ტოვებს ოფლის ლაქებს, აქვს გუფკა. მასალა:  Polyester / Spandex"	"Top with an open back, perfectly hugs the body and sculpts forms, leaves no sweat stains, has sponge cups. Material: Polyester / Spandex"
"PRODUCT"	"8995439608005"	"title"	"ka"	""	""	"All In One Black Panther"	"ყველაფერი ერთში შავი პანტერა"
"PRODUCT"	"8995439608005"	"body_html"	"ka"	""	""	"გრძელმკლავიანი, ელასტიური კომბინიზონი ელვით, იდეალურად კრავს ტანს და კვეთს ფორმებს.
არ აქვს გუფკა*

მასალა: Polyester / Spandex"	"Long-sleeved, elastic jumpsuit with a zipper, perfectly wraps the body and highlights its forms.
Has no padding*

Material: Polyester / Spandex"
"PRODUCT"	"8995439608005"	"meta_title"	"ka"	""	""	"All In One Black Panther"	"ყველა ერთში შავი პანტერა"
"PRODUCT"	"8995439608005"	"meta_description"	"ka"	""	""	"დახურული, გრძელმკლავიანი, ელასტიური კომბინიზონი უნიქორნის პრინტით, იდეალურად კრავს ტანს და კვეთს ფორმებს.მასალა: Polyester / Spandex"	"Closed, long-sleeved, elastic jumpsuit with unicorn print, perfectly wraps and defines the body.
Material: Polyester / Spandex"
"PRODUCT"	"8995439673541"	"title"	"ka"	""	""	"Push-up Set Black Cosmo"	"აწყობილი კომპლექტი „შავი კოსმო“"
"PRODUCT"	"8995439673541"	"body_html"	"ka"	""	""	"შავი Push-up ორეული, იდეალურად კრავს ტანს
წელვადი, არ ლანდავს.

ზედას არ აქვს ღრუბელი*

მასალა: Spandex / Polyester"	"შავი Push-up ორეული, იდეალურად კრავს ტანს
წელვადი, არ ლანდავს.

ზედას არ აქვს ღრუბელი*

მასალა: Spandex / Polyester"
"PRODUCT"	"8995439673541"	"meta_title"	"ka"	""	""	"Push-up Set Black Cosmo"	"პუშ-აპის ნაკრები „შავი კოსმო“"
"PRODUCT"	"8995439673541"	"meta_description"	"ka"	""	""	"შავი სავარჯიშო მაღალწელიანი ორეული, იდეალურად კრავს ტანს და გამოკვეთს უკანალს.წელვადი, არ ლანდავს.მასალა: Spandex / Polyester"	"Black high-waisted workout set, perfectly snugs the body and accentuates the butt. Stretchy, not see-through. Material: Spandex / Polyester"
"PRODUCT"	"8995439739077"	"title"	"ka"	""	""	"Push-up Leggings Navy V"	"აჭიმვადი ლეგინსები, მუქი ლურჯი, V-ჭრილით"
"PRODUCT"	"8995439739077"	"body_html"	"ka"	""	""	"Seamless Push-up leggings
• low V-shape at the back
• Contoured back waistband to enhance and flatter curves
• Scrunch detailing at the back for a sculpted look
• Seamless front for a smooth, clean appearance
• Full-length
Material and Care:
• 75% Nylon, 25% Spandex
• Incredibly soft and seamless, you’ll never want to take it off
• Handle with care when wearing and washing this delicate style

"	"უწყვეტი პუშ-აპ ლეგინსი
• დაბალი V-ფორმის უკანა მხარე
• უკანა მხარეს გამოკვეთილი წელი ფორმების გასაუმჯობესებლად
• უკანა მხარეს ნაკეცები გამოძერწილი შესახედაობისთვის
• უწყვეტი წინა მხარე გლუვი, სუფთა იერსახისთვის
• სრული სიგრძე
მასალა და მოვლა:
• 75% ნეილონი, 25% სპანდექსი
• წარმოუდგენლად რბილი და უწყვეტი, არასოდეს მოგინდებათ მისი გახდა
• ფრთხილად მოეპყარით ამ დელიკატურ სტილს ჩაცმისა და რეცხვის დროს

"
"PRODUCT"	"8995439739077"	"meta_title"	"ka"	""	""	"Push-up Leggings Navy V"	"აჟიმალკა ლეგინსი მუქი ლურჯი V"
"PRODUCT"	"8995439739077"	"meta_description"	"ka"	""	""	"მუქი ლურჯი  ზოლებიამი Push-up ელასტიკი, იდეალურად კრავს ტანს და კვეთს ფორმებს.მასალა: Nylon/Polyester"	"Dark blue striped push-up elastic, perfectly hugs the body and sculpts the forms. Material: Nylon/Polyester"
"PRODUCT"	"8995439771845"	"title"	"ka"	""	""	"Push-up Leggings Black V"	"აჭიმვადი ლეგინსები, შავი V-ფორმა"
"PRODUCT"	"8995439771845"	"body_html"	"ka"	""	""	"Seamless Push-up leggings
• low V-shape at the back
• Contoured back waistband to enhance and flatter curves
• Scrunch detailing at the back for a sculpted look
• Seamless front for a smooth, clean appearance
• Full-length
Material and Care:
• 75% Nylon, 25% Spandex
• Incredibly soft and seamless, you’ll never want to take it off
• Handle with care when wearing and washing this delicate style"	"შეუღებავი ""Push-up"" გამაშები
• დაბალი V-ფორმის დიზაინი უკანა მხარეს
• კონტურული ქამარი უკანა მხარეს, ფორმების გამოსაკვეთად და გასალამაზებლად
• ნაკეცები უკანა მხარეს გამოკვეთილი ფორმებისთვის
• წინა მხარე ნაკერების გარეშე, გლუვი და სუფთა იერის შესაქმნელად
• სრული სიგრძე
მასალა და მოვლა:
• 75% ნეილონი, 25% სპანდექსი
• წარმოუდგენლად რბილი და უნაკერო, არ მოგინდებათ მისი გახდა
• ატარეთ და გარეცხეთ ფრთხილად, რადგან დელიკატური სტილია"
"PRODUCT"	"8995439771845"	"meta_title"	"ka"	""	""	"Push-up Leggings Black V"	"აწევის ეფექტის მქონე შავი ლეგინსები V"
"PRODUCT"	"8995439771845"	"meta_description"	"ka"	""	""	"მუქი ლურჯი  ზოლებიამი Push-up ელასტიკი, იდეალურად კრავს ტანს და კვეთს ფორმებს.მასალა: Nylon/Polyester"	"Dark blue striped push-up elastic, perfectly hugs the body and shapes the curves.Material: Nylon/Polyester"
"PRODUCT"	"8995439837381"	"title"	"ka"	""	""	"Push-up კომპლექტი Black Classic"	"Push-up კომპლექტი შავი კლასიკა"
"PRODUCT"	"8995439837381"	"body_html"	"ka"	""	""	"სავარჯიშო Push-up კომპლექტი, იდეალურად კრავს ტანს და კვეთს ფორმებს, არ ტოვებს ოფლის ლაქებს, ზედას აქვს გუფკა.

მასალა:  Polyester / Spandex"	"Push-up სავარჯიშო კომპლექტი იდეალურად კრავს ტანს და აკვეთს ფორმებს, არ ტოვებს ოფლის ლაქებს. ზედას აქვს ღრუბელი.

მასალა: პოლიესტერი / სპანდექსი"
"PRODUCT"	"8995439837381"	"meta_title"	"ka"	""	""	"Push-up კომპლექტი Black Classic"	"აჟიმანიების ნაკრები Black Classic"
"PRODUCT"	"8995439837381"	"meta_description"	"ka"	""	""	"ბეჯი სავარჯიშო Push-up კომპლექტი ლეოპარდის პრინტით, იდეალურად კრავს ტანს და კვეთს ფორმებს, არ ტოვებს ოფლის ლაქებს, ზედას აქვს გუფკა."	"Beige push-up training set with leopard print, perfectly shapes the body and defines forms, leaves no sweat stains, the top has padding."
"PRODUCT"	"8995439902917"	"title"	"ka"	""	""	"Push-up Crossover Leggings Bomby Black"	"ბომბის შავი ქროსოვერ გამაშები Push-up-ის ეფექტით"
"PRODUCT"	"8995439902917"	"body_html"	"ka"	""	""	"შავი Push-up ელასტიკი, იდეალურად კრავს ტანს და კვეთს ფორმებს.

მასალა: Nylon/Polyester"	"Black Push-up elastic, perfectly hugs the body and defines the shape.

Material: Nylon/Polyester"
"PRODUCT"	"8995439902917"	"meta_title"	"ka"	""	""	"Push-up Crossover Leggings Bomby Black"	"Push-up კროსოვერი ლეგინსები, შავი ბომბი"
"PRODUCT"	"8995439902917"	"meta_description"	"ka"	""	""	"Push-up ელასტიკი წინ ამოჭრილი წელით, იდეალურად კრავს ტანს და კვეთს ფორმებს.მასალა: Nylon/Polyeste"	"Push-up ელასტიკი წინ ამოჭრილი წელით, იდეალურად კრავს ტანს და კვეთს ფორმებს.მასალა: Nylon/Polyester"
"PRODUCT"	"8995440033989"	"title"	"ka"	""	""	"All In One Black Cross"	"ყველაფერი ერთში შავი ჯვარი"
"PRODUCT"	"8995440033989"	"body_html"	"ka"	""	""	"შავი სავარჯიშო კომბინიზონი, აქვს გუფკა.
იდეალურად კრავს ტანს და ვიზუალურად ახდუნებს.
მასალა: Polyester"	"Black workout jumpsuit with sponges.
It perfectly flatters the body and makes it look slimmer.
Material: Polyester"
"PRODUCT"	"8995440033989"	"meta_title"	"ka"	""	""	"All In One Black Cross"	"ყველაფერი ერთში შავი ჯვარი"
"PRODUCT"	"8995440033989"	"meta_description"	"ka"	""	""	"შავი სავარჯიშო კომბინიზონი, აქვს გუფკა. იდეალურად კრავს ტანს და ვიზუალურად ახდუნებს. მასალა: Polyester"	"Black exercise jumpsuit, has sponge. Perfectly wraps the body and visually slims. Material: Polyester"
"PRODUCT"	"8995440099525"	"title"	"ka"	""	""	"Push-up Leggings Bomby Dark Grey"	"Push-up-ის ლეგინსები Bomby მუქი ნაცრისფერი"
"PRODUCT"	"8995440099525"	"body_html"	"ka"	""	""	"სავარჯიშო მაღალწელიანი Push-up ელასტიკი, იდეალურად კრავს ტანს და გამოკვეთს უკანალს.

მასალა: Spandex / Polyester"	"High-waisted push-up exercise elastic, perfectly shapes the body and enhances the buttocks.

Material: Spandex / Polyester"
"PRODUCT"	"8995440099525"	"meta_title"	"ka"	""	""	"Push-up Leggings Bomby Dark Grey"	"აჟღურტილი გამაშები ბომბი, მუქი ნაცრისფერი"
"PRODUCT"	"8995440099525"	"meta_description"	"ka"	""	""	"სავარჯიშო მაღალწელიანი Push-up ელასტიკი, იდეალურად კრავს ტანს და გამოკვეთს უკანალს.მასალა: Spandex / Polyester"	"High-waist Push-up elastic leggings, ideal for a tight fit and buttock-lifting effect. Material: Spandex / Polyester"
"PRODUCT"	"8995440132293"	"title"	"ka"	""	""	"Push-up Leggings Bomby Light Grey"	"აჭიმვადი ლეგინსები Bomby ღია ნაცრისფერი"
"PRODUCT"	"8995440132293"	"body_html"	"ka"	""	""	"Seamless Push-up leggings
• Full-length leggings
• Invisible scrunch bum
•Booty contouring and enhancing

<strong>Material and Care:</strong>
• 90% Nylon, 10% Spandex
• Incredibly soft and seamless, you’ll never want to take it off
• Handle with care when wearing and washing this delicate style"	"უაკერო გამწევი ლეგინსები
• სრული სიგრძის გამაშები
• უხილავი დაჭიმული დუნდულები
• დუნდულების კონტურირება და გაუმჯობესება

<strong>მასალა და მოვლა:</strong>
• 90% ნეილონი, 10% სპანდექსი
• საოცრად რბილი და უნაკერო, არასოდეს მოგინდებათ მისი გახდა
• მოეპყარით სიფრთხილით ამ დელიკატური სტილის ტარებისას და რეცხვისას"
"PRODUCT"	"8995440132293"	"meta_title"	"ka"	""	""	"Push-up Leggings Bomby Light Grey"	"Push-up ლეგინსები Bomby ღია ნაცრისფერი"
"PRODUCT"	"8995440132293"	"meta_description"	"ka"	""	""	"სავარჯიშო მაღალწელიანი Push-up ელასტიკი, იდეალურად კრავს ტანს და გამოკვეთს უკანალს.მასალა: Spandex / Polyester"	"High-waist Push-up elastic leggings, ideal for a tight fit and buttock-lifting effect. Material: Spandex / Polyester"
"PRODUCT"	"8995440165061"	"title"	"ka"	""	""	"მოკლე მაისური Black Moon"	"Short T-shirt Black Moon"
"PRODUCT"	"8995440165061"	"body_html"	"ka"	""	""	"სავარჯიშო მოკლე მაისური,
*გუფკის გარეშე
არ ტოვებს ოფლის ლაქებს
მასალა: Spandex / Polyester"	"Crop top, sports bra,
*No padding
Sweat-wicking fabric
Material: Spandex / Polyester"
"PRODUCT"	"8995440165061"	"meta_title"	"ka"	""	""	"მოკლე მაისური Black Moon"	"Short Top Black Moon"
"PRODUCT"	"8995440165061"	"meta_description"	"ka"	""	""	"მაღალწელიანი უნაკერო ელასტიკი, იდეალურად კრავს ტანს და გამოკვეთს უკანალს.მასალა:: Spandex / Polyester"	"High-waisted seamless elastic, perfectly shapes the body and accentuates the buttocks. Material: Spandex / Polyester"
"PRODUCT"	"8995440197829"	"title"	"ka"	""	""	"Push-up ელასტიკი Purple Panther"	"პუშ-აპ ელასტიკი Purple Panther"
"PRODUCT"	"8995440197829"	"body_html"	"ka"	""	""	"სავარჯიშო მაღალწელიანი Push-up ელასტიკი, იდეალურად კრავს ტანს და გამოკვეთს უკანალს.

მასალა: Spandex / Polyester"	"High-waisted push-up exercise elastic, perfectly shapes the body and enhances the buttocks.

Material: Spandex / Polyester"
"PRODUCT"	"8995440197829"	"meta_title"	"ka"	""	""	"Push-up ელასტიკი Purple Panther"	"პუშ-აპ ელასტიკი Purple Panther"
"PRODUCT"	"8995440197829"	"meta_description"	"ka"	""	""	"სავარჯიშო მაღალწელიანი Push-up ელასტიკი, იდეალურად კრავს ტანს და გამოკვეთს უკანალს.მასალა:: Spandex / Polyester"	"High-waisted push-up elastic exercise leggings, perfectly define the body and highlight the glutes. Material: Spandex / Polyester"
"PRODUCT"	"8995440263365"	"title"	"ka"	""	""	"Push-up Leggings Green Panther"	"აჭიმვადი ლეგინსები მწვანე პანტერა"
"PRODUCT"	"8995440263365"	"body_html"	"ka"	""	""	"სავარჯიშო მაღალწელიანი Push-up ელასტიკი, იდეალურად კრავს ტანს და გამოკვეთს უკანალს.

მასალა: Spandex / Polyester"	"High-waisted push-up exercise elastic, perfectly shapes the body and enhances the buttocks.

Material: Spandex / Polyester"
"PRODUCT"	"8995440263365"	"meta_title"	"ka"	""	""	"Push-up Leggings Green Panther"	"ბუსტ-აპი გამაშები მწვანე პანტერა"
"PRODUCT"	"8995440263365"	"meta_description"	"ka"	""	""	"სავარჯიშო მაღალწელიანი Push-up ელასტიკი, იდეალურად კრავს ტანს და გამოკვეთს უკანალს.მასალა:: Spandex / Polyester"	"High-waisted push-up elastic exercise leggings, perfectly define the body and highlight the glutes. Material: Spandex / Polyester"
"PRODUCT"	"8995440296133"	"title"	"ka"	""	""	"Push-up ელასტიკი Black Effect"	"Push-up ელასტიკი Black Effect"
"PRODUCT"	"8995440296133"	"body_html"	"ka"	""	""	"Push-up ელასტიკი, იდეალურად კრავს ტანს და კვეთს ფორმებს.

მასალა: Nylon/Polyester"	"Push-up ელასტიკი იდეალურად ერგება სხეულს და გამოკვეთს ფორმებს.

მასალა: ნეილონი/პოლიესტერი"
"PRODUCT"	"8995440296133"	"meta_title"	"ka"	""	""	"Push-up ელასტიკი Black Effect"	"ააწიეთ ელასტიური შავი ეფექტი"
"PRODUCT"	"8995440296133"	"meta_description"	"ka"	""	""	"მუქი ლურჯი  ზოლებიამი Push-up ელასტიკი, იდეალურად კრავს ტანს და კვეთს ფორმებს.მასალა: Nylon/Polyester"	"Dark blue striped push-up elastic, perfectly hugs the body and shapes the curves.Material: Nylon/Polyester"
"PRODUCT"	"8995440328901"	"title"	"ka"	""	""	"Push-up ელასტიკი Khaki Effect"	"Push-up ელასტიკი ხაკისფერი ეფექტით"
"PRODUCT"	"8995440328901"	"body_html"	"ka"	""	""	"შავი Push-up ელასტიკი, იდეალურად კრავს ტანს და კვეთს ფორმებს.

მასალა: Nylon/Polyester"	"Black Push-up elastic, perfectly hugs the body and defines the shape.

Material: Nylon/Polyester"
"PRODUCT"	"8995440328901"	"meta_title"	"ka"	""	""	"Push-up ელასტიკი Khaki Effect"	"Push-up ელასტიკი ხაკისფერი ეფექტით"
"PRODUCT"	"8995440328901"	"meta_description"	"ka"	""	""	"მუქი ლურჯი  ზოლებიამი Push-up ელასტიკი, იდეალურად კრავს ტანს და კვეთს ფორმებს.მასალა: Nylon/Polyester"	"Dark blue striped push-up elastic, perfectly hugs the body and shapes the curves.Material: Nylon/Polyester"
"PRODUCT"	"8995440361669"	"title"	"ka"	""	""	"Long Sleeve Crop Top Effect"	"გრძელმკლავიანი მოკლე ტოპის ეფექტი"
"PRODUCT"	"8995440361669"	"body_html"	"ka"	""	""	"სავარჯიშო შავი ზედა, იდეალურად კრავს ტანს და კვეთს ფორმებს, არ ტოვებს ოფლის ლაქებს.

*არ აქვს გუფკა

მასალა: Polyester/Spandex"	"Sports black top, perfectly accentuates the figure and defines forms, leaves no sweat stains.

*No padding

Material: Polyester/Spandex"
"PRODUCT"	"8995440361669"	"meta_title"	"ka"	""	""	"Long Sleeve Crop Top Effect"	"გრძელმკლავიანი მოკლე ტოპის ეფექტი"
"PRODUCT"	"8995440361669"	"meta_description"	"ka"	""	""	"შავი ზედა, იდეალურად კრავს ტანს და კვეთს ფორმებს, არ ტოვებს ოფლის ლაქებს, აქვს გუფკა.მასალა:  Polyester / Spandex"	"Black top, perfectly fits the body and defines the figure, does not leave sweat stains, has sponge padding. Material: Polyester / Spandex"
"PRODUCT"	"8995440394437"	"title"	"ka"	""	""	"გრძელმკლავიანი ზედა Booty Black"	"Long Sleeve Top Booty Black"
"PRODUCT"	"8995440394437"	"body_html"	"ka"	""	""	"სავარჯიშო შავი ზედა, იდეალურად კრავს ტანს და კვეთს ფორმებს, არ ტოვებს ოფლის ლაქებს.

*არ აქვს გუფკა

მასალა: Polyester/Spandex"	"Training black top, perfectly tightens the body and outlines the shapes, does not leave sweat stains.

*No padding

Material: Polyester/Spandex"
"PRODUCT"	"8995440394437"	"meta_title"	"ka"	""	""	"გრძელმკლავიანი ზედა Booty Black"	"Long Sleeve Top Booty Black"
"PRODUCT"	"8995440394437"	"meta_description"	"ka"	""	""	"შავი ზედა, იდეალურად კრავს ტანს და კვეთს ფორმებს, არ ტოვებს ოფლის ლაქებს, აქვს გუფკა.მასალა:  Polyester / Spandex"	"Black top, perfectly fits the body and defines the figure, does not leave sweat stains, has sponge padding. Material: Polyester / Spandex"
"PRODUCT"	"8995440427205"	"title"	"ka"	""	""	"Leggings Aquamarine Butterfly"	"ლეგინსები აკვამარინის პეპელა"
"PRODUCT"	"8995440427205"	"body_html"	"ka"	""	""	"This training Leggings are the ultimate staple, perfect match for any sports bra, crop top, or t-shirt.
• Full length leggings
• High rise fit
• Single tone

Material and Care:
•78% Nylon, 22% Spandex
•For optimal care of this sportswear, follow the care label instructions and use the delicate cycle."	"ეს სატრენინგო ლეგინსები აუცილებელი ატრიბუტია, რომელიც იდეალურად ერწყმის ნებისმიერ სპორტულ ბიუსჰალტერს, მოკლე ტოპს ან მაისურს.
• მთლიანი სიგრძის ლეგინსები
• მაღალწელიანი
• ერთფეროვანი

მასალა და მოვლა:
• 78% ნეილონი, 22% სპანდექსი
• სპორტული ტანსაცმლის ოპტიმალური მოვლისთვის მიჰყევით მოვლის ეტიკეტის ინსტრუქციებს და გამოიყენეთ დელიკატური რეცხვის რეჟიმი."
"PRODUCT"	"8995440427205"	"meta_title"	"ka"	""	""	"Leggings Aquamarine Butterfly"	"ლეჯინსები „აკვამარინი პეპელა“"
"PRODUCT"	"8995440427205"	"meta_description"	"ka"	""	""	"ელასტიური კომპლექტი შორტით, იდეალურად კრავს ტანს და კვეთს ფორმებს,არ ტოვებს ოფლის ლაქებსმასალა: Nylon / Spandex"	"Elastic shorts set, perfectly hugs the body and sculpts forms, leaves no sweat stainsMaterial: Nylon / Spandex"
"PRODUCT"	"8995440459973"	"title"	"ka"	""	""	"შორტი Coral Decollete"	"Short Coral Decollete"
"PRODUCT"	"8995440459973"	"body_html"	"ka"	""	""	"სავარჯიშო შორტი ელასტიკით, იდეალურად კრავს ტანს და კვეთს ფორმებს, არ ტოვებს ოფლის ლაქებს

მასალა: Polyester / Spandex"	"ელასტიკური სავარჯიშო შორტი, იდეალურად ერგება სხეულს და გამოკვეთს ფორმებს, არ ტოვებს ოფლის ლაქებს

მასალა: პოლიესტერი / სპანდექსი"
"PRODUCT"	"8995440459973"	"meta_title"	"ka"	""	""	"შორტი Coral Decollete"	"შორტი Coral Decollete"
"PRODUCT"	"8995440459973"	"meta_description"	"ka"	""	""	"უნაკერო კომპლექტი ელასტიკით, იდეალურად კრავს ტანს და კვეთს ფორმებს, არ ტოვებს ოფლის ლაქებს, ზედას აქვს გუფკა.მასალა: Polyester / Spandex"	"Seamless set with elastic, perfectly hugs the body and sculpts the figure, does not leave sweat stains, the top has sponges. Material: Polyester / Spandex"
"PRODUCT"	"8995440492741"	"title"	"ka"	""	""	"Push-up Shorts Purple Panther"	"აწევის შორტები „მეწამული პანტერა“"
"PRODUCT"	"8995440492741"	"body_html"	"ka"	""	""	"სავარჯიშო Push-up შორტი, იდეალურად კრავს ტანს და გამოკვეთს უკანალს.

წელვადი, არ ლანდავს.

*შორტი არის 1 ზომით პატარა ( S ზომა ერგება Xs-s, M ზომა ერგება S და M ზომას)

მასალა: Spandex / Polyester"	"Push-up შორტი ვარჯიშისთვის, იდეალურად კრავს ტანს და გამოკვეთს უკანალს.

წელვადი, არ ლანდავს.

*შორტი არის 1 ზომით პატარა ( S ზომა ერგება Xs-s, M ზომა ერგება S და M ზომას)

მასალა: Spandex / Polyester"
"PRODUCT"	"8995440492741"	"meta_title"	"ka"	""	""	"Push-up Shorts Purple Panther"	"აჭიმვადი შორტები „იისფერი პანტერა“"
"PRODUCT"	"8995440492741"	"meta_description"	"ka"	""	""	"შავი სავარჯიშო მაღალწელიანი Push-up ორეული, იდეალურად კრავს ტანს და გამოკვეთს უკანალს.წელვადი, არ ლანდავს.მასალა:: Spandex / Polyester"	"Black high-waisted Push-up workout set, perfectly snugs the body and emphasizes the glutes. Stretchy, not see-through. Material: Spandex / Polyester"
"PRODUCT"	"8995440525509"	"title"	"ka"	""	""	"Push-up Flared Leggings Marble"	"აჭიმვადი ფართოფეხება ლეგინსები (მარმარილოსფერი)"
"PRODUCT"	"8995440525509"	"body_html"	"ka"	""	""	"Seamless Push-up Flared leggings
• Full-length flared leggings
• Invisible scrunch bum
• Booty contouring and enhancing
• High waist

Material and Care:
• 90% Nylon, 10% Spandex
• Incredibly soft and seamless, you’ll never want to take it off
• Handle with care when wearing and washing this delicate style"	"უკერო აწევის ეფექტიანი გაშლილი ლეგინსები
• მთლიანი სიგრძის გაშლილი ლეგინსები
• უხილავი ნაკეცი დუნდულებზე
• დუნდულების კონტურის გამოკვეთა და მოცულობის გაზრდა
• მაღალი წელი

მასალა და მოვლა:
• 90% ნეილონი, 10% სპანდექსი
• საოცრად რბილი და უნაკერო, არასოდეს მოგინდებათ მისი გახდა
• მოვლა სიფრთხილით ამ დელიკატური სტილის ტარების და გარეცხვის დროს"
"PRODUCT"	"8995440525509"	"meta_title"	"ka"	""	""	"Push-up Flared Leggings Marble"	"აჭიმვადი გაშლილი ლეგინსები მარმარილოს ეფექტით"
"PRODUCT"	"8995440525509"	"meta_description"	"ka"	""	""	"სავარჯიშო მაღალწელიანი Push-up შარვალი შლაქსი, იდეალურად კრავს ტანს და გამოკვეთს უკანალს.მასალა:: Spandex / Polyester"	"High-waisted push-up leggings, ideal for shaping the body and enhancing the buttocks. Material: Spandex / Polyester"
"PRODUCT"	"8995440591045"	"title"	"ka"	""	""	"Push-up Leggings Olive V"	"აჭიმვადი ლეგინსები, ზეთისხილისფერი V"
"PRODUCT"	"8995440591045"	"body_html"	"ka"	""	""	"Seamless Push-up leggings
• low V-shape at the back
• Contoured back waistband to enhance and flatter curves
• Scrunch detailing at the back for a sculpted look
• Seamless front for a smooth, clean appearance
• Full-length
Material and Care:
• 75% Nylon, 25% Spandex
• Incredibly soft and seamless, you’ll never want to take it off
• Handle with care when wearing and washing this delicate style"	"უწყვეტი პუშ-აპი ლეგინსები
• დაბალი V-ფორმის ზურგი
• კონტურული უკანა წელის ზოლი ფიგურის გასაუმჯობესებლად
• ნაკეცები უკანა მხარეს ფორმის უკეთ გამოსაკვეთად
• უნაკერო წინა ნაწილი გლუვი, დახვეწილი იერისთვის
• სრული სიგრძე
მასალა და მოვლა:
• 75% ნეილონი, 25% სპანდექსი
• საოცრად რბილი და უნაკერო, არასდროს მოგინდებათ მისი გახდა
• მოუფრთხილდით ტარებისას და რეცხვისას, რადგან დელიკატური სტილისაა"
"PRODUCT"	"8995440591045"	"meta_title"	"ka"	""	""	"Push-up Leggings Olive V"	"აჭიმვადი ლეგინსები, ზეთისხილისფერი V"
"PRODUCT"	"8995440591045"	"meta_description"	"ka"	""	""	"მუქი მწვანე  Push-up ლეგინსი უკან ამოჭრილი წელით, იდეალურად კრავს ტანს და კვეთს ფორმებს.მასალა: Nylon/Polyester"	"Dark Green Push-up Leggings with a cut-out waist, perfectly hugs the body and sculpts the forms. Material: Nylon/Polyester"
"PRODUCT"	"8995440623813"	"title"	"ka"	""	""	"Push-up Leggings Dark Brown V"	"აჭიმვადი ლეგინსები, მუქი ყავისფერი V"
"PRODUCT"	"8995440623813"	"body_html"	"ka"	""	""	"Seamless Push-up leggings
• low V-shape at the back
• Contoured back waistband to enhance and flatter curves
• Scrunch detailing at the back for a sculpted look
• Seamless front for a smooth, clean appearance
• Full-length
Material and Care:
• 75% Nylon, 25% Spandex
• Incredibly soft and seamless, you’ll never want to take it off
• Handle with care when wearing and washing this delicate style

"	"უწყვეტი პუშ-აპ ლეგინსი
• დაბალი V-ფორმის უკანა მხარე
• უკანა მხარეს გამოკვეთილი წელი ფორმების გასაუმჯობესებლად
• უკანა მხარეს ნაკეცები გამოძერწილი შესახედაობისთვის
• უწყვეტი წინა მხარე გლუვი, სუფთა იერსახისთვის
• სრული სიგრძე
მასალა და მოვლა:
• 75% ნეილონი, 25% სპანდექსი
• წარმოუდგენლად რბილი და უწყვეტი, არასოდეს მოგინდებათ მისი გახდა
• ფრთხილად მოეპყარით ამ დელიკატურ სტილს ჩაცმისა და რეცხვის დროს

"
"PRODUCT"	"8995440623813"	"meta_title"	"ka"	""	""	"Push-up Leggings Dark Brown V"	"აჭიმვადი ლეგინსები მუქი ყავისფერი V"
"PRODUCT"	"8995440623813"	"meta_description"	"ka"	""	""	"მუქი ყავისფერი Push-up ელასტიკი უკან ამოჭრილი წელით, იდეალურად კრავს ტანს და კვეთს ფორმებს.მასალა: Nylon/Polyester ამოჭრილი წელიანი ელასტიკი, ელასტიკი ამოჭრილი წელით"	"Dark Brown Push-up leggings with cut-out waist, perfectly hugs and shapes the body.Material: Nylon/Polyester Cut-out waist leggings, leggings with cut-out waist"
"PRODUCT"	"8995440656581"	"title"	"ka"	""	""	"Push-up Leggings White V"	"აჭიმვადი ლეგინსები თეთრი V"
"PRODUCT"	"8995440656581"	"body_html"	"ka"	""	""	"Seamless Push-up leggings
• low V-shape at the back
• Contoured back waistband to enhance and flatter curves
• Scrunch detailing at the back for a sculpted look
• Seamless front for a smooth, clean appearance
• Full-length
Material and Care:
• 75% Nylon, 25% Spandex
• Incredibly soft and seamless, you’ll never want to take it off
• Handle with care when wearing and washing this delicate style"	"უწყვეტი პუშ-აპი ლეგინსები
• დაბალი V-ფორმის ზურგი
• კონტურული უკანა წელის ზოლი ფიგურის გასაუმჯობესებლად
• ნაკეცები უკანა მხარეს ფორმის უკეთ გამოსაკვეთად
• უნაკერო წინა ნაწილი გლუვი, დახვეწილი იერისთვის
• სრული სიგრძე
მასალა და მოვლა:
• 75% ნეილონი, 25% სპანდექსი
• საოცრად რბილი და უნაკერო, არასდროს მოგინდებათ მისი გახდა
• მოუფრთხილდით ტარებისას და რეცხვისას, რადგან დელიკატური სტილისაა"
"PRODUCT"	"8995440656581"	"meta_title"	"ka"	""	""	"Push-up Leggings White V"	"აჭიმვადი ლეგინსი, თეთრი V-ფორმის"
"PRODUCT"	"8995440656581"	"meta_description"	"ka"	""	""	"თეთრი Push-up ელასტიკი უკან ამოჭრილი წელით, იდეალურად კრავს ტანს და კვეთს ფორმებს.მასალა: Nylon/Polyester ამოჭრილი ელასტიკი, ამოჭრილი თეთრი ელასტიკი"	"White Push-up elastic with cut-out back, perfectly hugs the body and accentuates curves. Material: Nylon/Polyester cut-out elastic, cut-out white elastic"
"PRODUCT"	"8995440722117"	"title"	"ka"	""	""	"Push-up Shorts Bomby Khaki"	"აჭიმვადი შორტი „ბომბი“ ხაკისფერი"
"PRODUCT"	"8995440722117"	"body_html"	"ka"	""	""	"Seamless Push-up Shorts
• Bike Shorts
• Invisible scrunch bum
•Booty contouring and enhancing

<strong>Material and Care:</strong>
• 90% Nylon, 10% Spandex
• Incredibly soft and seamless, you’ll never want to take it off
• Handle with care when wearing and washing this delicate style"	"<span>• უნაკლო პუშ-აპ შორტები
• ველო შორტები
• უხილავი „სქრანჩ ბამი“ (scrunch bum)
• დუნდულების კონტურის გაუმჯობესება და გამოკვეთა
<br>
<br><strong>მასალა და მოვლა:</strong>
• 90% ნეილონი, 10% სპანდექსი
• წარმოუდგენლად რბილი და უნაკლო, არ მოგინდებათ მისი გახდა
• ფრთხილად მოეპყარით ამ ნაზ სტილს ტარებისა და რეცხვის დროს</span>"
"PRODUCT"	"8995440722117"	"meta_title"	"ka"	""	""	"Push-up Shorts Bomby Khaki"	"აჭიმვადი შორტები Bomby ხაკისფერი"
"PRODUCT"	"8995440722117"	"meta_description"	"ka"	""	""	"სავარჯიშო მაღალწელიანი Push-up შორტი, იდეალურად კრავს ტანს და გამოკვეთს უკანალს.მასალა: Spandex / Polyester"	"High-waist Push-up shorts for workout, perfectly snugs the body and accentuates the butt. Material: Spandex / Polyester"
"PRODUCT"	"8995440754885"	"title"	"ka"	""	""	"Leggings Olive Classic"	"ელასტიკი ზეთისხილისფერი კლასიკი"
"PRODUCT"	"8995440754885"	"body_html"	"ka"	""	""	"სავარჯიშო მაღალწელიანი ელასტიკი, იდეალურად კრავს ტანს და გამოკვეთს უკანალს.

მასალა: Spandex / Polyester"	"High-waisted elastic workout leggings that perfectly hug the body and accentuate the buttocks.

Material: Spandex / Polyester"
"PRODUCT"	"8995440754885"	"meta_title"	"ka"	""	""	"Leggings Olive Classic"	"ლეგინსები ზეთისხილისფერი კლასიკური"
"PRODUCT"	"8995440754885"	"meta_description"	"ka"	""	""	"ხაკისფერი სავარჯიშო მაღალწელიანი ელასტიკი, იდეალურად კრავს ტანს და გამოკვეთს უკანალს.მასალა: Spandex / Polyester"	"Khaki high-waisted elastic training leggings, perfectly hugs the body and accentuates the buttocks. Material: Spandex / Polyester"
"PRODUCT"	"8995440787653"	"title"	"ka"	""	""	"Leggings Sand Classic"	"ელასტიკები ""სენდ ქლასიკი"""
"PRODUCT"	"8995440787653"	"body_html"	"ka"	""	""	"• Full-length leggings
•Booty contouring and enhancing

Material and Care:
• 75% Nylon, 25% Spandex
• Incredibly soft and seamless, you’ll never want to take it off
• Handle with care when wearing and washing this delicate style"	"• სრული სიგრძის ლეგინსები
• დუნდულების კონტურის გაუმჯობესება და გამოკვეთა

მასალა და მოვლა:
• 75% ნეილონი, 25% სპანდექსი
• წარმოუდგენლად რბილი და უნაკერო, არასდროს მოგინდებათ მისი გახდა
• ამ დელიკატური სტილის ტარებისას და რეცხვისას მოექეცით სიფრთხილით"
"PRODUCT"	"8995440787653"	"meta_title"	"ka"	""	""	"Leggings Sand Classic"	"ქალის გამაშები „ქვიშისფერი კლასიკი“"
"PRODUCT"	"8995440787653"	"meta_description"	"ka"	""	""	"სავარჯიშო მაღალწელიანი ელასტიკი, იდეალურად კრავს ტანს და გამოკვეთს უკანალს.მასალა: Spandex / Polyester ლეგინსი ფუშაფის გარეშე/ ღია ლეგინსი, ღია ელასტიკი"	"High-waist elastic workout leggings, perfect for shaping the body and enhancing the buttocks. Material: Spandex / Polyester. Leggings without push-up / open leggings, open elastic."
"PRODUCT"	"8995440820421"	"title"	"ka"	""	""	"Leggings Cocoa Classic"	"ქალის კოლგოტი Cocoa Classic"
"PRODUCT"	"8995440820421"	"body_html"	"ka"	""	""	"• Full-length leggings
•Booty contouring and enhancing

Material and Care:
• 75% Nylon, 25% Spandex
• Incredibly soft and seamless, you’ll never want to take it off
• Handle with care when wearing and washing this delicate style"	"• სრული სიგრძის ლეგინსები
• უკანალის ფორმისა და ზომის გაუმჯობესება

მასალა და მოვლა:
• 75% ნეილონი, 25% სპანდექსი
• წარმოუდგენლად რბილი და უნაკერო, არასოდეს მოგინდებათ მისი გახდა
• ამ დელიკატური სტილის ტარებისას და რეცხვისას სიფრთხილე გამოიჩინეთ"
"PRODUCT"	"8995440820421"	"meta_title"	"ka"	""	""	"Leggings Cocoa Classic"	"კაკაოსფერი კლასიკური ლეგინსები"
"PRODUCT"	"8995440820421"	"meta_description"	"ka"	""	""	"შავი სავარჯიშო მაღალწელიანი ელასტიკი, იდეალურად კრავს ტანს და გამოკვეთს უკანალს.მასალა: Spandex / Polyester"	"High-waisted black workout leggings, perfectly flatters the figure and accentuates the glutes.
Material: Spandex / Polyester"
"PRODUCT"	"8995440885957"	"title"	"ka"	""	""	"Leggings Grey Classic"	"ლეჯინსები, ნაცრისფერი, კლასიკური"
"PRODUCT"	"8995440885957"	"body_html"	"ka"	""	""	"• Full-length leggings
•Booty contouring and enhancing

Material and Care:
• 75% Nylon, 25% Spandex
• Incredibly soft and seamless, you’ll never want to take it off
• Handle with care when wearing and washing this delicate style"	"• მთელ სიგრძეზე ლეგინსები
• უკანალის კონტურის გაუმჯობესება და გამოკვეთა

მასალა და მოვლა:
• 75% ნეილონი, 25% სპანდექსი
• წარმოუდგენლად რბილი და ნაკერების გარეშე - არასოდეს მოგინდებათ მისი გახდა
• ფრთხილად მოეპყარით ამ ნაზ სტილს ტარებისას და რეცხვისას"
"PRODUCT"	"8995440885957"	"meta_title"	"ka"	""	""	"Leggings Grey Classic"	"ელასტიკი რუხი კლასიკური"
"PRODUCT"	"8995440885957"	"meta_description"	"ka"	""	""	"თეთრი სავარჯიშო ელასტიკი, თეთრი ელასტიკი. თეთრი ლეგინსი, თეთრი ლასინი, იდეალურად კრავს ტანს და გამოკვეთს უკანალს.მასალა: Spandex / Polyester"	"White Workout Elastic, White Elastic. White leggings, white laces, perfectly hugs the body and accentuates the buttocks. Material: Spandex / Polyester"
"PRODUCT"	"8995440918725"	"title"	"ka"	""	""	"Leggings Barbie Pink Classic"	"ელასტიკი Barbie Pink Classic"
"PRODUCT"	"8995440918725"	"body_html"	"ka"	""	""	"• Full-length leggings
•Booty contouring and enhancing

Material and Care:
• 75% Nylon, 25% Spandex
• Incredibly soft and seamless, you’ll never want to take it off
• Handle with care when wearing and washing this delicate style"	"• სრული სიგრძის ლეგინსები
• დუნდულების კონტურის გამკვეთება და გაუმჯობესება

მასალა და მოვლა:
• 75% ნეილონი, 25% სპანდექსი
• წარმოუდგენლად რბილი და უნაკერო, არასოდეს მოგინდებათ მისი გახდა
• ფრთხილად მოეპყარით ამ ნაზ სტილს ტარებისა და გარეცხვისას"
"PRODUCT"	"8995440918725"	"meta_title"	"ka"	""	""	"Leggings Barbie Pink Classic"	"ქალის ლოკინები Barbie ვარდისფერი კლასიკური"
"PRODUCT"	"8995440918725"	"meta_description"	"ka"	""	""	"ღია ვარდისფერი ელასტიკი, იდეალურად კრავს ტანს და გამოკვეთს უკანალს.მასალა: Spandex / Polyester"	"Light pink elastic, perfectly hugs the body and accentuates the buttocks. Material: Spandex / Polyester"
"PRODUCT"	"8995440984261"	"title"	"ka"	""	""	"Invisible Push-up Leggings Black Butterfly"	"უხილავი პუშ-აპი ლეგინსები შავი პეპელა"
"PRODUCT"	"8995440984261"	"body_html"	"ka"	""	""	"This training Leggings are the ultimate staple, perfect match for any sports bra, crop top, or t-shirt.
• Full length leggings
• High rise fit
• Single tone

<strong>Material and Care:</strong>
•78% Nylon, 22% Spandex
•For optimal care of this sportswear, follow the care label instructions and use the delicate cycle."	"ეს სავარჯიშო გამაშები უმაღლესი ხარისხის, სრულყოფილი წყვილია ნებისმიერი სპორტული ბიუსტჰალტერისთვის, ტოპისთვის ან მაისურისთვის.
• გრძელი გამაშები
• მაღალწელიანი
• სადა ფერი

<strong>მასალა და მოვლა:</strong>
• 78% ნეილონი, 22% სპანდექსი
• ამ სპორტული ტანსაცმლის ოპტიმალური მოვლისთვის, მიჰყევით მოვლის ეტიკეტის ინსტრუქციებს და გამოიყენეთ დელიკატური რეჟიმი."
"PRODUCT"	"8995440984261"	"meta_title"	"ka"	""	""	"Invisible Push-up Leggings Black Butterfly"	"უხილავი პუშ-აპი ლეგინსები, შავი პეპელა"
"PRODUCT"	"8995440984261"	"meta_description"	"ka"	""	""	"შავი სავარჯიშო მაღალწელიანი ელასტიკი, იდეალურად კრავს ტანს და გამოკვეთს უკანალს.მასალა: Spandex / Polyester"	"High-waisted black workout leggings, perfectly flatters the figure and accentuates the glutes.
Material: Spandex / Polyester"
"PRODUCT"	"8995441017029"	"title"	"ka"	""	""	"Push-up All In One Goal"	"აირჩიე ყველა დანიშნულების მიზანი"
"PRODUCT"	"8995441017029"	"body_html"	"ka"	""	""	"სავარჯიშო Push-up კომბინიზონი, იდეალურად კრავს ტანს და გამოკვეთს უკანალს.

*ზედა ნაწილს აქვს გუფკა
მასალა: Spandex / Polyester"	"Exercise Push-up jumpsuit, perfectly snugs the body and accentuates the buttocks.

*The top part has sponge pads
Material: Spandex / Polyester"
"PRODUCT"	"8995441017029"	"meta_title"	"ka"	""	""	"Push-up All In One Goal"	"აწევები - ერთიანი მიზანი"
"PRODUCT"	"8995441017029"	"meta_description"	"ka"	""	""	"სავარჯიშო Push-up კომბინიზონი, იდეალურად კრავს ტანს და გამოკვეთს უკანალს.მასალა: Spandex / Polyester"	"Push-up-ის სავარჯიშო კომბინიზონი, იდეალურად კრავს ტანს და გამოკვეთს უკანალს. მასალა: სპანდექსი / პოლიესტერი"
"PRODUCT"	"8995441049797"	"title"	"ka"	""	""	"Flared All In One White Podium"	"გაშლილი კომბინეზონი, თეთრი პოდიუმი"
"PRODUCT"	"8995441049797"	"body_html"	"ka"	""	""	"თეთრი სავარჯიშო კომბინიზონი, აქვს გუფკა.
იდეალურად კრავს ტანს და ვიზუალურად ახდუნებს.
მასალა: Polyester"	"White exercise jumpsuit, has sponge.
It perfectly flatters the body and makes it look slimmer.
Material: Polyester"
"PRODUCT"	"8995441049797"	"meta_title"	"ka"	""	""	"Flared All In One White Podium"	"გაშლილი ქვედაბოლოიანი კომბინეზონი, თეთრი"
"PRODUCT"	"8995441049797"	"meta_description"	"ka"	""	""	"თეთრი სავარჯიშო კომბინიზონი შლაქსით, აქვს გუფკა. იდეალურად კრავს ტანს და ვიზუალურად ახდუნებს. მასალა: Polyester, შლაქსი კომბინიზონი, თეთრი შლაქსის კომბინიზონი, თეთრი კომბინიზონი"	"White workout jumpsuit with flare, has padding. Perfectly snugs the body and visually slims. Material: Polyester, flared jumpsuit, white flared jumpsuit, white jumpsuit"
"PRODUCT"	"8995441082565"	"title"	"ka"	""	""	"Push-up All In One Rose Bomb"	"Push-up All In One Rose Bomb"
"PRODUCT"	"8995441082565"	"body_html"	"ka"	""	""	"Short Push-up jumpsuit is designed to enhance your curves and provide maximum support, offering a chic, sophisticated look.
• Built-in shelf bra with two layers and removable cups provides extra support
• Crossover straps at the back
•Invisible scrunch bum

<strong>Material and Care:</strong>
• 90% Nylon, 10% Spandex
• For optimal care of this sportswear, follow the care label instructions and use the delicate cycle."	"<p>მოკლე ზუმფსუტი „პუშ-აპ“ დიზაინით შექმნილია თქვენი სხეულის ხაზების უკეთ გამოსაჩენად და მაქსიმალური მხარდაჭერის უზრუნველსაყოფად, გთავაზობთ ელეგანტურ, დახვეწილ იერს.</p>
<p>• ჩაშენებული ორფენიანი ბიუსტჰალტერი მოსახსნელი ღრუბლებით დამატებით მხარდაჭერას უზრუნველყოფს</p>
<p>• ჯვარედინი ზოლები ზურგზე</p>
<p>• უხილავი ნაოჭები უკანალზე</p>

<p><strong>მასალა და მოვლა:</strong></p>
<p>• 90% ნეილონი, 10% სპანდექსი</p>
<p>• ამ სპორტული ტანსაცმლის ოპტიმალური მოვლისთვის მიჰყევით მოვლის ეტიკეტზე მითითებებს და გამოიყენეთ დელიკატური რეცხვის რეჟიმი.</p>"
"PRODUCT"	"8995441082565"	"meta_title"	"ka"	""	""	"Push-up All In One Rose Bomb"	"Push-up All In One Rose Bomb"
"PRODUCT"	"8995441082565"	"meta_description"	"ka"	""	""	"მოკლე სავარჯიშო კომბინიზონი. იდეალურად კრავს ტანს, ვიზუალურად ახდუნებს და გამოკვეთს ფორმებს.მასალა: Polyester/Spandex"	"Short exercise jumpsuit. Ideally snugs the body, visually slims, and accentuates forms. Material: Polyester/Spandex"
"PRODUCT"	"8995441115333"	"title"	"ka"	""	""	"Push-up All In One Brown Bomb"	"ბიუსტჰალტერი Push-up „All In One“ ყავისფერი Bomb"
"PRODUCT"	"8995441115333"	"body_html"	"ka"	""	""	"Short Push-up jumpsuit is designed to enhance your curves and provide maximum support, offering a chic, sophisticated look.
• Built-in shelf bra with two layers and removable cups provides extra support
• Crossover straps at the back
•Invisible scrunch bum

<strong>Material and Care:</strong>
• 90% Nylon, 10% Spandex
• For optimal care of this sportswear, follow the care label instructions and use the delicate cycle."	"<p>მოკლე ზუმფსუტი „პუშ-აპ“ დიზაინით შექმნილია თქვენი სხეულის ხაზების უკეთ გამოსაჩენად და მაქსიმალური მხარდაჭერის უზრუნველსაყოფად, გთავაზობთ ელეგანტურ, დახვეწილ იერს.</p>
<p>• ჩაშენებული ორფენიანი ბიუსტჰალტერი მოსახსნელი ღრუბლებით დამატებით მხარდაჭერას უზრუნველყოფს</p>
<p>• ჯვარედინი ზოლები ზურგზე</p>
<p>• უხილავი ნაოჭები უკანალზე</p>

<p><strong>მასალა და მოვლა:</strong></p>
<p>• 90% ნეილონი, 10% სპანდექსი</p>
<p>• ამ სპორტული ტანსაცმლის ოპტიმალური მოვლისთვის მიჰყევით მოვლის ეტიკეტზე მითითებებს და გამოიყენეთ დელიკატური რეცხვის რეჟიმი.</p>"
"PRODUCT"	"8995441115333"	"meta_title"	"ka"	""	""	"Push-up All In One Brown Bomb"	"ბიუსტჰალტერი Push-up „All In One“ ყავისფერი Bomb"
"PRODUCT"	"8995441115333"	"meta_description"	"ka"	""	""	"მოკლე სავარჯიშო კომბინიზონი. იდეალურად კრავს ტანს, ვიზუალურად ახდუნებს და გამოკვეთს ფორმებს.მასალა: Polyester/Spandex"	"Short exercise jumpsuit. Ideally snugs the body, visually slims, and accentuates forms. Material: Polyester/Spandex"
"PRODUCT"	"8995441180869"	"title"	"ka"	""	""	"Push-up შარვალი Black Cosmos"	"Push-up შარვალი Black Cosmos"
"PRODUCT"	"8995441180869"	"body_html"	"ka"	""	""	"სავარჯიშო შლაქსის Push-up შარვალი, იდეალურად კრავს ტანს და გამოკვეთს უკანალს.

მასალა: Spandex / Polyester"	"Push-up შარვალი (შლაქსი), რომელიც იდეალურად კრავს ტანს და გამოკვეთს უკანალს.

მასალა: Spandex / Polyester"
"PRODUCT"	"8995441180869"	"meta_title"	"ka"	""	""	"Push-up შარვალი Black Cosmos"	"Push-up შარვალი Black Cosmos"
"PRODUCT"	"8995441180869"	"meta_description"	"ka"	""	""	"სავარჯიშო მაღალწელიანი Push-up ელასტიკი, იდეალურად კრავს ტანს და გამოკვეთს უკანალს.მასალა:: Spandex / Polyester"	"High-waisted push-up elastic exercise leggings, perfectly define the body and highlight the glutes. Material: Spandex / Polyester"
"PRODUCT"	"8995441213637"	"title"	"ka"	""	""	"Sports Bra Black Illusion"	"სპორტული ბიუსტჰალტერი შავი ილუზია"
"PRODUCT"	"8995441213637"	"body_html"	"ka"	""	""	"შავი სავარჯიშო ტოპი, აქვს გუფკა.
მასალა: Spandex / Polyester"	"Black sports top, with sponge.
Material: Spandex / Polyester"
"PRODUCT"	"8995441213637"	"meta_title"	"ka"	""	""	"Sports Bra Black Illusion"	"სპორტული ბიუსტჰალტერი შავი ილუზია"
"PRODUCT"	"8995441213637"	"meta_description"	"ka"	""	""	"თეთრი ელასტიური სავარჯიშო ტოპი ბადით, აქვს გუფკა.მასალა: Spandex / Polyester"	"White elastic workout top with mesh, padded. Material: Spandex / Polyester"
"PRODUCT"	"8995441279173"	"title"	"ka"	""	""	"Sports Bra Red Illusion"	"სპორტული ბიუსტჰალტერი წითელი ილუზია"
"PRODUCT"	"8995441279173"	"body_html"	"ka"	""	""	"წითელი სავარჯიშო ტოპი, აქვს გუფკა.
მასალა: Spandex / Polyester"	"Red workout top with sponge pads.
Material: Spandex / Polyester"
"PRODUCT"	"8995441279173"	"meta_title"	"ka"	""	""	"Sports Bra Red Illusion"	"სპორტული ბიუსტჰალტერი წითელი ილუზია"
"PRODUCT"	"8995441279173"	"meta_description"	"ka"	""	""	"წითელი ელასტიური ტოპი , აქვს გუფკა.მასალა: Spandex / Polyester"	"Red elastic top with sponges. Material: Spandex / Polyester"
"PRODUCT"	"8995441311941"	"title"	"ka"	""	""	"Push-up Leggings Brown V"	"აჭიმვადი ლეგინსები, ყავისფერი V"
"PRODUCT"	"8995441311941"	"body_html"	"ka"	""	""	"სავარჯიშო Push-up ელასტიკი ამოჭრილი წელით, იდეალურად კრავს ტანს და გამოკვეთს უკანალს.

მასალა: Spandex / Polyester"	"Push-up ელასტიკური სავარჯიშო შარვალი ამოჭრილი წელით, იდეალურად ერგება სხეულს და გამოკვეთს დუნდულებს.

მასალა: Spandex / Polyester"
"PRODUCT"	"8995441311941"	"meta_title"	"ka"	""	""	"Push-up Leggings Brown V"	"პუშ-აპი ლეგინსები, ყავისფერი V"
"PRODUCT"	"8995441311941"	"meta_description"	"ka"	""	""	"სავარჯიშო Push-up ელასტიკი ამოჭრილი წელით, იდეალურად კრავს ტანს და გამოკვეთს უკანალს.მასალა: Spandex / Polyester ამოჭრილი ელასტიკი"	"Push-up-ის სავარჯიშო შარვალი ამოჭრილი წელით, იდეალურად კრავს ტანს და გამოკვეთს უკანალს. მასალა: Spandex / Polyester ამოჭრილი ელასტიკი."
"PRODUCT"	"8995441377477"	"title"	"ka"	""	""	"Push-up Leggings Bomby Dark Green"	"ქალის ლეგინსები აზიდვის ეფექტით Bomby მუქი მწვანე"
"PRODUCT"	"8995441377477"	"body_html"	"ka"	""	""	"Seamless Push-up leggings
• Full-length leggings
• Invisible scrunch bum
•Booty contouring and enhancing

<strong>Material and Care:</strong>
• 90% Nylon, 10% Spandex
• Incredibly soft and seamless, you’ll never want to take it off
• Handle with care when wearing and washing this delicate style"	"უაკერო გამწევი ლეგინსები
• სრული სიგრძის გამაშები
• უხილავი დაჭიმული დუნდულები
• დუნდულების კონტურირება და გაუმჯობესება

<strong>მასალა და მოვლა:</strong>
• 90% ნეილონი, 10% სპანდექსი
• საოცრად რბილი და უნაკერო, არასოდეს მოგინდებათ მისი გახდა
• მოეპყარით სიფრთხილით ამ დელიკატური სტილის ტარებისას და რეცხვისას"
"PRODUCT"	"8995441377477"	"meta_title"	"ka"	""	""	"Push-up Leggings Bomby Dark Green"	"ქუსლზე წამოწეული ელასტიკები ბომბი მუქი მწვანე"
"PRODUCT"	"8995441377477"	"meta_description"	"ka"	""	""	"სავარჯიშო მაღალწელიანი მქვანე Push-up ელასტიკი, იდეალურად კრავს ტანს და გამოკვეთს უკანალს.მასალა: Spandex / Polyester"	"High-waisted push-up leggings, perfectly sculpts the body and emphasizes the glutes. Material: Spandex / Polyester"
"PRODUCT"	"8995441410245"	"title"	"ka"	""	""	"Push-up Leggings Red V"	"აღმწევი (Push-up) ლეგინსები, წითელი V"
"PRODUCT"	"8995441410245"	"body_html"	"ka"	""	""	"ყავისფერი Push-up ელასტიკი უკან ამოჭრილი წელით, იდეალურად კრავს ტანს და კვეთს ფორმებს.

მასალა: Nylon/Polyester"	"Brown Push-up elastic with a cut-out waist, perfectly hugs the body and defines the forms.

Material: Nylon/Polyester"
"PRODUCT"	"8995441410245"	"meta_title"	"ka"	""	""	"Push-up Leggings Red V"	"აჭიმვადი ლეგინსები, წითელი V"
"PRODUCT"	"8995441410245"	"meta_description"	"ka"	""	""	"წითელი Push-up ელასტიკი, იდეალურად კრავს ტანს და კვეთს ფორმებს.მასალა: Nylon/Polyester ამოჭრილი წელიანი ელასტიკი, ელასტიკი უკან ამოჭრელი წელით."	"Red push-up elastic, perfectly hugs the body and sculpts the figure. Material: Nylon/Polyester. High-waisted elastic, elastic with a high waist at the back."
"PRODUCT"	"8995441443013"	"title"	"ka"	""	""	"Push-up Leggings Rose V"	"აჟღენთილი ლეგინსები Rose V"
"PRODUCT"	"8995441443013"	"body_html"	"ka"	""	""	"Seamless Push-up leggings
• low V-shape at the back
• Contoured back waistband to enhance and flatter curves
• Scrunch detailing at the back for a sculpted look
• Seamless front for a smooth, clean appearance
• Full-length
Material and Care:
• 75% Nylon, 25% Spandex
• Incredibly soft and seamless, you’ll never want to take it off
• Handle with care when wearing and washing this delicate style"	"უწყვეტი პუშ-აპი ლეგინსები
• დაბალი V-ფორმის ზურგი
• კონტურული უკანა წელის ზოლი ფიგურის გასაუმჯობესებლად
• ნაკეცები უკანა მხარეს ფორმის უკეთ გამოსაკვეთად
• უნაკერო წინა ნაწილი გლუვი, დახვეწილი იერისთვის
• სრული სიგრძე
მასალა და მოვლა:
• 75% ნეილონი, 25% სპანდექსი
• საოცრად რბილი და უნაკერო, არასდროს მოგინდებათ მისი გახდა
• მოუფრთხილდით ტარებისას და რეცხვისას, რადგან დელიკატური სტილისაა"
"PRODUCT"	"8995441443013"	"meta_title"	"ka"	""	""	"Push-up Leggings Rose V"	"აჭიმვადი ლეგინსები Rose V"
"PRODUCT"	"8995441443013"	"meta_description"	"ka"	""	""	"ჟოლოსფერი Push-up ელასტიკი, იდეალურად კრავს ტანს და კვეთს ფორმებს.მასალა: Nylon/Polyester ამოჭრილი წელიანი ელასტიკი, ელასტიკი უკან ამოჭრელი წელით."	"ჟოლოსფერი Push-up ელასტიკი, იდეალურად კრავს ტანს და აყალიბებს ფორმებს. მასალა: ნეილონი/პოლიესტერი. მაღალწელიანი ელასტიკი, უკან ამოჭრილი წელით."
"PRODUCT"	"8995441475781"	"title"	"ka"	""	""	"Push-up Shorts Pink Marble"	"ამწევი შორტები ვარდისფერი მარმარილოსებური"
"PRODUCT"	"8995441475781"	"body_html"	"ka"	""	""	"Seamless Push-up Shorts
• Invisible scrunch bum
•Booty contouring and enhancing

Material and Care:
• 90% Nylon, 10% Spandex
• Incredibly soft and seamless, you’ll never want to take it off
• Handle with care when wearing and washing this delicate style"	"უკერო აზიდვის ეფექტის მქონე შორტები
• უხილავი ნაკერები უკანალზე
• დუნდულების კონტურირება და გაუმჯობესება

მასალა და მოვლა:
• 90% ნეილონი, 10% სპანდექსი
• წარმოუდგენლად რბილი და უკერო, არასოდეს მოგინდებათ მისი გახდა
• გამოიჩინეთ სიფრთხილე ამ ნაზი სტილის ტარებისას და რეცხვისას"
"PRODUCT"	"8995441475781"	"meta_title"	"ka"	""	""	"Push-up Shorts Pink Marble"	"Push-up შორტები, ვარდისფერი მარმარილო"
"PRODUCT"	"8995441475781"	"meta_description"	"ka"	""	""	"სავარჯიშო მაღალწელიანი Push-up შორტი, იდეალურად კრავს ტანს და გამოკვეთს უკანალს.მასალა:: Spandex / Polyester"	"High-waisted push-up shorts that perfectly hug your body and accentuate your butt. Material: Spandex / Polyester"
"PRODUCT"	"8995441508549"	"title"	"ka"	""	""	"Sports Bra Black Mood"	"სპორტული ბიუსტჰალტერი შავი Mood"
"PRODUCT"	"8995441508549"	"body_html"	"ka"	""	""	"ელასტიური სავარჯიშო ტოპი, აქვს გუფკა.
მასალა: Spandex / Polyester"	"ელასტიური სავარჯიშო ტოპი, მოყვება გუფკა.
მასალა: სპანდექსი / პოლიესტერი"
"PRODUCT"	"8995441508549"	"meta_title"	"ka"	""	""	"Sports Bra Black Mood"	"სპორტული ბიუსტჰალტერი Black Mood"
"PRODUCT"	"8995441508549"	"meta_description"	"ka"	""	""	"ელასტიური სავარჯიშო ტოპი , აქვს გუფკა.მასალა: PolyesterSpandex / Polyester"	"Elastic exercise top with sponge. Material: PolyesterSpandex / Polyester"
"PRODUCT"	"8995441541317"	"title"	"ka"	""	""	"Sports Bra Pink Podium"	"სპორტული ბიუსტჰალტერი Pink Podium"
"PRODUCT"	"8995441541317"	"body_html"	"ka"	""	""	"ვარდისფერი ელასტიური სავარჯიშო ტოპი, აქვს გუფკა.
მასალა: Spandex / Polyester"	"Pink stretchy workout top with pads.
Material: Spandex / Polyester"
"PRODUCT"	"8995441541317"	"meta_title"	"ka"	""	""	"Sports Bra Pink Podium"	"სპორტული ბიუსტჰალტერი Pink Podium"
"PRODUCT"	"8995441541317"	"meta_description"	"ka"	""	""	"სავარჯიშო ტოპი, აქვს გუფკა.მასალა: Spandex / Polyester"	"Sports top with sponge. Material: Spandex / Polyester"
"PRODUCT"	"8995441574085"	"title"	"ka"	""	""	"Push-up Flared Leggings Pink Podium"	"აჩაჩული, გაშლილი კლასიკური ლეგინსები – ვარდისფერი Podium"
"PRODUCT"	"8995441574085"	"body_html"	"ka"	""	""	"Flared Push-up Leggings for a chic and stylish fit
•High-waisted
•Scrunch bum
<strong>Material and care:</strong>
•78% Nylon, 22% Spandex
• For optimal care of this sportswear, follow the care label instructions and use the delicate cycle"	"გაშლილი პუშ-აპი ლეგინსები დახვეწილი და ელეგანტური სტილისთვის
•მაღალწელიანი
•უკან შეკუმშვით
<strong>მასალა და მოვლა:</strong>
•78% ნეილონი, 22% სპანდექსი
• ამ სპორტული ტანსაცმლის ოპტიმალური მოვლისთვის, მიჰყევით ეტიკეტზე მითითებებს და გამოიყენეთ ნაზი რეცხვის რეჟიმი"
"PRODUCT"	"8995441574085"	"meta_title"	"ka"	""	""	"Push-up Flared Leggings Pink Podium"	"აჭიმვადი გაშლილი ლეგინსები, ვარდისფერი Podium"
"PRODUCT"	"8995441574085"	"meta_description"	"ka"	""	""	"ვარდისფერი შლაქსის Push-up შარვალი , იდეალურად კრავს ტანს და გამოკვეთს უკანალს.წელვადი, არ ლანდავს.მასალა:: Spandex / Polyester"	"Pink push-up leggings, perfectly sculpt the body and accentuate the buttocks. Stretchy, not see-through. Material: Spandex / Polyester"
"PRODUCT"	"8995441606853"	"title"	"ka"	""	""	"Sports Bra Beige Illusion"	"სპორტული ბიუსტჰალტერი, კრემისფერი ილუზია"
"PRODUCT"	"8995441606853"	"body_html"	"ka"	""	""	"ბეჟი სავარჯიშო ტოპი, აქვს გუფკა.
მასალა: Spandex / Polyester"	"Beige workout top, with sponge.
Material: Spandex / Polyester"
"PRODUCT"	"8995441606853"	"meta_title"	"ka"	""	""	"Sports Bra Beige Illusion"	"სპორტული ბიუსტჰალტერი, კრემისფერი ილუზია"
"PRODUCT"	"8995441606853"	"meta_description"	"ka"	""	""	"ბეჟი სავარჯიშო ტოპი , აქვს გუფკა.მასალა: Spandex / Polyester"	"Beige workout top with sponge pads. Material: Spandex / Polyester"
"PRODUCT"	"8995441639621"	"title"	"ka"	""	""	"Sports Bra Black Classy"	"სპორტული ბიუსტჰალტერი შავი კლასიკური"
"PRODUCT"	"8995441639621"	"body_html"	"ka"	""	""	"ელასტიური სავარჯიშო ტოპი, აქვს გუფკა.
მასალა: Spandex / Polyester"	"Elastic workout top with sponge.
Material: Spandex / Polyester"
"PRODUCT"	"8995441639621"	"meta_title"	"ka"	""	""	"Sports Bra Black Classy"	"სპორტული ბიუსტჰალტერი, შავი, კლასიკური"
"PRODUCT"	"8995441639621"	"meta_description"	"ka"	""	""	"შავი ელასტიური სავარჯიშო ტოპი, აქვს გუფკა.მასალა: Spandex / Polyester"	"Black elastic workout top, has sponge. Material: Spandex / Polyester"
"PRODUCT"	"8995441672389"	"title"	"ka"	""	""	"Sports Bra White Free Size"	"სპორტული ბიუსტჰალტერი, თეთრი, თავისუფალი ზომა"
"PRODUCT"	"8995441672389"	"body_html"	"ka"	""	""	"თეთრი ელასტიური სავარჯიშო ტოპი ბრეტელებით, აქვს გუფკა.

მასალა: Spandex / Polyester"	"White stretchy workout top with straps and padding.

Material: Spandex / Polyester"
"PRODUCT"	"8995441672389"	"meta_title"	"ka"	""	""	"Sports Bra White Free Size"	"სპორტული ბიუსტჰალტერი, თეთრი, თავისუფალი ზომა"
"PRODUCT"	"8995441672389"	"meta_description"	"ka"	""	""	"თეთრი ელასტიური სავარჯიშო ტოპი ბრეტელებით, აქვს გუფკა.მასალა: Spandex / Polyester"	"White elastic exercise top with straps, has a sponge.Material: Spandex / Polyester"
"PRODUCT"	"8995441705157"	"title"	"ka"	""	""	"ტოპი White Spirit"	"Top White Spirit"
"PRODUCT"	"8995441705157"	"body_html"	"ka"	""	""	"თეთრი სავარჯიშო ტოპი, აქვს გუფკა.
მასალა: Spandex / Polyester"	"White Workout Top, Padded.
Material: Spandex / Polyester"
"PRODUCT"	"8995441705157"	"meta_title"	"ka"	""	""	"ტოპი White Spirit"	"Top White Spirit"
"PRODUCT"	"8995441705157"	"meta_description"	"ka"	""	""	"თეთრი ელასტიური სავარჯიშო ტოპი ბადით, აქვს გუფკა.მასალა: Spandex / Polyester"	"White elastic workout top with mesh, padded. Material: Spandex / Polyester"
"PRODUCT"	"8995441737925"	"title"	"ka"	""	""	"Headband"	"თავსაბურავი"
"PRODUCT"	"8995441737925"	"body_html"	"ka"	""	""	"სპორტული აბადოკი"	"Sports headband"
"PRODUCT"	"8995441737925"	"meta_title"	"ka"	""	""	"Headband"	"თმის სამაგრი"
"PRODUCT"	"8995441737925"	"meta_description"	"ka"	""	""	"გადაჭრილი ხელთათმანი გამოიყენება წონებით ვარჯიშის დროს. ფერი: შავი, ვარდისფერი"	"Cut gloves are used for weight training. Colour: Black, Pink"
"PRODUCT"	"8995441803461"	"title"	"ka"	""	""	"Push-up Shorts Blue Sky V"	"აჭიმვადი შორტი, ლურჯი ცა V"
"PRODUCT"	"8995441803461"	"body_html"	"ka"	""	""	"სავარჯიშო Push-up შორტი ამოჭრილი წელით, იდეალურად კრავს ტანს და გამოკვეთს უკანალს.

მასალა: Spandex / Polyester"	"Push-up შორტი მოჭრილი წელით, იდეალურად კრავს ტანს და გამოკვეთს უკანალს.

მასალა: Spandex / Polyester"
"PRODUCT"	"8995441803461"	"meta_title"	"ka"	""	""	"Push-up Shorts Blue Sky V"	"აიწონე შორტები, ცისფერი V"
"PRODUCT"	"8995441803461"	"meta_description"	"ka"	""	""	"სავარჯიშო Push-up შორტი, იდეალურად კრავს ტანს და გამოკვეთს უკანალს.მასალა: Spandex / Polyester"	"Push-up შორტი ვარჯიშისთვის, იდეალურად კრავს ტანს და აკორექტირებს დუნდულებს. მასალა: სპანდექსი/პოლიესტერი."
"PRODUCT"	"8995441836229"	"title"	"ka"	""	""	"Push-up Shorts White V"	"აჩაჩული შორტი თეთრი V"
"PRODUCT"	"8995441836229"	"body_html"	"ka"	""	""	"თეთრი Push-up შორტი ამოჭრილი წელით, იდეალურად კრავს ტანს და გამოკვეთს უკანალს.

მასალა: Spandex / Polyester"	"White Push-up shorts with cut-out waist, perfectly fit the body and highlight the butt.

Material: Spandex / Polyester"
"PRODUCT"	"8995441836229"	"meta_title"	"ka"	""	""	"Push-up Shorts White V"	"Push-up შორტები თეთრი V"
"PRODUCT"	"8995441836229"	"meta_description"	"ka"	""	""	"სავარჯიშო Push-up შორტი უკან ამოჭრილი წელით, იდეალურად კრავს ტანს და გამოკვეთს უკანალს.მასალა: Spandex / Polyester წელზე ამოჭრილი შორტი"	"Push-up shorts with cut-out waist, perfectly hug the body and accentuate the butt.
Material: Spandex / Polyester
Cut-out shorts"
"PRODUCT"	"8995441868997"	"title"	"ka"	""	""	"Push-up Shorts Black V"	"ათლეტური შორტები შავი V"
"PRODUCT"	"8995441868997"	"body_html"	"ka"	""	""	"სავარჯიშო Push-up შორტი ამოჭრილი წელით, იდეალურად კრავს ტანს და გამოკვეთს უკანალს.

მასალა: Spandex / Polyester"	"Push-up-ის მოკლე შორტი მაღალი წელით, იდეალურად ერგება სხეულს და გამოკვეთს უკანალს.

მასალა: სპანდექსი / პოლიესტერი"
"PRODUCT"	"8995441868997"	"meta_title"	"ka"	""	""	"Push-up Shorts Black V"	"მოკლე შორტი აზიდვებით შავი V"
"PRODUCT"	"8995441868997"	"meta_description"	"ka"	""	""	"სავარჯიშო მაღალწელიანი Push-up შორტი, იდეალურად კრავს ტანს და გამოკვეთს უკანალს.მასალა: Spandex / Polyester"	"High-waist Push-up shorts for workout, perfectly snugs the body and accentuates the butt. Material: Spandex / Polyester"
"PRODUCT"	"8995441901765"	"title"	"ka"	""	""	"Push-up Leggings Booty V Neon"	"Push-up Leggings Booty V ნეონი"
"PRODUCT"	"8995441901765"	"body_html"	"ka"	""	""	"Seamless Push-up leggings
• low V-shape at the back
• Contoured back waistband to enhance and flatter curves
• Scrunch detailing at the back for a sculpted look
• Seamless front for a smooth, clean appearance
• Full-length
Material and Care:
• 95% Nylon, 5% Spandex
• Incredibly soft and seamless, you’ll never want to take it off
• Handle with care when wearing and washing this delicate style"	"შეუფერხებელი „ფუშ-აფ“ ლეგინსები
• დაბალი V-ს ფორმის უკანა მხარე
• კონტურული ქამარი უკანა მხარეს, ფორმების გასაუმჯობესებლად
• ნაკეცები უკანა მხარეს წვრილი ვიზუალისთვის
• გლუვი წინა ნაწილი სუფთა იერსახისთვის
• მთლიანი სიგრძე
მასალა და მოვლა:
• 95% ნეილონი, 5% სპანდექსი
• წარმოუდგენლად რბილი და უნაკერო, მისი მოხსნა არასოდეს მოგინდებათ
• მოეპყარით ფრთხილად ამ დელიკატურ სტილს ჩაცმისა და გარეცხვის დროს"
"PRODUCT"	"8995441901765"	"meta_title"	"ka"	""	""	"Push-up Leggings Booty V Neon"	"აჭიმვადი ლეგინსები უკანალის ეფექტით V ნეონი"
"PRODUCT"	"8995441901765"	"meta_description"	"ka"	""	""	"ვარდისფერი Push-up ელასტიკი, იდეალურად კრავს ტანს და გამოკვეთს უკანალს. მასალა: Spandex / Polyester"	"Pink push-up leggings, perfect for shaping your body and accentuating your butt. Material: Spandex / Polyester"
"PRODUCT"	"8995441967301"	"title"	"ka"	""	""	"Sports Bra Whte Spirit"	"სპორტული ბიუსტჰალტერი თეთრი სული"
"PRODUCT"	"8995441967301"	"body_html"	"ka"	""	""	"თეთრი ელასტიური სავარჯიშო ტოპი, აქვს გუფკა.
მასალა: Spandex / Polyester"	"White elastic workout top with sponges.
Material: Spandex / Polyester"
"PRODUCT"	"8995441967301"	"meta_title"	"ka"	""	""	"Sports Bra Whte Spirit"	"სპორტული ბიუსტჰალტერი თეთრი სული"
"PRODUCT"	"8995441967301"	"meta_description"	"ka"	""	""	"ელასტიური სავარჯიშო ტოპი, აქვს გუფკა.მასალა: Spandex / Polyester"	"Elastic workout top, has sponge. Fabric: Spandex / Polyester"
"PRODUCT"	"8995442000069"	"title"	"ka"	""	""	"Sports Bra Orange Podium"	"სპორტული ბიუსტჰალტერი, ფორთოხლისფერი, პოდიუმი"
"PRODUCT"	"8995442000069"	"body_html"	"ka"	""	""	"ნარინჯისფერი ელასტიური სავარჯიშო ტოპი, აქვს გუფკა.
მასალა: Spandex / Polyester"	"Orange elastic workout top with pads.
Material: Spandex / Polyester"
"PRODUCT"	"8995442000069"	"meta_title"	"ka"	""	""	"Sports Bra Orange Podium"	"სპორტული ბიუსტჰალტერი Orange Podium"
"PRODUCT"	"8995442000069"	"meta_description"	"ka"	""	""	"სავარჯიშო ტოპი, აქვს გუფკა.მასალა: Spandex / Polyester"	"Sports top with sponge. Material: Spandex / Polyester"
"PRODUCT"	"8995442032837"	"title"	"ka"	""	""	"Sports Bra Blue Sky Podium"	"სპორტული ლიფი ლურჯი ცის პოდიუმი"
"PRODUCT"	"8995442032837"	"body_html"	"ka"	""	""	"ცისფერი ელასტიური სავარჯიშო ტოპი, აქვს გუფკა.
მასალა: Spandex / Polyester"	"Blue elastic workout top with sponge.
Material: Spandex / Polyester"
"PRODUCT"	"8995442032837"	"meta_title"	"ka"	""	""	"Sports Bra Blue Sky Podium"	"სპორტული ბიუსტჰალტერი ლურჯი ცა პოდიუმი"
"PRODUCT"	"8995442032837"	"meta_description"	"ka"	""	""	"სავარჯიშო ტოპი, აქვს გუფკა.მასალა: Spandex / Polyester"	"Sports top with sponge. Material: Spandex / Polyester"
"PRODUCT"	"8995442065605"	"title"	"ka"	""	""	"Shorts Black Classic"	"შავი კლასიკური შორტები"
"PRODUCT"	"8995442065605"	"body_html"	"ka"	""	""	"შავი მაღალწელიანი შორტი, იდეალურად კრავს ტანს
მასალა: Spandex / Polyester"	"შავი მაღალწელიანი შორტი, ტანზე მომდგარი.
მასალა: სპანდექსი / პოლიესტერი"
"PRODUCT"	"8995442065605"	"meta_title"	"ka"	""	""	"Shorts Black Classic"	"შავი კლასიკური შორტი"
"PRODUCT"	"8995442065605"	"meta_description"	"ka"	""	""	"შავი მოკლე სავარჯიშო მაღალწელიანი ელასტიკი, იდეალურად კრავს ტანს და გამoკვეთს უკანალს.მასალა: Spandex / Polyester"	"შავი, მოკლე, სავარჯიშო, მაღალწელიანი ელასტიკი, იდეალურად ეკვრის სხეულს და გამოკვეთს უკანალს. მასალა: Spandex / Polyester"
"PRODUCT"	"8995442098373"	"title"	"ka"	""	""	"Push-up Flared Leggings Black Podium"	"აჭიმვადი შარვალი ფართო ტოტებით, შავი, Podium-ის კოლექციიდან"
"PRODUCT"	"8995442098373"	"body_html"	"ka"	""	""	"Flared Push-up Leggings for a chic and stylish fit
•High-waisted
•Scrunch bum
<strong>Material and care:</strong>
•78% Nylon, 22% Spandex
• For optimal care of this sportswear, follow the care label instructions and use the delicate cycle"	"გაშლილი პუშ-აპი ლეგინსები დახვეწილი და ელეგანტური სტილისთვის
•მაღალწელიანი
•უკან შეკუმშვით
<strong>მასალა და მოვლა:</strong>
•78% ნეილონი, 22% სპანდექსი
• ამ სპორტული ტანსაცმლის ოპტიმალური მოვლისთვის, მიჰყევით ეტიკეტზე მითითებებს და გამოიყენეთ ნაზი რეცხვის რეჟიმი"
"PRODUCT"	"8995442098373"	"meta_title"	"ka"	""	""	"Push-up Flared Leggings Black Podium"	"წელვადი გაშლილი ლეგინსები, შავი Podium"
"PRODUCT"	"8995442098373"	"meta_description"	"ka"	""	""	"ვარდისფერი შლაქსის Push-up შარვალი , იდეალურად კრავს ტანს და გამოკვეთს უკანალს.წელვადი, არ ლანდავს.მასალა:: Spandex / Polyester"	"Pink push-up leggings, perfectly sculpt the body and accentuate the buttocks. Stretchy, not see-through. Material: Spandex / Polyester"
"PRODUCT"	"8995442196677"	"title"	"ka"	""	""	"Crop Top Beige Verona"	"კროპ ტოპი კრემისფერი ვერონა"
"PRODUCT"	"8995442196677"	"body_html"	"ka"	""	""	"ბეჟი ელასტიური სავარჯიშო მოკლე მაისური, აქვს გუფკა.
მასალა: Spandex / Polyester"	"Beige elastic workout short top, has a sponge.
Material: Spandex / Polyester"
"PRODUCT"	"8995442196677"	"meta_title"	"ka"	""	""	"Crop Top Beige Verona"	"კროპ ტოპი კრემისფერი ვერონა"
"PRODUCT"	"8995442196677"	"meta_description"	"ka"	""	""	"შავი ელასტიური სავარჯიშო ტოპი, აქვს გუფკა.მასალა: Spandex / Polyester"	"Black elastic workout top, has sponge. Material: Spandex / Polyester"
"PRODUCT"	"8995442229445"	"title"	"ka"	""	""	"Sports Bra Khaki Active"	"სპორტული ბიუსტჰალტერი, ხაკისფერი, აქტივი"
"PRODUCT"	"8995442229445"	"body_html"	"ka"	""	""	"სავარჯიშო ტოპი,
*აქვს გუფკა
მასალა: Polyester/Nylon"	"Sports Top,
*Padded with sponges
Material: Polyester/Nylon"
"PRODUCT"	"8995442229445"	"meta_title"	"ka"	""	""	"Sports Bra Khaki Active"	"სპორტული ბიუსტჰალტერი, ხაკისფერი, აქტივი"
"PRODUCT"	"8995442229445"	"meta_description"	"ka"	""	""	"ელასტიური სავარჯიშო ტოპი, აქვს გუფკა . მასალა: Polyester"	"Elastic training top with sponge. Material: Polyester"
"PRODUCT"	"8995442262213"	"title"	"ka"	""	""	"ტოპი Black Active"	"ტოპი Black Active"
"PRODUCT"	"8995442262213"	"body_html"	"ka"	""	""	"სავარჯიშო ტოპი,
*აქვს გუფკა
მასალა: Polyester/Nylon"	"Sports top,
*Padded
Fabric: Polyester/Nylon"
"PRODUCT"	"8995442262213"	"meta_title"	"ka"	""	""	"ტოპი Black Active"	"Top Black Active"
"PRODUCT"	"8995442262213"	"meta_description"	"ka"	""	""	"ელასტიური სავარჯიშო ტოპი, აქვს გუფკა . მასალა: Polyester"	"Elastic training top, with sponge. Material: Polyester"
"PRODUCT"	"8995442294981"	"title"	"ka"	""	""	"Sports Bra Burgundy Fox"	"სპორტული ბიუსტჰალტერი, ბორდოსფერი მელა"
"PRODUCT"	"8995442294981"	"body_html"	"ka"	""	""	"ღია შინდისფერი ელასტიური ტოპი, აქვს გუფკა.მასალა: Spandex / Polyester"	"Open burgundy elastic top with sponges. Material: Spandex / Polyester"
"PRODUCT"	"8995442294981"	"meta_title"	"ka"	""	""	"Sports Bra Burgundy Fox"	"სპორტული ბიუსტჰალტერი, ბორდოსფერი, მელა"
"PRODUCT"	"8995442294981"	"meta_description"	"ka"	""	""	"ღია შინდისფერი ელასტიური სავარჯიშო ტოპი, აქვს გუფკა.მასალა: Spandex / Polyester"	"Light maroon elastic workout top, with sponges. Material: Spandex / Polyester"
"PRODUCT"	"8995442327749"	"title"	"ka"	""	""	"Push-up კომბინიზონი Black V"	"Push-up კომბინეზონი შავი V"
"PRODUCT"	"8995442327749"	"body_html"	"ka"	""	""	"მოკლე Push-up სავარჯიშო კომბინიზონი
იდეალურად კრავს ტანს, ზედა ნაწილს აქვს მკერდის ღრუბელი.
მასალა: Polyester/Spandex"	"Short push-up jumpsuit
Perfectly hugs the body, the top part has chest padding.
Material: Polyester/Spandex"
"PRODUCT"	"8995442327749"	"meta_title"	"ka"	""	""	"Push-up კომბინიზონი Black V"	"Push-up კომბინეზონი შავი V"
"PRODUCT"	"8995442327749"	"meta_description"	"ka"	""	""	"მოკლე სავარჯიშო Push-up კომბინიზონი იდეალურად კრავს ტანსმასალა: Polyester/Spandex"	"Short Push-up Jumpsuit that perfectly hugs your bodyFabric: Polyester/Spandex"
"PRODUCT"	"8995442360517"	"title"	"ka"	""	""	"Push-up Leggings Grey Vortex"	"აჭიმვადი ლეგინსები, ნაცრისფერი ვორტექსი"
"PRODUCT"	"8995442360517"	"body_html"	"ka"	""	""	"Seamless Push-up leggings
• Scrunch bum
• Full-length leggings
• Invisible scrunch bum
•Booty contouring and enhancing

<strong>Material and Care:</strong>
• 90% Nylon, 10% Spandex
• Incredibly soft and seamless, you’ll never want to take it off
• Handle with care when wearing and washing this delicate style"	"უკერო ლეგინსები აზიდვის ეფექტით
• ნაკეცით უკანალზე
• მთლიანი სიგრძის ლეგინსები
• უხილავი ნაკეცი უკანალზე
•დუნდულების კონტურირება და გაუმჯობესება

<strong>მასალა და მოვლა:</strong>
• 90% ნეილონი, 10% სპანდექსი
• საოცრად რბილი და უკერო, არასდროს მოგინდებათ მისი გახდა
• ფრთხილად მოეპყარით ამ დელიკატურ სტილს ტარებისა და რეცხვისას"
"PRODUCT"	"8995442360517"	"meta_title"	"ka"	""	""	"Push-up Leggings Grey Vortex"	"აყვავებული ლეგინსები, ნაცრისფერი ვორტექსი"
"PRODUCT"	"8995442360517"	"meta_description"	"ka"	""	""	"სავარჯიშო მაღალწელიანი Push-up ლეგინსი, იდეალურად კრავს ტანს და გამოკვეთს უკანალს.წელვადი, არ ლანდავს.მასალა:: Spandex / Polyester"	"High-waisted push-up leggings, perfectly sculpt the body and accentuate the glutes. Stretchy, not see-through. Material: Spandex / Polyester"
"PRODUCT"	"8995442393285"	"title"	"ka"	""	""	"Sports Bra Pink Free Size"	"სპორტული ბიუსტჰალტერი, ვარდისფერი, თავისუფალი ზომა"
"PRODUCT"	"8995442393285"	"body_html"	"ka"	""	""	"ღია ვარდისფერი ელასტიური სავარჯიშო ტოპი, აქვს გუფკა.

მასალა: Spandex / Polyester"	"ღია ვარდისფერი ელასტიური სავარჯიშო ტოპი, აქვს გუფკა.

მასალა: სპანდექსი / პოლიესტერი"
"PRODUCT"	"8995442393285"	"meta_title"	"ka"	""	""	"Sports Bra Pink Free Size"	"სპორტული ბიუსტჰალტერი, ვარდისფერი, თავისუფალი ზომა"
"PRODUCT"	"8995442393285"	"meta_description"	"ka"	""	""	"თეთრი ელასტიური სავარჯიშო ტოპი ბრეტელებით, აქვს გუფკა.მასალა: Spandex / Polyester"	"White elastic exercise top with straps, has a sponge.Material: Spandex / Polyester"
"PRODUCT"	"8995442426053"	"title"	"ka"	""	""	"Push-up Leggings Bomby Baby Blue"	"აჭიმვადი ლეგინსები Bomby Baby Blue"
"PRODUCT"	"8995442426053"	"body_html"	"ka"	""	""	"Seamless Push-up leggings
• Full-length leggings
• Invisible scrunch bum
•Booty contouring and enhancing

<strong>Material and Care:</strong>
• 90% Nylon, 10% Spandex
• Incredibly soft and seamless, you’ll never want to take it off
• Handle with care when wearing and washing this delicate style"	"უაკერო გამწევი ლეგინსები
• სრული სიგრძის გამაშები
• უხილავი დაჭიმული დუნდულები
• დუნდულების კონტურირება და გაუმჯობესება

<strong>მასალა და მოვლა:</strong>
• 90% ნეილონი, 10% სპანდექსი
• საოცრად რბილი და უნაკერო, არასოდეს მოგინდებათ მისი გახდა
• მოეპყარით სიფრთხილით ამ დელიკატური სტილის ტარებისას და რეცხვისას"
"PRODUCT"	"8995442426053"	"meta_title"	"ka"	""	""	"Push-up Leggings Bomby Baby Blue"	"აჭიმვადი ლეგინსები „ბომბი ბეიბი ბლუ“"
"PRODUCT"	"8995442426053"	"meta_description"	"ka"	""	""	"სავარჯიშო მაღალწელიანი Push-up ლეგინსი, იდეალურად კრავს ტანს და გამოკვეთს უკანალს.მასალა: Spandex / Polyester Push-up ლეგინსი"	"High-waisted push-up leggings for exercise, perfectly cinches the body and accentuates the buttocks. Material: Spandex / Polyester Push-up leggings"
"PRODUCT"	"8995442491589"	"title"	"ka"	""	""	"Push-up Jumpsuit Black Bomb"	"აწევის ფუნქციის მქონე კომბინიზონი შავი „ბომბი“"
"PRODUCT"	"8995442491589"	"body_html"	"ka"	""	""	"მოკლე Push-up სავარჯიშო კომბინიზონი
იდეალურად კრავს ტანს, ზედა ნაწილს აქვს მკერდის ღრუბელი.
მასალა: Polyester/Spandex"	"Short Push-up workout jumpsuit
Perfectly wraps around the body, the top has a breast sponge.
Material: Polyester/Spandex"
"PRODUCT"	"8995442491589"	"meta_title"	"ka"	""	""	"Push-up Jumpsuit Black Bomb"	"აჩიპის ჯამპსუტი „შავი ბომბი“"
"PRODUCT"	"8995442491589"	"meta_description"	"ka"	""	""	"მოკლე სავარჯიშო Push-up კომბინიზონი იდეალურად კრავს ტანსმასალა: Polyester/Spandex"	"Short Push-up Jumpsuit, body-hugging
Material: Polyester/Spandex"
"PRODUCT"	"8995442524357"	"title"	"ka"	""	""	"Push-up Crossover Leggings Bomby Blue-Purple"	"ქროსოვერ ლეგინსი „ფუშ-აპ“ ეფექტით, ბომბეი ლურჯი-იისფერი"
"PRODUCT"	"8995442524357"	"body_html"	"ka"	""	""	"Push-up ელასტიკი წინ ამოჭრილი წელით, იდეალურად კრავს ტანს და კვეთს ფორმებს.

მასალა: Nylon/Polyester"	"Push-up ელასტიკი წინ ამოჭრილი წელით, იდეალურად კრავს ტანს და აყალიბებს ფორმებს.

მასალა: ნეილონი/პოლიესტერი"
"PRODUCT"	"8995442524357"	"meta_title"	"ka"	""	""	"Push-up Crossover Leggings Bomby Blue-Purple"	"Push-up Crossover გამაშები „ბომბი“ ლურჯი-იისფერი"
"PRODUCT"	"8995442524357"	"meta_description"	"ka"	""	""	"Push-up ელასტიკი წინ ამოჭრილი წელით, იდეალურად კრავს ტანს და კვეთს ფორმებს.მასალა: Nylon/Polyeste"	"Push-up ელასტიკი წინ ამოჭრილი წელით, იდეალურად კრავს ტანს და კვეთს ფორმებს.მასალა: Nylon/Polyester"
"PRODUCT"	"8995442557125"	"title"	"ka"	""	""	"Push-up კომბინიზონი Black Bomb"	"აჭიმვადი კომბინიზონი Black Bomb"
"PRODUCT"	"8995442557125"	"body_html"	"ka"	""	""	"Push-Up Jumpsuit designed to enhance your curves and provide maximum support, offering a chic, sophisticated look.
• Built-in shelf bra with two layers and removable cups provides extra support
• Crossover straps at the back
•Invisible scrunch bum

<strong>Material and Care:</strong>
• 90% Nylon, 10% Spandex
• For optimal care of this sportswear, follow the care label instructions and use the delicate cycle."	"Push-Up კომბინეზონი შექმნილია თქვენი სხეულის ხაზების ხაზგასასმელად და მაქსიმალური მხარდაჭერისთვის, რაც უზრუნველყოფს ელეგანტურ, დახვეწილ იერს.
• ჩაშენებული ორფენიანი თარო-ბიუსჰალტერი მოსახსნელი ბალიშებით დამატებით მხარდაჭერას უზრუნველყოფს
• ჯვარედინი ზოლები ზურგზე
• უხილავი ""scrunch bum"" ეფექტი

<strong>მასალა და მოვლა:</strong>
• 90% ნეილონი, 10% სპანდექსი
• ამ სპორტული ტანსაცმლის ოპტიმალური მოვლისთვის, მიჰყევით მოვლის ეტიკეტზე მითითებებს და გამოიყენეთ დელიკატური რეჟიმი."
"PRODUCT"	"8995442557125"	"meta_title"	"ka"	""	""	"Push-up კომბინიზონი Black Bomb"	"Push-up კომბინეზონი Black Bomb"
"PRODUCT"	"8995442557125"	"meta_description"	"ka"	""	""	"სავარჯიშო კომბინიზონი, აქვს გუფკა. იდეალურად კრავს ტანს და ვიზუალურად ახდუნებს. მასალა: Polyester"	"Exercise jumpsuit with sponge pads. Perfectly tightens the body and makes it visually slimmer. Material: Polyester"
"PRODUCT"	"8995442622661"	"title"	"ka"	""	""	"Sports Bra Blue Run"	"სპორტული ბიუსტჰალტერი ლურჯი სირბილი"
"PRODUCT"	"8995442622661"	"body_html"	"ka"	""	""	"ცისფერი ელასტიური სავარჯიშო ტოპი, აქვს გუფკა.
მასალა: Spandex / Polyester"	"Blue elastic workout top with sponge.
Material: Spandex / Polyester"
"PRODUCT"	"8995442622661"	"meta_title"	"ka"	""	""	"Sports Bra Blue Run"	"სპორტული ბიუსტჰალტერი ლურჯი სარბენი"
"PRODUCT"	"8995442622661"	"meta_description"	"ka"	""	""	"ცისფერი ელასტიური სავარჯიშო ტოპი, აქვს გუფკა.მასალა: Spandex / Polyester"	"Blue elastic workout top with sponge pads. Material: Spandex / Polyester"
"PRODUCT"	"8995442655429"	"title"	"ka"	""	""	"Shorts Barbie Pink Classic"	"მოკლე შორტი Barbie Pink Classic"
"PRODUCT"	"8995442655429"	"body_html"	"ka"	""	""	"ღია ვარდისფერი მაღალწელიანი შორტი, იდეალურად კრავს ტანს
მასალა: Spandex / Polyester"	"Light pink high-waisted shorts, perfect body fit
Material: Spandex / Polyester"
"PRODUCT"	"8995442655429"	"meta_title"	"ka"	""	""	"Shorts Barbie Pink Classic"	"შორტები, ბარბის ვარდისფერი, კლასიკური"
"PRODUCT"	"8995442655429"	"meta_description"	"ka"	""	""	"მოკლე სავარჯიშო შორტი, ღია ვარდისფერი შორტი , იდეალურად კრავს ტანს და გამoკვეთს უკანალს.მასალა: Spandex / Polyester"	"Shorts: Short workout shorts, light pink shorts, ideal for shaping the body and accentuating the buttocks. Material: Spandex/Polyester"
"PRODUCT"	"8995442688197"	"title"	"ka"	""	""	"Sports Bra Black Free Size"	"სპორტული ბიუსტჰალტერი, შავი, თავისუფალი ზომა"
"PRODUCT"	"8995442688197"	"body_html"	"ka"	""	""	"შავი ელასტიური სავარჯიშო ტოპი ბრეტელებით, აქვს გუფკა.

მასალა: Spandex / Polyester"	"შავი ელასტიური სავარჯიშო ტოპი თხელი ბრეტელებით, აქვს ღრუბელი.

მასალა: სპანდექსი / პოლიესტერი"
"PRODUCT"	"8995442688197"	"meta_title"	"ka"	""	""	"Sports Bra Black Free Size"	"სპორტული ბიუსტჰალტერი, შავი, თავისუფალი ზომა"
"PRODUCT"	"8995442688197"	"meta_description"	"ka"	""	""	"შავი ელასტიური სავარჯიშო ტოპი ბრეტელებით, აქვს გუფკა.მასალა: Spandex / Polyester"	"Black elastic workout top with straps, has a sponge. Material: Spandex / Polyester"
"PRODUCT"	"8995442720965"	"title"	"ka"	""	""	"Sports Bra Black Free Size"	"სპორტული ბიუსტჰალტერი, შავი, თავისუფალი ზომა"
"PRODUCT"	"8995442720965"	"body_html"	"ka"	""	""	"შავი ელასტიური სავარჯიშო ტოპი, აქვს გუფკა.

მასალა: Spandex / Polyester"	"Black elastic workout top with sponge pads.

Material: Spandex / Polyester"
"PRODUCT"	"8995442720965"	"meta_title"	"ka"	""	""	"Sports Bra Black Free Size"	"სპორტული ბიუსტჰალტერი, შავი, თავისუფალი ზომა"
"PRODUCT"	"8995442720965"	"meta_description"	"ka"	""	""	"თეთრი ელასტიური სავარჯიშო ტოპი ბრეტელებით, აქვს გუფკა.მასალა: Spandex / Polyester"	"White elastic exercise top with straps, has a sponge.Material: Spandex / Polyester"
"PRODUCT"	"8995442819269"	"title"	"ka"	""	""	"Sports Bra Black & White Free Size"	"სპორტული ბიუსტჰალტერი, შავ-თეთრი, თავისუფალი ზომა"
"PRODUCT"	"8995442819269"	"body_html"	"ka"	""	""	"შავი ელასტიური სავარჯიშო ტოპი, აქვს გუფკა.

მასალა: Spandex / Polyester"	"Black stretchy workout top with sponge pads.

Material: Spandex / Polyester"
"PRODUCT"	"8995442819269"	"meta_title"	"ka"	""	""	"Sports Bra Black & White Free Size"	"სპორტული ბიუსტჰალტერი, შავი და თეთრი, თავისუფალი ზომა"
"PRODUCT"	"8995442819269"	"meta_description"	"ka"	""	""	"ელასტიური სავარჯიშო ტოპი ბრეტელებით, აქვს გუფკა.მასალა: Spandex / Polyester"	"Elastic training top with straps, with sponge.Material: Spandex / Polyester"
"PRODUCT"	"8995442852037"	"title"	"ka"	""	""	"Sports Bra Black Classic"	"სპორტული ბიუსტჰალტერი შავი კლასიკური"
"PRODUCT"	"8995442852037"	"body_html"	"ka"	""	""	"სავარჯი ზედა, იდეალურად კრავს ტანს და კვეთს ფორმებს, არ ტოვებს ოფლის ლაქებს, ზედას აქვს გუფკა.

მასალა:  Polyester / Spandex"	"Sport top, it perfectly highlights the body and emphasizes shapes, it does not leave sweat stains, the top has a sponge.

Material: Polyester / Spandex"
"PRODUCT"	"8995442852037"	"meta_title"	"ka"	""	""	"Sports Bra Black Classic"	"სპორტული ბიუსტჰალტერი შავი კლასიკური"
"PRODUCT"	"8995442852037"	"meta_description"	"ka"	""	""	"შავი ტოპი , იდეალურად კრავს ტანს და კვეთს ფორმებს, არ ტოვებს ოფლის ლაქებს, ზედას აქვს გუფკა."	"Black top, fits perfectly and shapes the body, leaves no sweat stains, the top has padding."
"PRODUCT"	"8995442917573"	"title"	"ka"	""	""	"Push-up Leggings Effect"	"აჭიმვა-ლეჯინსის ეფექტი"
"PRODUCT"	"8995442917573"	"body_html"	"ka"	""	""	"Seamless Push-up leggings
• Contoured back waistband to enhance and flatter curves
• Scrunch detailing at the back for a sculpted look
• Seamless front for a smooth, clean appearance
• Full-length
Material and Care:
• 90% Nylon, 10% Spandex
• Incredibly soft and seamless, you’ll never want to take it off
• Handle with care when wearing and washing this delicate style"	"შეუღებავი ""Push-up"" გამაშები
• კონტურული უკანა წელი ფორმების გასაუმჯობესებლად
• უკანა ნაწილზე დაჭიმული დეტალები მკვეთი კონტურების მისაღებად
• წინა მხარეს ნაკერების გარეშე, გლუვი და სუფთა იერისათვის
• სრული სიგრძე
მასალა და მოვლა:
• 90% ნეილონი, 10% სპანდექსი
• წარმოუდგენლად რბილი და ნაკერების გარეშე, არასდროს მოგინდებათ მისი გახდა
• ატარეთ და გარეცხეთ ფრთხილად, რადგან დელიკატური სტილისაა"
"PRODUCT"	"8995442917573"	"meta_title"	"ka"	""	""	"Push-up Leggings Effect"	"აჭიმვის ეფექტის მქონე ლეგინსები"
"PRODUCT"	"8995442917573"	"meta_description"	"ka"	""	""	"Push-up ელასტიკი, იდეალურად კრავს ტანს და კვეთს ფორმებს.მასალა: Nylon/Polyester"	"Push-up ელასტიკი, იდეალურად კრავს ტანს და აყალიბებს ფორმებს.მასალა: ნეილონი/პოლიესტერი"
"PRODUCT"	"8995442983109"	"title"	"ka"	""	""	"Push-up All In One Brown Bomb"	"ბიუსტჰალტერი Push-up „All In One“ ყავისფერი Bomb"
"PRODUCT"	"8995442983109"	"body_html"	"ka"	""	""	"Push-Up Jumpsuit designed to enhance your curves and provide maximum support, offering a chic, sophisticated look.
• Built-in shelf bra with two layers and removable cups provides extra support
• Crossover straps at the back
•Invisible scrunch bum

<strong>Material and Care:</strong>
• 90% Nylon, 10% Spandex
• For optimal care of this sportswear, follow the care label instructions and use the delicate cycle."	"Push-Up კომბინეზონი შექმნილია თქვენი სხეულის ხაზების ხაზგასასმელად და მაქსიმალური მხარდაჭერისთვის, რაც გთავაზობთ ელეგანტურ, დახვეწილ იერს.
• ორფენიანი ჩაშენებული ლიფი მოხსნადი ბიუსტჰალტერის ღრუბლებით დამატებით მხარდაჭერას უზრუნველყოფს
• ჯვარედინი ზოლები ზურგზე
• უხილავი ""scrunch bum"" ეფექტი

<strong>მასალა და მოვლა:</strong>
• 90% ნეილონი, 10% სპანდექსი
• სპორტული ტანსაცმლის ოპტიმალური მოვლისთვის მიჰყევით ეტიკეტზე მითითებებს და გამოიყენეთ დელიკატური რეცხვის რეჟიმი."
"PRODUCT"	"8995442983109"	"meta_title"	"ka"	""	""	"Push-up All In One Brown Bomb"	"აირჩიე იდეალური ბიუსტჰალტერი შენი ფორმისთვის!"
"PRODUCT"	"8995442983109"	"meta_description"	"ka"	""	""	"გრძელი სავარჯიშო კომბინიზონი. იდეალურად კრავს ტანს, ვიზუალურად ახდუნებს და გამოკვეთს ფორმებს.მასალა: Polyester/Spandex"	"Long training jumpsuit. Perfectly fits the body, visually slims, and highlights the figure. Material: Polyester/Spandex"
"PRODUCT"	"8995443015877"	"title"	"ka"	""	""	"Shorts Olive Classic"	"შორტები „ზეთისხილისფერი კლასიკური“"
"PRODUCT"	"8995443015877"	"body_html"	"ka"	""	""	"• Shorts
•Booty contouring and enhancing

Material and Care:
• 75% Nylon, 25% Spandex
• Incredibly soft and seamless, you’ll never want to take it off
• Handle with care when wearing and washing this delicate style"	"• შორტი
• დუნდულების კონტურირება და გაუმჯობესება

მასალა და მოვლა:
• 75% ნეილონი, 25% სპანდექსი
• წარმოუდგენლად რბილი და უნაკერო, არასოდეს მოგინდებათ მისი გახდა
• ფრთხილად მოექეცით ამ ნაზ სტილს ტარების და გარეცხვის დროს"
"PRODUCT"	"8995443015877"	"meta_title"	"ka"	""	""	"Shorts Olive Classic"	"შორტები Olive Classic"
"PRODUCT"	"8995443015877"	"meta_description"	"ka"	""	""	"მუქი მწვანე მოკლე სავარჯიშო მაღალწელიანი ელასტიკი, იდეალურად კრავს ტანს და გამoკვეთს უკანალს.მასალა: Spandex / Polyester"	"Dark green short exercise high-waisted leggings, perfectly wraps the body and highlights the butt.Material: Spandex / Polyester"
"PRODUCT"	"8995443048645"	"title"	"ka"	""	""	"Push-up Crossover Leggings Bomby Ivory"	"ქროსოვერ ტაიტები აზიდვის ეფექტით, ფერი: სპილოს ძვლისფერი ბომბი"
"PRODUCT"	"8995443048645"	"body_html"	"ka"	""	""	"Seamless Push-up leggings
• Full-length leggings
• Invisible scrunch bum
•Crisscross design at waist
•Booty contouring and enhancing

Material and Care:
• 90% Nylon, 10% Spandex
• Incredibly soft and seamless, you’ll never want to take it off
• Handle with care when wearing and washing this delicate style"	"უწყვეტი ბიუსტჰალტერის ეფექტის მქონე ლეგინსები
• სრული სიგრძის ლეგინსები
• უხილავი ნაოჭები უკანალზე
•ჯვარედინი დიზაინი წელზე
•უკანალის ფორმის გამოკვეთა და გაუმჯობესება

მასალა და მოვლა:
• 90% ნეილონი, 10% სპანდექსი
• საოცრად რბილი და უნაკლო, არასოდეს მოგინდებათ მისი გახდა
• ფრთხილად მოეპყარით ამ ნაზ სტილს ტარებისას და რეცხვისას"
"PRODUCT"	"8995443048645"	"meta_title"	"ka"	""	""	"Push-up Crossover Leggings Bomby Ivory"	"აჩეჩილი კროსოვერ ლეგინსები, სპილოს ძვლისფერი ბომბი"
"PRODUCT"	"8995443048645"	"meta_description"	"ka"	""	""	"Push-up ელასტიკი წინ ამოჭრილი წელით, იდეალურად კრავს ტანს და კვეთს ფორმებს.მასალა: Nylon/Polyeste"	"Push-up ელასტიკი წინ ამოჭრილი წელით, იდეალურად კრავს ტანს და კვეთს ფორმებს.მასალა: Nylon/Polyester"
"PRODUCT"	"8995443114181"	"title"	"ka"	""	""	"Shorts Black Classic V2"	"შორტები შავი კლასიკური V2"
"PRODUCT"	"8995443114181"	"body_html"	"ka"	""	""	"შორტი , იდეალურად კრავს ტანს და კვეთს ფორმებს,

არ ტოვებს ოფლის ლაქებს

მასალა: Nylon / Spandex"	"შორტი იდეალურად ეკვრის ტანს და აყალიბებს ფორმებს,

არ ტოვებს ოფლის ლაქებს.

მასალა: ნეილონი / სპანდექსი"
"PRODUCT"	"8995443114181"	"meta_title"	"ka"	""	""	"Shorts Black Classic V2"	"შორტები შავი კლასიკური V2"
"PRODUCT"	"8995443114181"	"meta_description"	"ka"	""	""	"სავარჯიშო ელასტიური Push-up შორტი, იდეალურად კრავს ტანს და კვეთს ფორმებს,არ ტოვებს ოფლის ლაქებსმასალა: Nylon / Spandex"	"Exercise Elastic Push-up Shorts, perfectly hugs the body and sculpts shapes, does not leave sweat stainsMaterial: Nylon / Spandex"
"PRODUCT"	"8995443146949"	"title"	"ka"	""	""	"Shorts Brown Classic"	"შორტები, ყავისფერი, კლასიკური"
"PRODUCT"	"8995443146949"	"body_html"	"ka"	""	""	"მოკლე შორტი , იდეალურად კრავს ტანს და კვეთს ფორმებს,

არ ტოვებს ოფლის ლაქებს

მასალა: Nylon / Spandex"	"Short shorts, perfectly hug the body and accentuate shapes,

Do not leave sweat stains

Material: Nylon / Spandex"
"PRODUCT"	"8995443146949"	"meta_title"	"ka"	""	""	"Shorts Brown Classic"	"შორტი, ყავისფერი, კლასიკური"
"PRODUCT"	"8995443146949"	"meta_description"	"ka"	""	""	"სავარჯიშო ელასტიური Push-up შორტი, იდეალურად კრავს ტანს და კვეთს ფორმებს,არ ტოვებს ოფლის ლაქებსმასალა: Nylon / Spandex"	"Exercise Elastic Push-up Shorts, perfectly hugs the body and sculpts shapes, does not leave sweat stainsMaterial: Nylon / Spandex"
"PRODUCT"	"8995443179717"	"title"	"ka"	""	""	"Push-up Shorts Black Marble"	"ათლეტური შორტი „ბლექ მარბლი“"
"PRODUCT"	"8995443179717"	"body_html"	"ka"	""	""	"სავარჯიშო მაღალწელიანი Push-up შორტი, იდეალურად კრავს ტანს და გამოკვეთს უკანალს.

მასალა: Spandex / Polyester"	"High-waisted push-up shorts for workout, perfectly hugs the body and accentuates the buttocks.

Material: Spandex / Polyester"
"PRODUCT"	"8995443179717"	"meta_title"	"ka"	""	""	"Push-up Shorts Black Marble"	"შავი მარმარილოს ეფექტის აწევის ფუნქციის მქონე შორტი"
"PRODUCT"	"8995443179717"	"meta_description"	"ka"	""	""	"სავარჯიშო მაღალწელიანი Push-up შორტი, იდეალურად კრავს ტანს და გამოკვეთს უკანალს.მასალა:: Spandex / Polyester"	"High-waisted push-up shorts that perfectly hug your body and accentuate your butt. Material: Spandex / Polyester"
"PRODUCT"	"8995443212485"	"title"	"ka"	""	""	"Push-up Shorts Booty Dark Grey"	"აჟღურტულებული შორტები, მუქი ნაცრისფერი"
"PRODUCT"	"8995443212485"	"body_html"	"ka"	""	""	"Seamless Push-up shorts
• Shorts
• Invisible scrunch bum
•Booty contouring and enhancing

Material and Care:
• 90% Nylon, 10% Spandex
• Incredibly soft and seamless, you’ll never want to take it off
• Handle with care when wearing and washing this delicate style"	"ნაკერების გარეშე „ფუშ-აფ“ შორტები
• შორტები
• უხილავი „სქრანჩ ბამი“
• დუნდულების კონტურირება და გადიდება

მასალა და მოვლა:
• 90% ნეილონი, 10% სპანდექსი
• წარმოუდგენლად რბილი და ნაკერების გარეშე, მისი გაძრობა არასდროს მოგინდებათ
• დელიკატური სტილის ტარებისას და რეცხვისას მოუარეთ სიფრთხილით"
"PRODUCT"	"8995443212485"	"meta_title"	"ka"	""	""	"Push-up Shorts Booty Dark Grey"	"აჭიმვადი შორტი, უკანალის ხაზგამსმელი, მუქი ნაცრისფერი"
"PRODUCT"	"8995443212485"	"meta_description"	"ka"	""	""	"მუქი ნაცრისფერი სავარჯიშო Push-up შორტი, იდეალურად კრავს ტანს და გამოკვეთს უკანალს.*ერთი ზომით პატარაა (S ზომა მიდის Xs-ზე, M ზომა მიდის S-ზე და ა.შ)"	"Dark grey exercise Push-up shorts, perfectly shapes the body and accentuates the butt. *Runs one size small (size S fits XS, size M fits S, etc.)"
"PRODUCT"	"8995443245253"	"title"	"ka"	""	""	"Push-up Leggings Beige Bomby"	"აჟღერებული ლეგინსები, კრემისფერი, Bomby"
"PRODUCT"	"8995443245253"	"body_html"	"ka"	""	""	"Seamless Push-up leggings
• Full-length leggings
• Invisible scrunch bum
•Booty contouring and enhancing

<strong>Material and Care:</strong>
• 90% Nylon, 10% Spandex
• Incredibly soft and seamless, you’ll never want to take it off
• Handle with care when wearing and washing this delicate style"	"უაკერო გამწევი ლეგინსები
• სრული სიგრძის გამაშები
• უხილავი დაჭიმული დუნდულები
• დუნდულების კონტურირება და გაუმჯობესება

<strong>მასალა და მოვლა:</strong>
• 90% ნეილონი, 10% სპანდექსი
• საოცრად რბილი და უნაკერო, არასოდეს მოგინდებათ მისი გახდა
• მოეპყარით სიფრთხილით ამ დელიკატური სტილის ტარებისას და რეცხვისას"
"PRODUCT"	"8995443245253"	"meta_title"	"ka"	""	""	"Push-up Leggings Beige Bomby"	"აჭიმვადი ლეგინსები კრემისფერი ბომბი"
"PRODUCT"	"8995443245253"	"meta_description"	"ka"	""	""	"ბეჟი Push-up ელასტიკი, იდეალურად კრავს ტანს და გამოკვეთს უკანალს. მასალა: Spandex / Polyester"	"Beige push-up elastic, perfectly shapes the body and accentuates the buttocks. Material: Spandex / Polyester"
"PRODUCT"	"8995443278021"	"title"	"ka"	""	""	"სავარჯიშო ჩანთა Grey Fit"	"სავარჯიშო ჩანთა Grey Fit"
"PRODUCT"	"8995443278021"	"body_html"	"ka"	""	""	"სავარჯიშო ჩანთა ელვა შესაკრავით, არის წყალგამძლე, აქვს ცალკე სივრცე ფეხსაცმლის ჩასადებად.

ზომა: 47*26 (სმ.)"	"Sports bag with zipper, is waterproof, has a separate space for shoes.

Size: 47*26 (cm.)"
"PRODUCT"	"8995443278021"	"meta_title"	"ka"	""	""	"სავარჯიშო ჩანთა Grey Fit"	"Exercise Bag Grey Fit"
"PRODUCT"	"8995443278021"	"meta_description"	"ka"	""	""	"შავი სავარჯიშო ჩანთა ელვა შესაკრავით, შიგნით აქვს პატარა ჯიბე. ზომა: 41*26 (სმ.)"	"Black gym bag with zipper closure, has a small pocket inside. Size: 41*26 (cm)"
"PRODUCT"	"8995443376325"	"title"	"ka"	""	""	"Push-up Flared Leggings Khaki Podium"	"აჭიმვადი გაშლილი ლეგინსები ხაკისფერი პოდიუმი"
"PRODUCT"	"8995443376325"	"body_html"	"ka"	""	""	"Flared Push-up Leggings for a chic and stylish fit
•High-waisted
•Scrunch bum
<strong>Material and care:</strong>
•78% Nylon, 22% Spandex
• For optimal care of this sportswear, follow the care label instructions and use the delicate cycle"	"გაშლილი პუშ-აპი ლეგინსები დახვეწილი და ელეგანტური სტილისთვის
•მაღალწელიანი
•უკან შეკუმშვით
<strong>მასალა და მოვლა:</strong>
•78% ნეილონი, 22% სპანდექსი
• ამ სპორტული ტანსაცმლის ოპტიმალური მოვლისთვის, მიჰყევით ეტიკეტზე მითითებებს და გამოიყენეთ ნაზი რეცხვის რეჟიმი"
"PRODUCT"	"8995443376325"	"meta_title"	"ka"	""	""	"Push-up Flared Leggings Khaki Podium"	"აჭიმვადი გაშლილი ლეგინსები, ხაკისფერი, Podium"
"PRODUCT"	"8995443376325"	"meta_description"	"ka"	""	""	"მწვანე შლაქსის Push-up შარვალი , იდეალურად კრავს ტანს და გამოკვეთს უკანალს.წელვადი, არ ლანდავს.მასალა:: Spandex / Polyester"	"Green slacks, push-up trousers, perfectly embrace the body and highlight the buttocks. Stretchy, not see-through. Material: Spandex / Polyester"
"PRODUCT"	"8995443409093"	"title"	"ka"	""	""	"Push-up Flared Leggings Brown Podium"	"აჭიმვადი გაშლილი ლეგინსები ყავისფერი Podium"
"PRODUCT"	"8995443409093"	"body_html"	"ka"	""	""	"Flared Push-up Leggings for a chic and stylish fit
•High-waisted
•Scrunch bum
<strong>Material and care:</strong>
•78% Nylon, 22% Spandex
• For optimal care of this sportswear, follow the care label instructions and use the delicate cycle"	"გაშლილი პუშ-აპი ლეგინსები დახვეწილი და ელეგანტური სტილისთვის
•მაღალწელიანი
•უკან შეკუმშვით
<strong>მასალა და მოვლა:</strong>
•78% ნეილონი, 22% სპანდექსი
• ამ სპორტული ტანსაცმლის ოპტიმალური მოვლისთვის, მიჰყევით ეტიკეტზე მითითებებს და გამოიყენეთ ნაზი რეცხვის რეჟიმი"
"PRODUCT"	"8995443409093"	"meta_title"	"ka"	""	""	"Push-up Flared Leggings Brown Podium"	"ფუშ-აპი გაშვებული ლეგინსები, ყავისფერი, პოდიუმი"
"PRODUCT"	"8995443409093"	"meta_description"	"ka"	""	""	"ყავისფერი შლაქსის Push-up შარვალი , იდეალურად კრავს ტანს და გამოკვეთს უკანალს.წელვადი, არ ლანდავს.მასალა:: Spandex / Polyester"	"Brown push-up leggings. Perfectly sculpts the body and accentuates the buttocks. Stretchy, not see-through. Material: Spandex / Polyester"
"PRODUCT"	"8995443474629"	"title"	"ka"	""	""	"Sports Bra Black Fox"	"სპორტული ბიუსტჰალტერი შავი მელია"
"PRODUCT"	"8995443474629"	"body_html"	"ka"	""	""	"ელასტიური ტოპი, აქვს გუფკა.მასალა: Spandex / Polyester"	"Elastic top, has sponges. Material: Spandex / Polyester"
"PRODUCT"	"8995443474629"	"meta_title"	"ka"	""	""	"Sports Bra Black Fox"	"სპორტული ბიუსტჰალტერი Black Fox"
"PRODUCT"	"8995443474629"	"meta_description"	"ka"	""	""	"ღია შინდისფერი ელასტიური სავარჯიშო ტოპი, აქვს გუფკა.მასალა: Spandex / Polyester"	"Light maroon elastic workout top, with sponges. Material: Spandex / Polyester"
"PRODUCT"	"8995443507397"	"title"	"ka"	""	""	"Push-up Leggings Blue Sky Vortex"	"აჭიმვადი ლეგინსები Blue Sky Vortex"
"PRODUCT"	"8995443507397"	"body_html"	"ka"	""	""	"Seamless Push-up leggings
• Scrunch bum
• Full-length leggings
• Invisible scrunch bum
•Booty contouring and enhancing

<strong>Material and Care:</strong>
• 90% Nylon, 10% Spandex
• Incredibly soft and seamless, you’ll never want to take it off
• Handle with care when wearing and washing this delicate style"	"უკერო ლეგინსები აზიდვის ეფექტით
• ნაკეცით უკანალზე
• მთლიანი სიგრძის ლეგინსები
• უხილავი ნაკეცი უკანალზე
•დუნდულების კონტურირება და გაუმჯობესება

<strong>მასალა და მოვლა:</strong>
• 90% ნეილონი, 10% სპანდექსი
• საოცრად რბილი და უკერო, არასდროს მოგინდებათ მისი გახდა
• ფრთხილად მოეპყარით ამ დელიკატურ სტილს ტარებისა და რეცხვისას"
"PRODUCT"	"8995443507397"	"meta_title"	"ka"	""	""	"Push-up Leggings Blue Sky Vortex"	"მკერდის ამწევი ლეგინსები, ცისფერი ცის მორევი"
"PRODUCT"	"8995443507397"	"meta_description"	"ka"	""	""	"სავარჯიშო მაღალწელიანი Push-up ლეგინსი, იდეალურად კრავს ტანს და გამოკვეთს უკანალს.წელვადი, არ ლანდავს.მასალა:: Spandex / Polyester"	"High-waisted push-up leggings, perfectly sculpt the body and accentuate the glutes. Stretchy, not see-through. Material: Spandex / Polyester"
"PRODUCT"	"8995443572933"	"title"	"ka"	""	""	"Push-up Shorts Bomby Brown"	"Push-up შორტი Bomby Brown"
"PRODUCT"	"8995443572933"	"body_html"	"ka"	""	""	"Push-up შორტი , იდეალურად კრავს ტანს და კვეთს ფორმებს,

არ ტოვებს ოფლის ლაქებს

მასალა: Nylon / Spandex"	"Push-up შორტი, იდეალურად კრავს ტანს და აყალიბებს ფორმებს,

არ ტოვებს ოფლის ლაქებს

მასალა: Nylon / Spandex"
"PRODUCT"	"8995443572933"	"meta_title"	"ka"	""	""	"Push-up Shorts Bomby Brown"	"ქალის შორტი Push-up Bomby Brown"
"PRODUCT"	"8995443572933"	"meta_description"	"ka"	""	""	"სავარჯიშო ელასტიური Push-up შორტი, იდეალურად კრავს ტანს და კვეთს ფორმებს,არ ტოვებს ოფლის ლაქებსმასალა: Nylon / Spandex"	"Exercise Elastic Push-up Shorts, perfectly hugs the body and sculpts shapes, does not leave sweat stainsMaterial: Nylon / Spandex"
"PRODUCT"	"8995443704005"	"title"	"ka"	""	""	"Push-up Leggings Navy Vortex"	"აჭიმვადი ლეგინსები მუქი ლურჯი ვორტექსი"
"PRODUCT"	"8995443704005"	"body_html"	"ka"	""	""	"Seamless Push-up leggings
• Scrunch bum
• Full-length leggings
• Invisible scrunch bum
•Booty contouring and enhancing

<strong>Material and Care:</strong>
• 90% Nylon, 10% Spandex
• Incredibly soft and seamless, you’ll never want to take it off
• Handle with care when wearing and washing this delicate style"	"უკერო ლეგინსები აზიდვის ეფექტით
• ნაკეცით უკანალზე
• მთლიანი სიგრძის ლეგინსები
• უხილავი ნაკეცი უკანალზე
•დუნდულების კონტურირება და გაუმჯობესება

<strong>მასალა და მოვლა:</strong>
• 90% ნეილონი, 10% სპანდექსი
• საოცრად რბილი და უკერო, არასდროს მოგინდებათ მისი გახდა
• ფრთხილად მოეპყარით ამ დელიკატურ სტილს ტარებისა და რეცხვისას"
"PRODUCT"	"8995443704005"	"meta_title"	"ka"	""	""	"Push-up Leggings Navy Vortex"	"ქალის გამაშები „ქაჩვა“ მუქი ლურჯი Vortex"
"PRODUCT"	"8995443704005"	"meta_description"	"ka"	""	""	"სავარჯიშო მაღალწელიანი Push-up ორეული, იდეალურად კრავს ტანს და გამოკვეთს უკანალს.წელვადი, არ ლანდავს.მასალა:: Spandex / Polyester"	"High-waisted push-up workout set, perfectly snugs the body and accentuates the bum. Stretchy, not see-through. Material: Spandex / Polyester"
"PRODUCT"	"8995443769541"	"title"	"ka"	""	""	"Push-up Leggings Dark Leopard"	"აჭიმვადი ლეგინსები, მუქი ლეოპარდის პრინტით"
"PRODUCT"	"8995443769541"	"body_html"	"ka"	""	""	"სავარჯიშო Push-up  ელასტიკი ლეოპარდის პრინტით, იდეალურად კრავს ტანს და კვეთს ფორმებს.

მასალა:  Polyester / Spandex"	"Push-up სავარჯიშო ელასტიკი ლეოპარდის პრინტით, იდეალურად კრავს ტანს და აყალიბებს ფორმებს.

მასალა: პოლიესტერი / სპანდექსი"
"PRODUCT"	"8995443769541"	"meta_title"	"ka"	""	""	"Push-up Leggings Dark Leopard"	"აჭიმვადი ლეგინსები, მუქი ლეოპარდის პრინტით"
"PRODUCT"	"8995443769541"	"meta_description"	"ka"	""	""	"სავარჯიშო Push-up  ელასტიკი ლეოპარდის პრინტით, იდეალურად კრავს ტანს და კვეთს ფორმებს.მასალა:  Polyester / Spandex"	"Push-up სავარჯიშო ელასტიკი ლეოპარდის პრინტით, იდეალურად კრავს ტანს და აყალიბებს ფორმებს.მასალა: პოლიესტერი / სპანდექსი"
"PRODUCT"	"8995443835077"	"title"	"ka"	""	""	"Push-up Crossover Leggings Bomby Light Grey"	"აჭიმვის ეფექტის მქონე, გადაჯვარედინებული შარვალი-ლეჯინსი, ღია ნაცრისფერი „ბომბი“"
"PRODUCT"	"8995443835077"	"body_html"	"ka"	""	""	"Push-up ელასტიკი წინ ამოჭრილი წელით, იდეალურად კრავს ტანს და კვეთს ფორმებს.

მასალა: Nylon/Polyester"	"Push-up ელასტიკი წინ ამოჭრილი წელით, იდეალურად კრავს ტანს და აყალიბებს ფორმებს.

მასალა: ნეილონი/პოლიესტერი"
"PRODUCT"	"8995443835077"	"meta_title"	"ka"	""	""	"Push-up Crossover Leggings Bomby Light Grey"	"ქროსოვერ გამაშები აზიდვის ეფექტით Bomby ღია ნაცრისფერი"
"PRODUCT"	"8995443835077"	"meta_description"	"ka"	""	""	"Push-up ელასტიკი წინ ამოჭრილი წელით, იდეალურად კრავს ტანს და კვეთს ფორმებს.მასალა: Nylon/Polyeste"	"Push-up ელასტიკი წინ ამოჭრილი წელით, იდეალურად კრავს ტანს და კვეთს ფორმებს.მასალა: Nylon/Polyester"
"PRODUCT"	"8995443900613"	"title"	"ka"	""	""	"Sports Bra White Free Size"	"სპორტული ბიუსტჰალტერი, თეთრი, თავისუფალი ზომა"
"PRODUCT"	"8995443900613"	"body_html"	"ka"	""	""	"თეთრი ელასტიური სავარჯიშო ტოპი ბრეტელებით, აქვს გუფკა.

მასალა: Spandex / Polyester"	"White stretchy workout top with straps and padding.

Material: Spandex / Polyester"
"PRODUCT"	"8995443900613"	"meta_title"	"ka"	""	""	"Sports Bra White Free Size"	"სპორტული ბიუსტჰალტერი, თეთრი, თავისუფალი ზომა"
"PRODUCT"	"8995443900613"	"meta_description"	"ka"	""	""	"თეთრი ელასტიური სავარჯიშო ტოპი ბრეტელებით, აქვს გუფკა.მასალა: Spandex / Polyester"	"White elastic exercise top with straps, has a sponge.Material: Spandex / Polyester"
"PRODUCT"	"8995443933381"	"title"	"ka"	""	""	"Push-up Shorts Bomby Beige"	"ბომბი კრემისფერი შორტები (აჩენს დუნდულებს)"
"PRODUCT"	"8995443933381"	"body_html"	"ka"	""	""	"Seamless Push-up Shorts
• Bike Shorts
• Invisible scrunch bum
•Booty contouring and enhancing

<strong>Material and Care:</strong>
• 90% Nylon, 10% Spandex
• Incredibly soft and seamless, you’ll never want to take it off
• Handle with care when wearing and washing this delicate style"	"<span>• უნაკლო პუშ-აპ შორტები
• ველო შორტები
• უხილავი „სქრანჩ ბამი“ (scrunch bum)
• დუნდულების კონტურის გაუმჯობესება და გამოკვეთა
<br>
<br><strong>მასალა და მოვლა:</strong>
• 90% ნეილონი, 10% სპანდექსი
• წარმოუდგენლად რბილი და უნაკლო, არ მოგინდებათ მისი გახდა
• ფრთხილად მოეპყარით ამ ნაზ სტილს ტარებისა და რეცხვის დროს</span>"
"PRODUCT"	"8995443933381"	"meta_title"	"ka"	""	""	"Push-up Shorts Bomby Beige"	"ბიუსჰალტერი შორტები Bomby Beige"
"PRODUCT"	"8995443933381"	"meta_description"	"ka"	""	""	"სავარჯიშო მაღალწელიანი Push-up შორტი, იდეალურად კრავს ტანს და გამოკვეთს უკანალს.მასალა: Spandex / Polyester"	"High-waist Push-up shorts for workout, perfectly snugs the body and accentuates the butt. Material: Spandex / Polyester"
"PRODUCT"	"8995443966149"	"title"	"ka"	""	""	"Push-up Leggings Black Bomb"	"აწევის ეფექტის მქონე შავი ლეგინსები Bomb"
"PRODUCT"	"8995443966149"	"body_html"	"ka"	""	""	"Seamless Push-up leggings
• Full-length leggings
• Invisible scrunch bum
•Booty contouring and enhancing

<strong>Material and Care:</strong>
• 90% Nylon, 10% Spandex
• Incredibly soft and seamless, you’ll never want to take it off
• Handle with care when wearing and washing this delicate style"	"უაკერო გამწევი ლეგინსები
• სრული სიგრძის გამაშები
• უხილავი დაჭიმული დუნდულები
• დუნდულების კონტურირება და გაუმჯობესება

<strong>მასალა და მოვლა:</strong>
• 90% ნეილონი, 10% სპანდექსი
• საოცრად რბილი და უნაკერო, არასოდეს მოგინდებათ მისი გახდა
• მოეპყარით სიფრთხილით ამ დელიკატური სტილის ტარებისას და რეცხვისას"
"PRODUCT"	"8995443966149"	"meta_title"	"ka"	""	""	"Push-up Leggings Black Bomb"	"შავი ელასტიკური ლეგინსი Push-Up Bomb"
"PRODUCT"	"8995443966149"	"meta_description"	"ka"	""	""	"სავარჯიშო შავი, შავი ლეგინსი, შავი ფუშაფ ლეგინსი, ფუშაპ ელასტიკი, შავი ელასტიკი. შავი სავარჯიშო შარვალი, Push-up ელასტიკი, იდეალურად კრავს ტანს და გამოკვეთს უკანალს.მასალა: Spandex / Polyester"	"შავი სავარჯიშო ლეგინსი, შავი ფუშაპ ლეგინსი, ფუშაპ ელასტიკი, შავი ელასტიკი. შავი სავარჯიშო შარვალი, Push-up ელასტიკი, იდეალურად კრავს ტანს და გამოკვეთს უკანალს.მასალა: Spandex / Polyester"
"PRODUCT"	"8995443998917"	"title"	"ka"	""	""	"Sports Bra Royal Blue Butterfly"	"სპორტული ბიუსტჰალტერი, სამეფო ლურჯი, პეპელა"
"PRODUCT"	"8995443998917"	"body_html"	"ka"	""	""	"ლერჯი ელასტიური სავარჯიშო ტოპი, აქვს გუფკა.
მასალა: Spandex / Polyester"	"Lurge elastic exercise top with sponge.
Material: Spandex / Polyester"
"PRODUCT"	"8995443998917"	"meta_title"	"ka"	""	""	"Sports Bra Royal Blue Butterfly"	"სპორტული ბიუსტჰალტერი, სამეფო ლურჯი, პეპელა"
"PRODUCT"	"8995443998917"	"meta_description"	"ka"	""	""	"ელასტიური ტოპი, იდეალურად კრავს ტანს და კვეთს ფორმებს,არ ტოვებს ოფლის ლაქებსმასალა: Nylon / Spandex"	"Stretchy top, fits perfectly to the body and defines the figure, does not leave sweat stains.
Material: Nylon / Spandex"
"PRODUCT"	"8995444031685"	"title"	"ka"	""	""	"Sports Bra Blue Sky Butterfly"	"სპორტული ბიუსტჰალტერი „ცისფერი პეპელა“"
"PRODUCT"	"8995444031685"	"body_html"	"ka"	""	""	"ცისფერი ელასტიური სავარჯიშო ტოპი, აქვს გუფკა.
მასალა: Spandex / Polyester"	"Blue elastic workout top with sponge.
Material: Spandex / Polyester"
"PRODUCT"	"8995444031685"	"meta_title"	"ka"	""	""	"Sports Bra Blue Sky Butterfly"	"სპორტული ბიუსტჰალტერი ლურჯი ცის პეპელა"
"PRODUCT"	"8995444031685"	"meta_description"	"ka"	""	""	"ელასტიური ზედა, სპორტილი მოკლე ტოპი,, იდეალურად კრავს ტანს და კვეთს ფორმებს,არ ტოვებს ოფლის ლაქებსმასალა: Nylon / Spandex"	"Elastic top, short sports top, perfectly hugs the body and accentuates shapes, leaves no sweat stains.
Material: Nylon / Spandex"
"PRODUCT"	"8995444129989"	"title"	"ka"	""	""	"Sports Bra Emerald Melody"	"სპორტული ბიუსტჰალტერი Emerald Melody"
"PRODUCT"	"8995444129989"	"body_html"	"ka"	""	""	"ელასტიური ზედა, იდეალურად კრავს ტანს და კვეთს ფორმებს,

აქვს გუფკა

მასალა: Nylon / Spandex"	"ელასტიური ზედა, იდეალურად კრავს ტანს და აყალიბებს სილუეტს,

აქვს გუფკა

მასალა: ნეილონი / სპანდექსი"
"PRODUCT"	"8995444129989"	"meta_title"	"ka"	""	""	"Sports Bra Emerald Melody"	"სპორტული ბიუსტჰალტერი Emerald Melody"
"PRODUCT"	"8995444129989"	"meta_description"	"ka"	""	""	"ელასტიური კომპლექტი, იდეალურად კრავს ტანს და კვეთს ფორმებს,არ ტოვებს ოფლის ლაქებსმასალა: Nylon / Spandex"	"ელასტიური კომპლექტი იდეალურად კრავს ტანს და აყალიბებს სხეულს, არ ტოვებს ოფლის ლაქებს.
მასალა: ნეილონი / სპანდექსი"
"PRODUCT"	"8995444162757"	"title"	"ka"	""	""	"Top Pistachio Desire"	"საუკეთესო ფისტა სურვილი"
"PRODUCT"	"8995444162757"	"body_html"	"ka"	""	""	"<span data-sheets-root=""1"">90% nylon/10% spandex</span>"	"<span data-sheets-root=""1"">90% ნეილონი/10% სპანდექსი</span>"
"PRODUCT"	"8995444162757"	"meta_title"	"ka"	""	""	"Top Pistachio Desire"	"ტოპ ფისტაშკის სურვილი"
"PRODUCT"	"8995444228293"	"title"	"ka"	""	""	"Push-up Leggings Bomby Dark Khaki"	"ბომბის მუქი ხაკისფერი გამაშები (Push-up)"
"PRODUCT"	"8995444228293"	"body_html"	"ka"	""	""	"სავარჯიშო მაღალწელიანი Push-up ელასტიკი, იდეალურად კრავს ტანს და გამოკვეთს უკანალს.

მასალა: Spandex / Polyester

 "	"High-waist push-up exercise leggings. It perfectly tucks in the body and accentuates the butt.

Material: Spandex / Polyester

 "
"PRODUCT"	"8995444228293"	"meta_title"	"ka"	""	""	"Push-up Leggings Bomby Dark Khaki"	"„ბომბი“ აზიდვადი ლეგინსები, მუქი ხაკისფერი"
"PRODUCT"	"8995444228293"	"meta_description"	"ka"	""	""	"სავარჯიშო მაღალწელიანი Push-up ელასტიკი ხაკისფერი, იდეალურად კრავს ტანს და გამოკვეთს უკანალს.მასალა: Spandex / Polyester"	"High-waisted push-up elastic workout leggings in khaki color, perfectly sculpt the body and enhance the buttocks. Material: Spandex / Polyester"
"PRODUCT"	"8995444261061"	"title"	"ka"	""	""	"Zip Jacket Black Ziper V1"	"ელვაშეკრული ქურთუკი, შავი ელვა შესაკრავი V1"
"PRODUCT"	"8995444261061"	"body_html"	"ka"	""	""	"გრძელმკლავიანი ზედა ელვა შესაკრავით, იდეალურად კრავს ტანს და კვეთს ფორმებს.

არ ტოვებს ოფლის ლაქებს

მასალა: Nylon / Spandex"	"Long-sleeve top with a zipper, perfectly wraps the body and highlights its forms.

Does not leave sweat stains.

Material: Nylon / Spandex"
"PRODUCT"	"8995444261061"	"meta_title"	"ka"	""	""	"Zip Jacket Black Ziper V1"	"Zip Jacket Black Ziper V1"
"PRODUCT"	"8995444261061"	"meta_description"	"ka"	""	""	"გრძელმკლავიანი უნაკერო ზედა ელვა შესაკრავით, იდეალურად კრავს ტანს და კვეთს ფორმებს,არ ტოვებს ოფლის ლაქებსმასალა: Nylon / Spandex"	"Seamless long-sleeved top with zipper, ideally hugs the body and accentuates shapes, leaves no sweat stainsMaterial: Nylon / Spandex"
"PRODUCT"	"8995444293829"	"title"	"ka"	""	""	"Leggings Dark Grey Classic"	"ელასტიკები მუქი ნაცრისფერი კლასიკური"
"PRODUCT"	"8995444293829"	"body_html"	"ka"	""	""	"შავი სავარჯიშო მაღალწელიანი ელასტიკი, იდეალურად კრავს ტანს და გამოკვეთს უკანალს.

მასალა: Spandex / Polyester"	"Black high-waisted workout leggings, perfectly sculpts the body and accentuates the butt.

Material: Spandex / Polyester"
"PRODUCT"	"8995444293829"	"meta_title"	"ka"	""	""	"Leggings Dark Grey Classic"	"გამაშები მუქი ნაცრისფერი კლასიკური"
"PRODUCT"	"8995444293829"	"meta_description"	"ka"	""	""	"შავი სავარჯიშო მაღალწელიანი ელასტიკი, იდეალურად კრავს ტანს და გამოკვეთს უკანალს.მასალა: Spandex / Polyester"	"High-waisted black workout leggings, perfectly flatters the figure and accentuates the glutes.
Material: Spandex / Polyester"
"PRODUCT"	"8995444359365"	"title"	"ka"	""	""	"Push-up Leggings Colorful Leopard"	"""პუშ-აპ"" ლეგინსი ფერადი ლეოპარდი"
"PRODUCT"	"8995444359365"	"body_html"	"ka"	""	""	"Seamless Push-up leggings
• Full-length leggings
• Invisible scrunch bum
•Booty contouring and enhancing
•Mesh cutouts at bottom

Material and Care:
• 90% Nylon, 10% Spandex
• Incredibly soft and seamless, you’ll never want to take it off
• Handle with care when wearing and washing this delicate style"	"უტი ნაკერო პუშ-აპი ლეგინსები
• სრულმეტრაჟიანი ლეგინსები
• უხილავი დაჭიმვადი უკანალი
• უკანალის კონტურის გაუმჯობესება და გამოკვეთა
• ბადისებრი ამოჭრილები ქვედა ნაწილში

მასალა და მოვლა:
• 90% ნეილონი, 10% სპანდექსი
• წარმოუდგენლად რბილი და უნაკერო, არასდროს მოგინდებათ მისი გახდა
• ფრთხილად მოექეცით ამ ნაზ სტილს ტარებისას და რეცხვისას"
"PRODUCT"	"8995444359365"	"meta_title"	"ka"	""	""	"Push-up Leggings Colorful Leopard"	"აჭიმვადი ლეგინსები ფერადი ლეოპარდის პრინტით"
"PRODUCT"	"8995444359365"	"meta_description"	"ka"	""	""	"შავი სავარჯიშო მაღალწელიანი Push-up ორეული, იდეალურად კრავს ტანს და გამოკვეთს უკანალს.წელვადი, არ ლანდავს.მასალა:: Spandex / Polyester"	"Black high-waisted Push-up workout set, perfectly snugs the body and emphasizes the glutes. Stretchy, not see-through. Material: Spandex / Polyester"
"PRODUCT"	"8995444392133"	"title"	"ka"	""	""	"Push-up Jumpsuit Dark Grey Victory"	"ბიუსტჰალტერიანი კომბინეზონი, მუქი ნაცრისფერი Victory"
"PRODUCT"	"8995444392133"	"body_html"	"ka"	""	""	"Push-Up Jumpsuit designed to enhance your curves and provide maximum support, offering a chic, sophisticated look.
• Built-in shelf bra with two layers and removable cups provides extra support
•Invisible scrunch bum

<strong>Material and Care:</strong>
• 90% Nylon, 10% Spandex
• For optimal care of this sportswear, follow the care label instructions and use the delicate cycle."	"პუშ-აპ კომბინიზონი, რომელიც შექმნილია თქვენი სხეულის ხაზების ხაზგასასმელად და მაქსიმალური მხარდაჭერის უზრუნველსაყოფად, ელეგანტური და დახვეწილი იერისთვის.
• ჩაშენებული ორფენიანი ბიუსტჰალტერი ამოსაღები ჩანართებით უზრუნველყოფს დამატებით მხარდაჭერას
• უხილავი რბილი ეფექტი

<strong>მასალა და მოვლა:</strong>
• 90% ნეილონი, 10% სპანდექსი
• ამ სპორტული ტანსაცმლის ოპტიმალური მოვლისთვის, მიჰყევით მოვლის ინსტრუქციებს და გამოიყენეთ დელიკატური რეცხვის რეჟიმი."
"PRODUCT"	"8995444392133"	"meta_title"	"ka"	""	""	"Push-up Jumpsuit Dark Grey Victory"	"ბოდე-კომბინეზონი Push-up მუქი ნაცრისფერი Victory"
"PRODUCT"	"8995444392133"	"meta_description"	"ka"	""	""	"სავარჯიშო კომბინიზონი, აქვს გუფკა. იდეალურად კრავს ტანს და ვიზუალურად ახდუნებს. მასალა: Polyester"	"Exercise jumpsuit with sponge pads. Perfectly tightens the body and makes it visually slimmer. Material: Polyester"
"PRODUCT"	"8995444424901"	"title"	"ka"	""	""	"Classic Set Black Dry Fit"	"კლასიკური ნაკრები შავი Dry Fit"
"PRODUCT"	"8995444424901"	"body_html"	"ka"	""	""	"შავი სავარჯიშო მაღალწელიანი ორეული ელვიანი ზედით, იდეალურად კრავს ტანს და გამოკვეთს ფორმებს.

წელვადი, არ ლანდავს.

მასალა: Spandex / Polyester"	"Black high-waisted workout set with a zip-up top, perfectly sculpts the body and accentuates curves.

Stretchy, not see-through.

Material: Spandex / Polyester"
"PRODUCT"	"8995444424901"	"meta_title"	"ka"	""	""	"Classic Set Black Dry Fit"	"კლასიკური ნაკრები, შავი, Dry Fit"
"PRODUCT"	"8995444424901"	"meta_description"	"ka"	""	""	"შავი სავარჯიშო მაღალწელიანი Push-up ორეული, იდეალურად კრავს ტანს და გამოკვეთს უკანალს.წელვადი, არ ლანდავს.მასალა:: Spandex / Polyester"	"Black high-waisted Push-up workout set, perfectly snugs the body and emphasizes the glutes. Stretchy, not see-through. Material: Spandex / Polyester"
"PRODUCT"	"8995444490437"	"title"	"ka"	""	""	"Push-up Set Black V"	"აჟლეტილები შავი V"
"PRODUCT"	"8995444490437"	"body_html"	"ka"	""	""	"შავი სავარჯიშო მაღალწელიანი Push-up ორეული, იდეალურად კრავს ტანს და გამოკვეთს უკანალს.

წელვადი, არ ლანდავს.

მასალა: Spandex / Polyester"	"Black Push-up high-waisted workout set, perfectly snugs the body and accentuates the butt.

Stretchy, not see-through.

Material: Spandex / Polyester"
"PRODUCT"	"8995444490437"	"meta_title"	"ka"	""	""	"Push-up Set Black V"	"ბიუსჰალტერი „ფუშ-აპი“ (კომპლექტი) შავი V"
"PRODUCT"	"8995444490437"	"meta_description"	"ka"	""	""	"შავი სავარჯიშო მაღალწელიანი Push-up ორეული, იდეალურად კრავს ტანს და გამოკვეთს უკანალს.წელვადი, არ ლანდავს.მასალა:: Spandex / Polyester"	"Black high-waisted Push-up workout set, perfectly snugs the body and emphasizes the glutes. Stretchy, not see-through. Material: Spandex / Polyester"
"PRODUCT"	"8995444523205"	"title"	"ka"	""	""	"Push-up Jumpsuit  Black Core"	"ქალის კომბინეზონი შავი, მკერდის ამწევი ეფექტით"
"PRODUCT"	"8995444523205"	"body_html"	"ka"	""	""	"შავი სავარჯიშო Push-up  კომბინიზონი, აქვს გუფკა.
იდეალურად კრავს ტანს და ვიზუალურად ახდუნებს.
მასალა: Polyester"	"Black Push-up jumpsuit with sponges.
It perfectly hugs the body and visually slims it.
Material: Polyester"
"PRODUCT"	"8995444523205"	"meta_title"	"ka"	""	""	"Push-up Jumpsuit  Black Core"	"ბიუსჰალტერიანი კომბინეზონი, შავი (Core)"
"PRODUCT"	"8995444523205"	"meta_description"	"ka"	""	""	"შავი სავარჯიშო კომბინიზონი, აქვს გუფკა. იდეალურად კრავს ტანს და ვიზუალურად ახდუნებს. მასალა: Polyester"	"Black exercise jumpsuit, has sponge. Perfectly wraps the body and visually slims. Material: Polyester"
"PRODUCT"	"8995444588741"	"title"	"ka"	""	""	"Push-up Set Black Podium"	"აჭიმვების ნაკრები, შავი პოდიუმი"
"PRODUCT"	"8995444588741"	"body_html"	"ka"	""	""	"Set with Flared Push-up Set for a chic and stylish fit
•High-waisted
•Scrunch bum
<strong>Material and care:</strong>
•78% Nylon, 22% Spandex
• For optimal care of this sportswear, follow the care label instructions and use the delicate cycle"	"ელასტიკური პუშ-აპის ნაკრები ელეგანტური სტილისთვის
•მაღალწელიანი
•შეჭმუხნული უკანა ნაწილი
<strong>მასალა და მოვლა:</strong>
•78% ნეილონი, 22% სპანდექსი
• სპორტული ტანსაცმლის ოპტიმალური მოვლისთვის, მიჰყევით ეტიკეტზე მითითებებს და გამოიყენეთ დელიკატური რეჟიმი"
"PRODUCT"	"8995444588741"	"meta_title"	"ka"	""	""	"Push-up Set Black Podium"	"ააწევის სეტი შავი პოდიუმი"
"PRODUCT"	"8995444588741"	"meta_description"	"ka"	""	""	"შლაქსის Push-up კომპლექტი , იდეალურად კრავს ტანს და გამოკვეთს უკანალს.წელვადი, არ ლანდავს.მასალა:: Spandex / Polyester"	"Push-up slack set. Perfectly conforms to the body and emphasizes the buttocks. Stretchy, not transparent. Material: Spandex / Polyester"
"PRODUCT"	"8995444621509"	"title"	"ka"	""	""	"Push-up Jumpsuit Black Podium"	"აქვსტაცებული კომბინეზონი, შავი, Podium"
"PRODUCT"	"8995444621509"	"body_html"	"ka"	""	""	"Flared Push-Up Jumpsuit designed to enhance your curves and provide maximum support, offering a chic, sophisticated look.
• Built-in shelf bra with two layers and removable cups provides extra support
•Long Sleeve
•Invisible scrunch bum

<strong>Material and Care:</strong>
• 90% Nylon, 10% Spandex
• For optimal care of this sportswear, follow the care label instructions and use the delicate cycle."	"გაშლილი Push-Up კომბინეზონი შექმნილია თქვენი სხეულის ხაზების ხაზგასასმელად და მაქსიმალური მხარდაჭერისთვის, რაც უზრუნველყოფს ელეგანტურ, დახვეწილ იერს.
• ჩაშენებული ორფენიანი ბრალეტი მოსახსნელი ბალიშებით დამატებით მხარდაჭერას უზრუნველყოფს
• გრძელი სახელოები
• უხილავი scrunch bum (უკანალის ეფექტი)

<strong>მასალა და მოვლა:</strong>
• 90% ნეილონი, 10% სპანდექსი
• ამ სპორტული ტანსაცმლის ოპტიმალური მოვლისთვის, მიჰყევით მოვლის ინსტრუქციებს და გამოიყენეთ დელიკატური რეცხვის რეჟიმი."
"PRODUCT"	"8995444621509"	"meta_title"	"ka"	""	""	"Push-up Jumpsuit Black Podium"	"ბიუსტჰალტერიანი კომბინეზონი Black Podium"
"PRODUCT"	"8995444621509"	"meta_description"	"ka"	""	""	"სავარჯიშო კომბინიზონი, აქვს გუფკა. იდეალურად კრავს ტანს და ვიზუალურად ახდუნებს. მასალა: Polyester"	"Exercise jumpsuit with sponge pads. Perfectly tightens the body and makes it visually slimmer. Material: Polyester"
"PRODUCT"	"8995444687045"	"title"	"ka"	""	""	"Set Black Opium"	"შავი ოპიუმის ნაკრები"
"PRODUCT"	"8995444687045"	"body_html"	"ka"	""	""	"შავი ორეული გრძელმლავიანი მოკლე ზედით, იდეალურად კრავს ტანს და კვეთს ფორმებს, არ ტოვებს ოფლის ლაქებს, *ზედას აქვს ღრუბელი.

მასალა:  Polyester / Spandex"	"Black long sleeve two-piece with a short top, perfectly hugs the body and accentuates the forms, does not leave sweat stains, *the top has a sponge.

Material: Polyester / Spandex"
"PRODUCT"	"8995444687045"	"meta_title"	"ka"	""	""	"Set Black Opium"	"შავი ოპიუმის ნაკრები"
"PRODUCT"	"8995444687045"	"meta_description"	"ka"	""	""	"შავი ორეული გრძელმლავიანი მოკლე ზედით, იდეალურად კრავს ტანს და კვეთს ფორმებს, არ ტოვებს ოფლის ლაქებს, აქვს გუფკა.მასალა:  Polyester / Spandex"	"Black two-piece with a long-sleeved crop top that perfectly hugs the body and accentuates shapes, doesn't leave sweat stains, and has sponge padding. Material: Polyester / Spandex"
"PRODUCT"	"8995444719813"	"title"	"ka"	""	""	"Set Brown Opium"	"ყავისფერი ოპიუმის ნაკრები"
"PRODUCT"	"8995444719813"	"body_html"	"ka"	""	""	"შავი ორეული გრძელმლავიანი მოკლე ზედით, იდეალურად კრავს ტანს და კვეთს ფორმებს, არ ტოვებს ოფლის ლაქებს, *ზედას აქვს ღრუბელი.

მასალა:  Polyester / Spandex"	"შავი, გრძელმკლავიანი მოკლე ზედა და ქვედაბოლო იდეალურად კრავს ტანს და აყალიბებს ფორმებს, არ ტოვებს ოფლის ლაქებს. *ზედას აქვს ღრუბელი.

მასალა: პოლიესტერი / სპანდექსი"
"PRODUCT"	"8995444719813"	"meta_title"	"ka"	""	""	"Set Brown Opium"	"კომპლექტი „ბრაუნ ოპიუმი“"
"PRODUCT"	"8995444719813"	"meta_description"	"ka"	""	""	"შავი ორეული გრძელმლავიანი მოკლე ზედით, იდეალურად კრავს ტანს და კვეთს ფორმებს, არ ტოვებს ოფლის ლაქებს, აქვს გუფკა.მასალა:  Polyester / Spandex"	"Black two-piece with a long-sleeved crop top, perfectly cinches the body and accentuates shapes, does not leave sweat stains, has sponge padding. Material: Polyester / Spandex"
"PRODUCT"	"8995444785349"	"title"	"ka"	""	""	"Set Beige Opium"	"კრემისფერი ოპიუმის ნაკრები"
"PRODUCT"	"8995444785349"	"body_html"	"ka"	""	""	"ბეჟი ორეული გრძელმლავიანი მოკლე ზედით, იდეალურად კრავს ტანს და კვეთს ფორმებს, არ ტოვებს ოფლის ლაქებს, *ზედას აქვს ღრუბელი.

მასალა:  Polyester / Spandex"	"Beige two-piece set with a long-sleeved crop top, perfectly shapes the body and accentuates forms, does not leave sweat stains, *the top has shoulder pads.

Material: Polyester / Spandex"
"PRODUCT"	"8995444785349"	"meta_title"	"ka"	""	""	"Set Beige Opium"	"ბეჟი ოპიუმის ნაკრები"
"PRODUCT"	"8995444785349"	"meta_description"	"ka"	""	""	"შავი ორეული გრძელმლავიანი მოკლე ზედით, იდეალურად კრავს ტანს და კვეთს ფორმებს, არ ტოვებს ოფლის ლაქებს, აქვს გუფკა.მასალა:  Polyester / Spandex"	"შავი ორეული გრძელმკლავიანი მოკლე ზედით, იდეალურად ეკვრის ტანს, გამოკვეთს ფორმებს, არ ტოვებს ოფლის ლაქებს. აქვს გუფკა. მასალა: პოლიესტერი / სპანდექსი."
"PRODUCT"	"8995444850885"	"title"	"ka"	""	""	"Crop Top White Opium"	"კროპ ტოპი თეთრი ოპიუმი"
"PRODUCT"	"8995444850885"	"body_html"	"ka"	""	""	"სავარჯიშო ზედა, იდეალურად კრავს ტანს და კვეთს ფორმებს, არ ტოვებს ოფლის ლაქებს.

*აქვს გუფკა

მასალა: Polyester/Spandex"	"Sports top, ideally hugs the body and accentuates the figure, leaves no sweat marks.

*Has sponge

Material: Polyester/Spandex"
"PRODUCT"	"8995444850885"	"meta_title"	"ka"	""	""	"Crop Top White Opium"	"კროპ ტოპი თეთრი ოპიუმი"
"PRODUCT"	"8995444850885"	"meta_description"	"ka"	""	""	"თეთრი კომპლექტი ელასტიკით, იდეალურად კრავს ტანს და კვეთს ფორმებს, არ ტოვებს ოფლის ლაქებს, ზედას აქვს გუფკა.მასალა:  Polyester / Spandex"	"White set with elastic, perfectly hugs the body and sculpts the forms, leaves no sweat stains, top has sponges. Material: Polyester / Spandex"
"PRODUCT"	"8995444883653"	"title"	"ka"	""	""	"Invisible Push-up Leggings Black Move"	"უხილავი პუშ-აპი ლეგინსები შავი მოვი"
"PRODUCT"	"8995444883653"	"body_html"	"ka"	""	""	"Seamless Push-up leggings
• Full-length leggings
• Invisible scrunch bum
•Booty contouring and enhancing
•Mesh cutouts at bottom

Material and Care:
• 90% Nylon, 10% Spandex
• Incredibly soft and seamless, you’ll never want to take it off
• Handle with care when wearing and washing this delicate style"	"უტი ნაკერო პუშ-აპი ლეგინსები
• სრულმეტრაჟიანი ლეგინსები
• უხილავი დაჭიმვადი უკანალი
• უკანალის კონტურის გაუმჯობესება და გამოკვეთა
• ბადისებრი ამოჭრილები ქვედა ნაწილში

მასალა და მოვლა:
• 90% ნეილონი, 10% სპანდექსი
• წარმოუდგენლად რბილი და უნაკერო, არასდროს მოგინდებათ მისი გახდა
• ფრთხილად მოექეცით ამ ნაზ სტილს ტარებისას და რეცხვისას"
"PRODUCT"	"8995444883653"	"meta_title"	"ka"	""	""	"Invisible Push-up Leggings Black Move"	"უხილავი პუშ-აპი ლეგინსი შავი Move"
"PRODUCT"	"8995444883653"	"meta_description"	"ka"	""	""	"სავარჯიშო მაღალწელიანი Push-up ელასტიკი, იდეალურად კრავს ტანს და გამოკვეთს უკანალს.მასალა:: Spandex / Polyester"	"High-waisted push-up elastic exercise leggings, perfectly define the body and highlight the glutes. Material: Spandex / Polyester"
"PRODUCT"	"8995444916421"	"title"	"ka"	""	""	"Crop Top Red Opium"	"კროპ ტოპი წითელი ოპიუმი"
"PRODUCT"	"8995444916421"	"body_html"	"ka"	""	""	"წითელი სავარჯიშო ზედა, იდეალურად კრავს ტანს და კვეთს ფორმებს, არ ტოვებს ოფლის ლაქებს.

*აქვს გუფკა

მასალა: Polyester/Spandex"	"Red workout top, perfectly snugs the body and accentuates shapes, leaves no sweat stains.

*Has sponges<!--nl-- planted--nl-->Material: Polyester/Spandex"
"PRODUCT"	"8995444916421"	"meta_title"	"ka"	""	""	"Crop Top Red Opium"	"კროპ ტოპი წითელი ოპიუმი"
"PRODUCT"	"8995444916421"	"meta_description"	"ka"	""	""	"თეთრი კომპლექტი ელასტიკით, იდეალურად კრავს ტანს და კვეთს ფორმებს, არ ტოვებს ოფლის ლაქებს, ზედას აქვს გუფკა.მასალა:  Polyester / Spandex"	"White set with elastic, perfectly hugs the body and sculpts the forms, leaves no sweat stains, top has sponges. Material: Polyester / Spandex"
"PRODUCT"	"8995444949189"	"title"	"ka"	""	""	"Crop Top Black Opium"	"კროპ ტოპი Black Opium"
"PRODUCT"	"8995444949189"	"body_html"	"ka"	""	""	"სავარჯიშო ზედა, იდეალურად კრავს ტანს და კვეთს ფორმებს, არ ტოვებს ოფლის ლაქებს.

*აქვს გუფკა

მასალა: Polyester/Spandex"	"Sports top, ideally hugs the body and accentuates the figure, leaves no sweat marks.

*Has sponge

Material: Polyester/Spandex"
"PRODUCT"	"8995444949189"	"meta_title"	"ka"	""	""	"Crop Top Black Opium"	"კროპ ტოპი შავი ოპიუმი"
"PRODUCT"	"8995444949189"	"meta_description"	"ka"	""	""	"სავარჯიშო ზედა, იდეალურად კრავს ტანს და კვეთს ფორმებს, არ ტოვებს ოფლის ლაქებს.*აქვს გუფკამასალა: Polyester/Spandex"	"Workout top, ideally hugs the body and sculpts the shape, leaving no sweat stains.*Has spongesFabric: Polyester/Spandex"
"PRODUCT"	"8995445014725"	"title"	"ka"	""	""	"Push-up Jumpsuit Leopard"	"აჭიმვადი კომბინეზონი (ლეოპარდის პრინტით)"
"PRODUCT"	"8995445014725"	"body_html"	"ka"	""	""	"Push-Up Jumpsuit designed to enhance your curves and provide maximum support, offering a chic, sophisticated look.
• Built-in shelf bra with two layers and removable cups provides extra support
•Scrunch bum

<strong>Material and Care:</strong>
• 90% Nylon, 10% Spandex
• For optimal care of this sportswear, follow the care label instructions and use the delicate cycle."	"Push-Up კომბინეზონი, რომელიც შექმნილია თქვენი სხეულის ხაზების ხაზგასასმელად და მაქსიმალური მხარდაჭერის უზრუნველსაყოფად, ელეგანტური, დახვეწილი იერსახისთვის.
• ჩაშენებული ორფენიანი ბიუსტჰალტერი ამოსაღები ღრუბლებით დამატებით მხარდაჭერას უზრუნველყოფს
• შეკუმშული უკანა ნაწილი

<strong>მასალა და მოვლა:</strong>
• 90% ნეილონი, 10% სპანდექსი
• ამ სპორტული ტანსაცმლის ოპტიმალური მოვლისთვის, მიჰყევით მოვლის ეტიკეტზე მითითებებს და გამოიყენეთ დელიკატური რეჟიმი."
"PRODUCT"	"8995445014725"	"meta_title"	"ka"	""	""	"Push-up Jumpsuit Leopard"	"ბიუსტჰალტერისებრი კომბინეზონი (ლეოპარდის პრინტით)"
"PRODUCT"	"8995445014725"	"meta_description"	"ka"	""	""	"სავარჯიშო კომბინიზონი ლეოპარდის პრინტით, აქვს გუფკა. იდეალურად კრავს ტანს და კვეთს ფორმებს. მასალა: Polyester"	"Leopard print workout jumpsuit with sponge padding. Perfectly snugs the body and outlines forms. Material: Polyester"
"PRODUCT"	"8995445047493"	"title"	"ka"	""	""	"Push-up Jumpsuit Black Burn"	"მკერდის ამწევი კომბინეზონი Black Burn"
"PRODUCT"	"8995445047493"	"body_html"	"ka"	""	""	"Push-Up Jumpsuit designed to enhance your curves and provide maximum support, offering a chic, sophisticated look.
• Built-in shelf bra with two layers and removable cups provides extra support
•Long Sleeve
•Invisible scrunch bum

<strong>Material and Care:</strong>
• 90% Nylon, 10% Spandex
• For optimal care of this sportswear, follow the care label instructions and use the delicate cycle."	"Push-Up-ის კომბინეზონი შექმნილია თქვენი სხეულის ხაზების უკეთ გამოსაჩენად და მაქსიმალური მხარდაჭერისთვის, რაც ქმნის დახვეწილ, სოფისტიკებულ იერს.
•ჩაშენებული თაროსებრი ბიუსტჰალტერი ორი ფენით და მოსახსნელი ჭიქებით, უზრუნველყოფს დამატებით მხარდაჭერას.
• გრძელი სახელოები
•უხილავი ნაჭერი უკანალის არეში

<strong>მასალა და მოვლა:</strong>
• 90% ნეილონი, 10% სპანდექსი
• ამ სპორტული ტანსაცმლის ოპტიმალური მოვლისთვის, მიჰყევით ეტიკეტზე მითითებულ ინსტრუქციებს და გამოიყენეთ დელიკატური რეცხვის რეჟიმი."
"PRODUCT"	"8995445047493"	"meta_title"	"ka"	""	""	"Push-up Jumpsuit Black Burn"	"აჭიმვადი კომბინეზონი, შავი, გადანაცვლებადი"
"PRODUCT"	"8995445047493"	"meta_description"	"ka"	""	""	"სავარჯიშო კომბინიზონი, აქვს გუფკა. იდეალურად კრავს ტანს და ვიზუალურად ახდუნებს. მასალა: Polyester"	"Exercise jumpsuit with sponge pads. Perfectly tightens the body and makes it visually slimmer. Material: Polyester"
"PRODUCT"	"8995445080261"	"title"	"ka"	""	""	"Push-up Set 3 in 1 Navy Momentum"	"აჟიმანიების კომპლექტი 3 1-ში (ლურჯი Momentum)"
"PRODUCT"	"8995445080261"	"body_html"	"ka"	""	""	"სავარჯიშო Push-up სამეული, იდეალურად კრავს ტანს და კვეთს ფორმებს, არ ტოვებს ოფლის ლაქებს, ზედა ტოპს აქვს გუფკა, მოყვება მოსაცმელი.

მასალა:  Polyester / Spandex"	"Push-up სამეული იდეალურად კრავს ტანს და კვეთს ფორმებს, არ ტოვებს ოფლის ლაქებს, ზედა ტოპს აქვს გუფკა, მოყვება მოსაცმელი.

მასალა: Polyester / Spandex"
"PRODUCT"	"8995445080261"	"meta_title"	"ka"	""	""	"Push-up Set 3 in 1 Navy Momentum"	"უკანალი აწევის ნაკრები 3 1-ში, მუქი ლურჯი, Momentum"
"PRODUCT"	"8995445080261"	"meta_description"	"ka"	""	""	"სავარჯიშო Push-up სამეული, იდეალურად კრავს ტანს და კვეთს ფორმებს, არ ტოვებს ოფლის ლაქებს, ზედა ტოპს აქვს გუფკა, მოყვება მოსაცმელი.მასალა:  Polyester / Spandex"	"Push-up სპორტული ნაკრები (სამეული) იდეალურად ერგება ტანს და გამოკვეთს ფორმებს, არ ტოვებს ოფლის ლაქებს. ზედა ტოპს აქვს გუფკა, მოყვება მოსაცმელი. მასალა: პოლიესტერი / სპანდექსი"
"PRODUCT"	"8995445113029"	"title"	"ka"	""	""	"Push-up Set 3 in 1 Black Momentum"	"აჟიმანიების კომპლექტი 3 1-ში შავი Momentum"
"PRODUCT"	"8995445113029"	"body_html"	"ka"	""	""	"სავარჯიშო Push-up სამეული, იდეალურად კრავს ტანს და კვეთს ფორმებს, არ ტოვებს ოფლის ლაქებს, ზედა ტოპს აქვს გუფკა, მოყვება მოსაცმელი.

მასალა:  Polyester / Spandex"	"Push-up სამეული, იდეალურად კრავს ტანს და კვეთს ფორმებს, არ ტოვებს ოფლის ლაქებს, ზედა ტოპს აქვს გუფკა, მოყვება მოსაცმელი.

მასალა: Polyester / Spandex"
"PRODUCT"	"8995445113029"	"meta_title"	"ka"	""	""	"Push-up Set 3 in 1 Black Momentum"	"აკრობატიკის ნაკრები 3/1 შავი Momentum"
"PRODUCT"	"8995445113029"	"meta_description"	"ka"	""	""	"სავარჯიშო Push-up სამეული, იდეალურად კრავს ტანს და კვეთს ფორმებს, არ ტოვებს ოფლის ლაქებს, ზედა ტოპს აქვს გუფკა, მოყვება მოსაცმელი.მასალა:  Polyester / Spandex"	"Push-up სპორტული ნაკრები, იდეალურად კრავს ტანს და აყალიბებს ფორმებს, არ ტოვებს ოფლის ლაქებს, ზედა ტოპს აქვს გუფკა, მოყვება მოსაცმელი.მასალა: პოლიესტერი / სპანდექსი"
"PRODUCT"	"8995445145797"	"title"	"ka"	""	""	"Jumpsuit Navy Stronger"	"კომბინეზონი მუქი ლურჯი Stronger"
"PRODUCT"	"8995445145797"	"meta_title"	"ka"	""	""	"Jumpsuit Navy Stronger"	"კომბინეზონი მუქი ლურჯი Stronger"
"PRODUCT"	"8995445145797"	"meta_description"	"ka"	""	""	"შავი სავარჯიშო კომბინიზონი, აქვს გუფკა. იდეალურად კრავს ტანს და ვიზუალურად ახდუნებს. მასალა: Polyester"	"Black exercise jumpsuit, has sponge. Perfectly wraps the body and visually slims. Material: Polyester"
"PRODUCT"	"8995445178565"	"title"	"ka"	""	""	"Jumpsuit Brown Stronger"	"კომბინეზონი, ყავისფერი, უფრო მტკიცე"
"PRODUCT"	"8995445178565"	"body_html"	"ka"	""	""	"ყავისფერი სავარჯიშო კომბინიზონი, აქვს გუფკა.
იდეალურად კრავს ტანს და ვიზუალურად ახდუნებს.
მასალა: Polyester"	"Brown workout jumpsuit with padding.
It perfectly flatters the body and makes you look slimmer.
Material: Polyester"
"PRODUCT"	"8995445178565"	"meta_title"	"ka"	""	""	"Jumpsuit Brown Stronger"	"კომბინეზონი, ყავისფერი, უფრო გამძლე"
"PRODUCT"	"8995445178565"	"meta_description"	"ka"	""	""	"ყავისფერი სავარჯიშო კომბინიზონი, აქვს გუფკა. იდეალურად კრავს ტანს და ვიზუალურად ახდუნებს. მასალა: Polyester"	"Brown exercise jumpsuit, with sponge padding. It perfectly snugs the body and visually slims it down. Material: Polyester"
"PRODUCT"	"8995445211333"	"title"	"ka"	""	""	"Push-up Set White Leopard"	"აჟმური ვარჯიშის ნაკრები, თეთრი ლეოპარდი"
"PRODUCT"	"8995445211333"	"body_html"	"ka"	""	""	"თეთრი სავარჯიშო Push-up კომპლექტი ლეოპარდის პრინტით, იდეალურად კრავს ტანს და კვეთს ფორმებს, არ ტოვებს ოფლის ლაქებს, ზედას აქვს გუფკა.

მასალა:  Polyester / Spandex"	"White Workout Push-up Set with Leopard Print, perfectly hugs the body and accentuates shapes, leaves no sweat stains, top has padding.

Material: Polyester / Spandex"
"PRODUCT"	"8995445211333"	"meta_title"	"ka"	""	""	"Push-up Set White Leopard"	"ბიუსტჰალტერი და ტრუსი თეთრი ლეოპარდი"
"PRODUCT"	"8995445211333"	"meta_description"	"ka"	""	""	"თეთრი სავარჯიშო Push-up კომპლექტი ლეოპარდის პრინტით, იდეალურად კრავს ტანს და კვეთს ფორმებს, არ ტოვებს ოფლის ლაქებს, ზედას აქვს გუფკა."	"White workout push-up set with leopard print, perfectly hugs the body and sculpts the figure, leaves no sweat stains, top has padding."
"PRODUCT"	"8995445244101"	"title"	"ka"	""	""	"Push-up Set Pink Classic"	"აწევების კომპლექტი ვარდისფერი კლასიკური"
"PRODUCT"	"8995445244101"	"body_html"	"ka"	""	""	"სავარჯიშო Push-up კომპლექტი, იდეალურად კრავს ტანს და კვეთს ფორმებს, არ ტოვებს ოფლის ლაქებს, ზედას აქვს გუფკა.

მასალა:  Polyester / Spandex"	"Push-up სავარჯიშო კომპლექტი იდეალურად კრავს ტანს და აკვეთს ფორმებს, არ ტოვებს ოფლის ლაქებს. ზედას აქვს ღრუბელი.

მასალა: პოლიესტერი / სპანდექსი"
"PRODUCT"	"8995445244101"	"meta_title"	"ka"	""	""	"Push-up Set Pink Classic"	"„ფუშ-აპ“ ნაკრები, ვარდისფერი, კლასიკური"
"PRODUCT"	"8995445244101"	"meta_description"	"ka"	""	""	"ღია ვარდისფერი სავარჯიშო Push-up კომპლექტი, იდეალურად კრავს ტანს და კვეთს ფორმებს, არ ტოვებს ოფლის ლაქებს, ზედას აქვს გუფკა."	"Open pink workout push-up set, perfectly snugs the body and sculpts the forms, leaves no sweat stains, top has sponges."
"PRODUCT"	"8995445276869"	"title"	"ka"	""	""	"Long Sleeve Crop Top Pink Classic"	"გრძელმკლავიანი მოკლე ტოპი ვარდისფერი კლასიკური"
"PRODUCT"	"8995445276869"	"body_html"	"ka"	""	""	"გრზელმკლავიანი სავარჯიშო ზედა, იდეალურად კრავს ტანს და კვეთს ფორმებს, არ ტოვებს ოფლის ლაქებს.

*აქვს  ღრუბელი

მასალა: Polyester/Spandex"	"Long-sleeved training top, perfectly hugs the body and accentuates shapes, leaves no sweat marks.

*Has a sponge

Material: Polyester/Spandex"
"PRODUCT"	"8995445276869"	"meta_title"	"ka"	""	""	"Long Sleeve Crop Top Pink Classic"	"გრძელმკლავიანი მოკლე ტოპი ვარდისფერი კლასიკური"
"PRODUCT"	"8995445276869"	"meta_description"	"ka"	""	""	"შავი ზედა, იდეალურად კრავს ტანს და კვეთს ფორმებს, არ ტოვებს ოფლის ლაქებს, აქვს გუფკა.მასალა:  Polyester / Spandex"	"Black top, perfectly fits the body and defines the figure, does not leave sweat stains, has sponge padding. Material: Polyester / Spandex"
"PRODUCT"	"8995445309637"	"title"	"ka"	""	""	"Push-up Set Green Leopard"	"ბიუსჰალტერი და ტრუსი მწვანე ლეოპარდის პრინტით"
"PRODUCT"	"8995445309637"	"body_html"	"ka"	""	""	"სავარჯიშო Push-up კომპლექტი ლეოპარდის პრინტით, იდეალურად კრავს ტანს და კვეთს ფორმებს, არ ტოვებს ოფლის ლაქებს, ზედას აქვს გუფკა.

მასალა:  Polyester / Spandex"	"Push-up სავარჯიშო კომპლექტი ლეოპარდის პრინტით, იდეალურად ერგება სხეულს და გამოკვეთს ფორმებს. არ ტოვებს ოფლის ლაქებს. ზედას აქვს გუფკა.

მასალა: პოლიესტერი / სპანდექსი"
"PRODUCT"	"8995445309637"	"meta_title"	"ka"	""	""	"Push-up Set Green Leopard"	"ბიუსჰალტერი და ტრუსი მწვანე ლეოპარდი"
"PRODUCT"	"8995445309637"	"meta_description"	"ka"	""	""	"სავარჯიშო Push-up კომპლექტი ლეოპარდის პრინტით, იდეალურად კრავს ტანს და კვეთს ფორმებს, არ ტოვებს ოფლის ლაქებს, ზედას აქვს გუფკა."	"Leopard Print Push-up Set, perfectly hugs the body and accentuates forms, leaves no sweat stains, top has padding."
"PRODUCT"	"8995445375173"	"title"	"ka"	""	""	"Leggings Black Power"	"შარვალი „შავი ძალა“"
"PRODUCT"	"8995445375173"	"body_html"	"ka"	""	""	"შავი სავარჯიშო ელასტიკი, იდეალურად კრავს ტანს და გამოკვეთს უკანალს.

მასალა: Spandex / Polyester"	"Black training elastic, ideally hugs the body and highlights the butt.

Material: Spandex / Polyester"
"PRODUCT"	"8995445375173"	"meta_title"	"ka"	""	""	"Leggings Black Power"	"შავი ლეგინსები Power"
"PRODUCT"	"8995445375173"	"meta_description"	"ka"	""	""	"შავი სავარჯიშო მაღალწელიანი ელასტიკი, იდეალურად კრავს ტანს და გამოკვეთს უკანალს.მასალა: Spandex / Polyester"	"High-waisted black workout leggings, perfectly flatters the figure and accentuates the glutes.
Material: Spandex / Polyester"
"PRODUCT"	"8995445407941"	"title"	"ka"	""	""	"Pullover Black Boost"	"პულოვერი Black Boost"
"PRODUCT"	"8995445407941"	"body_html"	"ka"	""	""	"გრძელმკლავიანი ზედა ელვა შესაკრავით, იდეალურად კრავს ტანს და კვეთს ფორმებს.

არ ტოვებს ოფლის ლაქებს

მასალა: Nylon / Spandex"	"Long-sleeve top with a zipper, perfectly wraps the body and highlights its forms.

Does not leave sweat stains.

Material: Nylon / Spandex"
"PRODUCT"	"8995445407941"	"meta_title"	"ka"	""	""	"Pullover Black Boost"	"პულოვერი Black Boost"
"PRODUCT"	"8995445407941"	"meta_description"	"ka"	""	""	"გრძელმკლავიანი ზედა ელვა შესაკრავით, იდეალურად კრავს ტანს და კვეთს ფორმებს,არ ტოვებს ოფლის ლაქებსმასალა: Nylon / Spandex"	"Long-sleeved top with zip, perfectly wraps the body and defines the figure, does not leave sweat stainsMaterial: Nylon / Spandex"
"PRODUCT"	"8995445440709"	"title"	"ka"	""	""	"Push-up Jumpsuit Black Jump"	"ბიუსჰალტერიანი კომბინეზონი, შავი, ჯამპი"
"PRODUCT"	"8995445440709"	"body_html"	"ka"	""	""	"შავი სავარჯიშო Push-up  კომბინიზონი, აქვს გუფკა.
იდეალურად კრავს ტანს და ვიზუალურად ახდუნებს.
მასალა: Polyester"	"Black Push-up jumpsuit with sponges.
It perfectly hugs the body and visually slims it.
Material: Polyester"
"PRODUCT"	"8995445440709"	"meta_title"	"ka"	""	""	"Push-up Jumpsuit Black Jump"	"ტრენაჟორის კომბინიზონი შავი Jump"
"PRODUCT"	"8995445440709"	"meta_description"	"ka"	""	""	"შავი სავარჯიშო კომბინიზონი, აქვს გუფკა. იდეალურად კრავს ტანს და ვიზუალურად ახდუნებს. მასალა: Polyester"	"Black exercise jumpsuit, has sponge. Perfectly wraps the body and visually slims. Material: Polyester"
"PRODUCT"	"8995445473477"	"title"	"ka"	""	""	"Set Black Glow"	"დააყენეთ შავი ნათება"
"PRODUCT"	"8995445473477"	"body_html"	"ka"	""	""	"ელასტიური კომპლექტი, იდეალურად კრავს ტანს და კვეთს ფორმებს,

არ ტოვებს ოფლის ლაქებს

ტოპს აქვს გუფკა*

მასალა: Nylon / Spandex"	"Elastic set, perfectly wraps around the body and accentuates its shapes,
Does not leave sweat stains

Top has padding*

Material: Nylon / Spandex"
"PRODUCT"	"8995445473477"	"meta_title"	"ka"	""	""	"Set Black Glow"	"დააყენეთ შავი ნათება"
"PRODUCT"	"8995445473477"	"meta_description"	"ka"	""	""	"ელასტიური კომპლექტი, იდეალურად კრავს ტანს და კვეთს ფორმებს,არ ტოვებს ოფლის ლაქებსმასალა: Nylon / Spandex"	"ელასტიური კომპლექტი იდეალურად კრავს ტანს და აყალიბებს სხეულს, არ ტოვებს ოფლის ლაქებს.
მასალა: ნეილონი / სპანდექსი"
"PRODUCT"	"8995445539013"	"title"	"ka"	""	""	"Push-up Leggings Neon V"	"აჭიმვადი ლეგინსები ნეონი V"
"PRODUCT"	"8995445539013"	"body_html"	"ka"	""	""	"Seamless Push-up leggings
• low V-shape at the back
• Contoured back waistband to enhance and flatter curves
• Scrunch detailing at the back for a sculpted look
• Seamless front for a smooth, clean appearance
• Full-length
Material and Care:
• 95% Nylon, 5% Spandex
• Incredibly soft and seamless, you’ll never want to take it off
• Handle with care when wearing and washing this delicate style"	"უკერო პუშ-აპი ლეგინსები
• დაბალი V-ფორმის დიზაინი ზურგზე
• კონტურული ქამარი ზურგზე, ფორმების გასაუმჯობესებლად და ხაზგასასმელად
• ნაკეცები ზურგზე, გამოძერწილი ფორმის შესაქმნელად
• უკერო წინა ნაწილი, გლუვი და სუფთა იერსახისთვის
• სრული სიგრძე
მასალა და მოვლა:
• 95% ნეილონი, 5% სპანდექსი
• წარმოუდგენლად რბილი და უკერო, არასოდეს მოგინდებათ მისი გახდა
• მოეპყარით სიფრთხილით ამ დელიკატური სტილის ტარებისა და რეცხვისას"
"PRODUCT"	"8995445539013"	"meta_title"	"ka"	""	""	"Push-up Leggings Neon V"	"მოკლე ლეგინსები ნეონის V"
"PRODUCT"	"8995445539013"	"meta_description"	"ka"	""	""	"ვარდისფერი Push-up ელასტიკი, იდეალურად კრავს ტანს და გამოკვეთს უკანალს. მასალა: Spandex / Polyester"	"Pink push-up leggings, perfect for shaping your body and accentuating your butt. Material: Spandex / Polyester"
"PRODUCT"	"8995445571781"	"title"	"ka"	""	""	" Crop Top Black Gun"	"კროპ-ტოპი შავი თოფი"
"PRODUCT"	"8995445571781"	"body_html"	"ka"	""	""	"სავარჯიშო მოკლე მაისური,
*გუფკის გარეშე
არ ტოვებს ოფლის ლაქებს
მასალა: Spandex / Polyester"	"Crop top, sports bra,
*No padding
Sweat-wicking fabric
Material: Spandex / Polyester"
"PRODUCT"	"8995445571781"	"meta_title"	"ka"	""	""	" Crop Top Black Gun"	"კროპ-ტოპი შავი თოფი"
"PRODUCT"	"8995445571781"	"meta_description"	"ka"	""	""	"სავარჯიშო მოკლე მაისური, *გუფკის გარეშეარ ტოვებს ოფლის ლაქებსმასალა: Spandex / Polyester"	"Sports crop top, *no spongeNo sweat stainsMaterial: Spandex / Polyester"
"PRODUCT"	"8995445604549"	"title"	"ka"	""	""	"Push-up Leggings Black V"	"აწევის ეფექტის მქონე შავი ლეგინსები V"
"PRODUCT"	"8995445604549"	"body_html"	"ka"	""	""	"Seamless Push-up leggings
• low V-shape at the back
• Contoured back waistband to enhance and flatter curves
• Scrunch detailing at the back for a sculpted look
• Seamless front for a smooth, clean appearance
• Full-length
Material and Care:
• 95% Nylon, 5% Spandex
• Incredibly soft and seamless, you’ll never want to take it off
• Handle with care when wearing and washing this delicate style"	"უკერო პუშ-აპი ლეგინსები
• დაბალი V-ფორმის დიზაინი ზურგზე
• კონტურული ქამარი ზურგზე, ფორმების გასაუმჯობესებლად და ხაზგასასმელად
• ნაკეცები ზურგზე, გამოძერწილი ფორმის შესაქმნელად
• უკერო წინა ნაწილი, გლუვი და სუფთა იერსახისთვის
• სრული სიგრძე
მასალა და მოვლა:
• 95% ნეილონი, 5% სპანდექსი
• წარმოუდგენლად რბილი და უკერო, არასოდეს მოგინდებათ მისი გახდა
• მოეპყარით სიფრთხილით ამ დელიკატური სტილის ტარებისა და რეცხვისას"
"PRODUCT"	"8995445604549"	"meta_title"	"ka"	""	""	"Push-up Leggings Black V"	"აწევის ეფექტის მქონე შავი ლეგინსები V"
"PRODUCT"	"8995445604549"	"meta_description"	"ka"	""	""	"შავი Push-up ელასტიკი, იდეალურად კრავს ტანს და გამოკვეთს უკანალს. მასალა: Spandex / Polyester"	"Black Push-up elastic, perfectly hugs the body and accentuates the buttocks. Material: Spandex / Polyester"
"PRODUCT"	"8995445637317"	"title"	"ka"	""	""	"Sports Bra White Butterfly"	"სპორტული ბიუსტჰალტერი თეთრი პეპელა"
"PRODUCT"	"8995445637317"	"body_html"	"ka"	""	""	"ელასტიური სავარჯიშო ტოპი, აქვს გუფკა.
მასალა: Spandex / Polyester"	"Elastic workout top with sponge.
Material: Spandex / Polyester"
"PRODUCT"	"8995445637317"	"meta_title"	"ka"	""	""	"Sports Bra White Butterfly"	"სპორტული ბიუსტჰალტერი თეთრი პეპელა"
"PRODUCT"	"8995445637317"	"meta_description"	"ka"	""	""	"ელასტიური ტოპი, იდეალურად კრავს ტანს და კვეთს ფორმებს,არ ტოვებს ოფლის ლაქებსმასალა: Nylon / Spandex"	"Stretchy top, fits perfectly to the body and defines the figure, does not leave sweat stains.
Material: Nylon / Spandex"
"PRODUCT"	"8995445702853"	"title"	"ka"	""	""	"Crop Top Black Drive"	"Crop Top Black Drive"
"PRODUCT"	"8995445702853"	"body_html"	"ka"	""	""	"შავი ელასტიური სავარჯიშო ტოპი, აქვს გუფკა.
მასალა: Spandex / Polyester"	"Black elastic workout top with sponge pads.
Material: Spandex / Polyester"
"PRODUCT"	"8995445702853"	"meta_title"	"ka"	""	""	"Crop Top Black Drive"	"შავი მოკლე ტოპი (კროპ ტოპი)"
"PRODUCT"	"8995445702853"	"meta_description"	"ka"	""	""	"შავი ელასტიური სავარჯიშო ტოპი, აქვს გუფკა.მასალა: Spandex / Polyester"	"Black elastic workout top, has sponge. Material: Spandex / Polyester"
"PRODUCT"	"8995445735621"	"title"	"ka"	""	""	"Push-up Jumpsuit Black Rush"	"ბიუსჰალტერიანი კომბინეზონი, შავი, Rush"
"PRODUCT"	"8995445735621"	"body_html"	"ka"	""	""	"შავი სავარჯიშო კომბინიზონი, აქვს გუფკა.
იდეალურად კრავს ტანს და ვიზუალურად ახდუნებს.
მასალა: Polyester"	"Black workout jumpsuit with sponges.
It perfectly flatters the body and makes it look slimmer.
Material: Polyester"
"PRODUCT"	"8995445735621"	"meta_title"	"ka"	""	""	"Push-up Jumpsuit Black Rush"	"Push-up კომბინეზონი, შავი რაში"
"PRODUCT"	"8995445735621"	"meta_description"	"ka"	""	""	"შავი სავარჯიშო კომბინიზონი, აქვს გუფკა. იდეალურად კრავს ტანს და ვიზუალურად ახდუნებს. მასალა: Polyester"	"Black exercise jumpsuit, has sponge. Perfectly wraps the body and visually slims. Material: Polyester"
"PRODUCT"	"8995445768389"	"title"	"ka"	""	""	"T-shirt Black Lift"	"მაისური შავი ლიფტი"
"PRODUCT"	"8995445768389"	"body_html"	"ka"	""	""	"შავი გრძელი სავარჯიშო მაისური, მკერდზე არ აქვს ღრუბელი*
მასალა: Spandex / Polyester"	"Black long workout shirt, no pads on the chest*
Material: Spandex / Polyester"
"PRODUCT"	"8995445768389"	"meta_title"	"ka"	""	""	"T-shirt Black Lift"	"მაისური შავი ლიფტი"
"PRODUCT"	"8995445768389"	"meta_description"	"ka"	""	""	"შავი გრძელი სავარჯიშო მაისური, .მასალა: Spandex / Polyester"	"Black long training t-shirt, .Material: Spandex / Polyester"
"PRODUCT"	"8995445801157"	"title"	"ka"	""	""	"Seamless Set Black Mesh"	"უსახსრო ნაკრები, შავი ბადე"
"PRODUCT"	"8995445801157"	"body_html"	"ka"	""	""	"შავი უნაკერი კომპლექტი, იდეალურად კრავს ტანს და კვეთს ფორმებს,

არ ტოვებს ოფლის ლაქებს და ვიზუალურად ახდუნებს.

მასალა: Nylon / Spandex"	"შავი უნაკერო ნაკრები, რომელიც იდეალურად ეკვრის ტანს და აკვეთს ფორმებს.

არ ტოვებს ოფლის ლაქებს და ვიზუალურად ათხელებს სხეულს.

მასალა: ნეილონი / სპანდექსი"
"PRODUCT"	"8995445801157"	"meta_title"	"ka"	""	""	"Seamless Set Black Mesh"	"Seamless Set შავი ბადე"
"PRODUCT"	"8995445801157"	"meta_description"	"ka"	""	""	"გრძელმკლავიანი, უნაკერი, ელასტიური კომპლექტი, იდეალურად კრავს ტანს და კვეთს ფორმებს,არ ტოვებს ოფლის ლაქებს და ვიზუალურად ახდუნებს.მასალა: Nylon / Spandex"	"Long-sleeved, seamless, elastic set, perfectly hugs the body and highlights its forms, leaves no sweat stains, and visually slims. Material: Nylon / Spandex"
"PRODUCT"	"8995445833925"	"title"	"ka"	""	""	"Long Sleeve Top Grey Vortex"	"გრძელმკლავიანი ზედა ნაცრისფერი ვორტექსი"
"PRODUCT"	"8995445833925"	"body_html"	"ka"	""	""	"გრძელმკლავიანი უნაკერო ზედა, იდეალურად კრავს ტანს და კვეთს ფორმებს,

არ ტოვებს ოფლის ლაქებს

მასალა: Nylon / Spandex"	"Long sleeve seamless top, perfectly hugs the body and sculpts forms,

Does not leave sweat stains

Material: Nylon / Spandex"
"PRODUCT"	"8995445833925"	"meta_title"	"ka"	""	""	"Long Sleeve Top Grey Vortex"	"გრძელმკლავიანი ზედა ნაცრისფერი ვორტექსი"
"PRODUCT"	"8995445833925"	"meta_description"	"ka"	""	""	"გრძელმკლავიანი უნაკერო ზედა, იდეალურად კრავს ტანს და კვეთს ფორმებს,არ ტოვებს ოფლის ლაქებსმასალა: Nylon / Spandex"	"Long sleeve seamless top, perfectly hugs the body and sculpts the forms, leaves no sweat stains.
Material: Nylon / Spandex"
"PRODUCT"	"8995445866693"	"title"	"ka"	""	""	"Push-up Crossover Leggings Black V"	"Push-up Crossover გამაშები, შავი, V-ფორმის"
"PRODUCT"	"8995445866693"	"body_html"	"ka"	""	""	"შავი Push-up ელასტიკი, იდეალურად კრავს ტანს და კვეთს ფორმებს.

მასალა: Nylon/Polyester"	"Black Push-up elastic, perfectly hugs the body and defines the shape.

Material: Nylon/Polyester"
"PRODUCT"	"8995445866693"	"meta_title"	"ka"	""	""	"Push-up Crossover Leggings Black V"	"აჭიმვადი კროსოვერი ლეგინსები, შავი, V-ფორმის"
"PRODUCT"	"8995445866693"	"meta_description"	"ka"	""	""	"Push-up ელასტიკი წინ ამოჭრილი წელით, იდეალურად კრავს ტანს და კვეთს ფორმებს.მასალა: Nylon/Polyeste"	"Push-up ელასტიკი წინ ამოჭრილი წელით, იდეალურად კრავს ტანს და კვეთს ფორმებს.მასალა: Nylon/Polyester"
"PRODUCT"	"8995445899461"	"title"	"ka"	""	""	"Set Black Butterfly"	"შავი პეპლის ნაკრები"
"PRODUCT"	"8995445899461"	"body_html"	"ka"	""	""	"ელასტიური კომპლექტი, იდეალურად კრავს ტანს და კვეთს ფორმებს,

ზედას აქვს ღრუბელი, ლეგინსი არის Invisible Push-up ეფექტით

არ ტოვებს ოფლის ლაქებს

მასალა: Nylon / Spandex"	"ელასტიური კომპლექტი იდეალურად ეკვრის ტანს და აყალიბებს ფორმებს.

ზედას აქვს ღრუბლები, ლეგინსი კი Invisible Push-up ეფექტით არის.

არ ტოვებს ოფლის ლაქებს.

მასალა: ნეილონი / სპანდექსი."
"PRODUCT"	"8995445899461"	"meta_title"	"ka"	""	""	"Set Black Butterfly"	"შავი პეპლის ნაკრები"
"PRODUCT"	"8995445899461"	"meta_description"	"ka"	""	""	"ელასტიური კომპლექტი , იდეალურად კრავს ტანს და კვეთს ფორმებს,არ ტოვებს ოფლის ლაქებსმასალა: Nylon / Spandex"	"Elastic set, perfectly hugs the body and highlights its forms, leaves no sweat stains.
Material: Nylon / Spandex"
"PRODUCT"	"8995445932229"	"title"	"ka"	""	""	"Crop Long Sleeve Top White Strike"	"მოკლე გრძელმკლავიანი ზედა თეთრი ზოლიანი"
"PRODUCT"	"8995445932229"	"body_html"	"ka"	""	""	"სავარჯიშო თეთრი ზედა, იდეალურად კრავს ტანს და კვეთს ფორმებს, არ ტოვებს ოფლის ლაქებს.

*აქვს გუფკა

მასალა: Polyester/Spandex"	"Exercise white top, ideally hugs the body and sculpts the forms, leaving no sweat stains.

*Has sponges

Material: Polyester/Spandex"
"PRODUCT"	"8995445932229"	"meta_title"	"ka"	""	""	"Crop Long Sleeve Top White Strike"	"მოკლე გრძელმკლავიანი ზედა თეთრი ზოლებით"
"PRODUCT"	"8995445932229"	"meta_description"	"ka"	""	""	"თეთრი ზედა, იდეალურად კრავს ტანს და კვეთს ფორმებს, არ ტოვებს ოფლის ლაქებს, ზედას აქვს გუფკა.მასალა:  Polyester / Spandex"	"White top, perfectly fitted to the body, accentuating the figure. Does not leave sweat stains. The top has shoulder pads. Material: Polyester / Spandex"
"PRODUCT"	"8995445964997"	"title"	"ka"	""	""	"Long Sleeve Brown Opium"	"გრძელმკლავიანი ყავისფერი ოპიუმი"
"PRODUCT"	"8995445964997"	"body_html"	"ka"	""	""	"გრძელმკლავიანი ზედა, აქვს ღრუბელი, არ ტოვებს ოფლის ლაქებს

მასალა: Nylon / Spandex"	"გრძელმკლავიანი ზედა, აქვს ღრუბელი, არ ტოვებს ოფლის ლაქებს

მასალა: ნეილონი / სპანდექსი"
"PRODUCT"	"8995445964997"	"meta_title"	"ka"	""	""	"Long Sleeve Brown Opium"	"გრძელმკლავიანი ყავისფერი ოპიუმი"
"PRODUCT"	"8995445964997"	"meta_description"	"ka"	""	""	"ყავისფერი სავარჯიშო ზედა , იდეალურად კრავს ტანს და კვეთს ფორმებს,არ ტოვებს ოფლის ლაქებსმასალა: Nylon / Spandex"	"Brown workout top, perfectly hugs the body and defines shapes, does not leave sweat stainsMaterial: Nylon / Spandex"
"PRODUCT"	"8995445997765"	"title"	"ka"	""	""	"Classic Set Navy Dry Fit"	"კლასიკური ნაკრები მუქი ლურჯი Dry Fit"
"PRODUCT"	"8995445997765"	"body_html"	"ka"	""	""	"მუქი ლურჯი სავარჯიშო ორეული ელვიანი ზედით, იდეალურად კრავს ტანს და გამოკვეთს ფორმებს.

წელვადი, არ ლანდავს.

მასალა: Spandex / Polyester"	"მუქი ლურჯი სავარჯიშო ორეული ელვაშეკრული ზედით, იდეალურად ეკვრის სხეულს და გამოკვეთს ფორმებს.

წელვადი, არ არის გამჭვირვალე.

მასალა: სპანდექსი / პოლიესტერი"
"PRODUCT"	"8995445997765"	"meta_title"	"ka"	""	""	"Classic Set Navy Dry Fit"	"კლასიკური ნაკრები მუქი ლურჯი Dry Fit"
"PRODUCT"	"8995445997765"	"meta_description"	"ka"	""	""	"მუქი ლურჯი სავარჯიშო კლასიკური ორეული, იდეალურად კრავს ტანს და გამოკვეთს უკანალს.წელვადი, არ ლანდავს.მასალა:: Spandex / Polyester"	"Dark blue classic workout set, perfectly hugs the body and accentuates the butt. Stretchy, not see-through. Material: Spandex / Polyester"
"PRODUCT"	"8995446030533"	"title"	"ka"	""	""	"Push-up Set Barbie Cosmo"	"აჟუჟუნებული ნაკრები „ბარბი კოსმო“"
"PRODUCT"	"8995446030533"	"body_html"	"ka"	""	""	"ღია ვარდისფერი Push-up ორეული, იდეალურად კრავს ტანს
წელვადი, არ ლანდავს.

ზედას არ აქვს ღრუბელი*

მასალა: Spandex / Polyester"	"ღია ვარდისფერი Push-up ორეული, იდეალურად კრავს ტანს
წელვადი, არ ლანდავს.

ზედას არ აქვს ღრუბელი*

მასალა: Spandex / Polyester"
"PRODUCT"	"8995446030533"	"meta_title"	"ka"	""	""	"Push-up Set Barbie Cosmo"	"აწევის კომპლექტი Barbie Cosmo"
"PRODUCT"	"8995446030533"	"meta_description"	"ka"	""	""	"ღია ვარდისფერი Push-up ორეული, იდეალურად კრავს ტანსწელვადი, არ ლანდავს.ზედას არ აქვს ღრუბელი*მასალა: Spandex / Polyester"	"Light pink Push-up set, perfectly fits, elastic, not see-through. The top does not have a sponge *Material: Spandex / Polyester"
"PRODUCT"	"8995446063301"	"title"	"ka"	""	""	"T-Shirt Black Dry Fit"	"მაისური შავი Dry Fit"
"PRODUCT"	"8995446063301"	"body_html"	"ka"	""	""	"სავაჯიშო მაისური, არ აქვს გუფკა.
მასალა: Spandex / Polyester"	"სავარჯიშო მაისური, არ აქვს გუფკა.
მასალა: სპანდექსი / პოლიესტერი"
"PRODUCT"	"8995446063301"	"meta_title"	"ka"	""	""	"T-Shirt Black Dry Fit"	"მაისური შავი (Dry Fit)"
"PRODUCT"	"8995446063301"	"meta_description"	"ka"	""	""	"შავი ელასტიური სავარჯიშო ტოპი, აქვს გუფკა.მასალა: Spandex / Polyester"	"Black elastic workout top, has sponge. Material: Spandex / Polyester"
"PRODUCT"	"8995446096069"	"title"	"ka"	""	""	"Crop Top Pink Classic"	"მოკლე ვარდისფერი კლასიკური ზედა"
"PRODUCT"	"8995446096069"	"body_html"	"ka"	""	""	"სავაჯიშო მოკლე მაისური, არ აქვს გუფკა.
მასალა: Spandex / Polyester"	"Workout short top, without sponge.
Material: Spandex / Polyester"
"PRODUCT"	"8995446096069"	"meta_title"	"ka"	""	""	"Crop Top Pink Classic"	"ამოჭრილი ვარდისფერი კლასიკური ტოპი"
"PRODUCT"	"8995446096069"	"meta_description"	"ka"	""	""	"შავი ელასტიური სავარჯიშო ტოპი, აქვს გუფკა.მასალა: Spandex / Polyester"	"Black elastic workout top, with sponge padding. Material: Spandex / Polyester"
"PRODUCT"	"8995446128837"	"title"	"ka"	""	""	"Zip Jacket Baby Pink Ziper V1"	"ელვა შესაკრავი ქურთუკი ბეიბი ვარდისფერი ელვაშესაკრავი V1"
"PRODUCT"	"8995446128837"	"body_html"	"ka"	""	""	"გრძელმკლავიანი ზედა ელვა შესაკრავით, იდეალურად კრავს ტანს და კვეთს ფორმებს.

არ ტოვებს ოფლის ლაქებს

მასალა: Nylon / Spandex"	"Long-sleeve top with a zipper, perfectly wraps the body and highlights its forms.

Does not leave sweat stains.

Material: Nylon / Spandex"
"PRODUCT"	"8995446128837"	"meta_title"	"ka"	""	""	"Zip Jacket Baby Pink Ziper V1"	"ელვა შესაკრავი ქურთუკი ბეიბი ვარდისფერი ელვა V1"
"PRODUCT"	"8995446128837"	"meta_description"	"ka"	""	""	"გრძელმკლავიანი უნაკერო ზედა ელვა შესაკრავით, იდეალურად კრავს ტანს და კვეთს ფორმებს,არ ტოვებს ოფლის ლაქებსმასალა: Nylon / Spandex"	"Seamless long-sleeved top with zipper, ideally hugs the body and accentuates shapes, leaves no sweat stainsMaterial: Nylon / Spandex"
"PRODUCT"	"8995446161605"	"title"	"ka"	""	""	"Push-up Set Dark V"	"აჩაჩვის კომპლექტი Dark V"
"PRODUCT"	"8995446161605"	"body_html"	"ka"	""	""	"სავარჯიშო Push-up ორეული, იდეალურად კრავს ტანს და გამოკვეთს უკანალს.

წელვადი, არ ლანდავს.

მასალა: Spandex / Polyester"	"Push-up workout duo, perfectly shapes the body and highlights the buttocks.

Stretchy, not see-through.

Material: Spandex / Polyester"
"PRODUCT"	"8995446161605"	"meta_title"	"ka"	""	""	"Push-up Set Dark V"	"ბიძგების ნაკრები Dark V"
"PRODUCT"	"8995446161605"	"meta_description"	"ka"	""	""	"სავარჯიშო მაღალწელიანი Push-up ორეული, იდეალურად კრავს ტანს და გამოკვეთს უკანალს.წელვადი, არ ლანდავს.მასალა:: Spandex / Polyester"	"High-waisted push-up workout set, perfectly snugs the body and accentuates the bum. Stretchy, not see-through. Material: Spandex / Polyester"
"PRODUCT"	"8995446194373"	"title"	"ka"	""	""	"Push-up Set Purple Vortex"	"აჟიმანიების სეტი „იისფერი ვორტექსი“"
"PRODUCT"	"8995446194373"	"body_html"	"ka"	""	""	"სავარჯიშო მაღალწელიანი Push-up ორეული, იდეალურად კრავს ტანს და გამოკვეთს უკანალს.
წელვადი, არ ლანდავს.

მასალა: Spandex / Polyester"	"High-waisted push-up workout set, perfectly hugs the body and highlights the butt.
Stretchy, not see-through.

Material: Spandex / Polyester"
"PRODUCT"	"8995446194373"	"meta_title"	"ka"	""	""	"Push-up Set Purple Vortex"	"აჭიმვების ნაკრები „იისფერი ვორტექსი“"
"PRODUCT"	"8995446194373"	"meta_description"	"ka"	""	""	"სავარჯიშო მაღალწელიანი Push-up ორეული, იდეალურად კრავს ტანს და გამოკვეთს უკანალს.წელვადი, არ ლანდავს.მასალა:: Spandex / Polyester"	"High-waisted push-up workout set, perfectly snugs the body and accentuates the bum. Stretchy, not see-through. Material: Spandex / Polyester"
"PRODUCT"	"8995446259909"	"title"	"ka"	""	""	"Crop Long Sleeve Top Beige Aura"	"მოკლე გრძელმკლავიანი ზედა კრემისფერი აურა"
"PRODUCT"	"8995446259909"	"body_html"	"ka"	""	""	"სავარჯიშო ზედა, იდეალურად კრავს ტანს და კვეთს ფორმებს, არ ტოვებს ოფლის ლაქებს.

*აქვს გუფკა

მასალა: Polyester/Spandex"	"Sports top, ideally hugs the body and accentuates the figure, leaves no sweat marks.

*Has sponge

Material: Polyester/Spandex"
"PRODUCT"	"8995446259909"	"meta_title"	"ka"	""	""	"Crop Long Sleeve Top Beige Aura"	"ამოჭრილი გრძელმკლავიანი ზედა ბეჟი აურა"
"PRODUCT"	"8995446259909"	"meta_description"	"ka"	""	""	"თეთრი ზედა, იდეალურად კრავს ტანს და კვეთს ფორმებს, არ ტოვებს ოფლის ლაქებს, ზედას აქვს გუფკა.მასალა:  Polyester / Spandex"	"White top, perfectly fitted to the body, accentuating the figure. Does not leave sweat stains. The top has shoulder pads. Material: Polyester / Spandex"
"PRODUCT"	"8995446292677"	"title"	"ka"	""	""	"Sports Bra Brown Podium"	"სპორტული ბიუსტჰალტერი, ყავისფერი, პოდიუმი"
"PRODUCT"	"8995446292677"	"body_html"	"ka"	""	""	"ელასტიური ტოპი, იდეალურად კრავს ტანს და კვეთს ფორმებს, არ ტოვებს ოფლის ლაქებს
*ტოპი არის გუფკით მასალა: Nylon / Spandex"	"Stretch top, perfectly hugs the body and highlights forms, leaves no sweat stains
*Top has sponge Material: Nylon / Spandex"
"PRODUCT"	"8995446292677"	"meta_title"	"ka"	""	""	"Sports Bra Brown Podium"	"სპორტული ბიუსტჰალტერი, ყავისფერი, პოდიუმი"
"PRODUCT"	"8995446292677"	"meta_description"	"ka"	""	""	"ყავისფერი უნაკერო ტოპი, იდეალურად კრავს ტანს და კვეთს ფორმებს,არ ტოვებს ოფლის ლაქებს *ტოპი არის გუფკით მასალა: Nylon / Spandex"	"Brown seamless top, perfectly hugging the body and highlighting shapes, leaves no sweat stains *The top has padding Material: Nylon / Spandex"
"PRODUCT"	"8995446325445"	"title"	"ka"	""	""	"Push-up Set 3 in 1 Burgundy Momentum"	"აჟიმანიების სეტი 3-ში 1 ბურგუნდი მომენტუმი"
"PRODUCT"	"8995446325445"	"body_html"	"ka"	""	""	"სავარჯიშო Push-up სამეული, იდეალურად კრავს ტანს და კვეთს ფორმებს, არ ტოვებს ოფლის ლაქებს, ზედა ტოპს აქვს გუფკა, მოყვება მოსაცმელი.

მასალა:  Polyester / Spandex"	"Push-up სამეული, იდეალურად კრავს ტანს და კვეთს ფორმებს, არ ტოვებს ოფლის ლაქებს, ზედა ტოპს აქვს გუფკა, მოყვება მოსაცმელი.

მასალა: Polyester / Spandex"
"PRODUCT"	"8995446325445"	"meta_title"	"ka"	""	""	"Push-up Set 3 in 1 Burgundy Momentum"	"აწევების ნაკრები 3-ში 1 შინდისფერი Momentum"
"PRODUCT"	"8995446325445"	"meta_description"	"ka"	""	""	"სავარჯიშო Push-up სამეული, იდეალურად კრავს ტანს და კვეთს ფორმებს, არ ტოვებს ოფლის ლაქებს, ზედა ტოპს აქვს გუფკა, მოყვება მოსაცმელი.მასალა:  Polyester / Spandex"	"Push-up სპორტული ნაკრები, იდეალურად კრავს ტანს და აყალიბებს ფორმებს, არ ტოვებს ოფლის ლაქებს, ზედა ტოპს აქვს გუფკა, მოყვება მოსაცმელი.მასალა: პოლიესტერი / სპანდექსი"
"PRODUCT"	"8995446358213"	"title"	"ka"	""	""	"Crop Top Red Drive"	"Crop Top Red Drive"
"PRODUCT"	"8995446358213"	"body_html"	"ka"	""	""	"წითელი სავარჯიშო ტოპი, აქვს გუფკა.
მასალა: Spandex / Polyester"	"Red workout top with sponge pads.
Material: Spandex / Polyester"
"PRODUCT"	"8995446358213"	"meta_title"	"ka"	""	""	"Crop Top Red Drive"	"მოკლე წითელი მაისური Drive"
"PRODUCT"	"8995446358213"	"meta_description"	"ka"	""	""	"წითელი ტოპი ღია ზურგით, აქვს გუფკა.მასალა: Spandex / Polyester"	"Red top with open back, has sponge. Material: Spandex / Polyester"
"PRODUCT"	"8995446390981"	"title"	"ka"	""	""	"Push-up Set 3 in 1 Grey Momentum"	"აჟიმანიების სეტი 3-ში 1 ნაცრისფერი Momentum"
"PRODUCT"	"8995446390981"	"body_html"	"ka"	""	""	"სავარჯიშო Push-up სამეული, იდეალურად კრავს ტანს და კვეთს ფორმებს, არ ტოვებს ოფლის ლაქებს, ზედა ტოპს აქვს გუფკა, მოყვება მოსაცმელი.

მასალა:  Polyester / Spandex"	"Push-up სამეული, იდეალურად კრავს ტანს და კვეთს ფორმებს, არ ტოვებს ოფლის ლაქებს, ზედა ტოპს აქვს გუფკა, მოყვება მოსაცმელი.

მასალა: Polyester / Spandex"
"PRODUCT"	"8995446390981"	"meta_title"	"ka"	""	""	"Push-up Set 3 in 1 Grey Momentum"	"აჟიმანიის ნაკრები 3-ში 1 ნაცრისფერი Momentum"
"PRODUCT"	"8995446390981"	"meta_description"	"ka"	""	""	"სავარჯიშო Push-up სამეული, იდეალურად კრავს ტანს და კვეთს ფორმებს, არ ტოვებს ოფლის ლაქებს, ზედა ტოპს აქვს გუფკა, მოყვება მოსაცმელი.მასალა:  Polyester / Spandex"	"Push-up სპორტული ნაკრები, იდეალურად კრავს ტანს და აყალიბებს ფორმებს, არ ტოვებს ოფლის ლაქებს, ზედა ტოპს აქვს გუფკა, მოყვება მოსაცმელი.მასალა: პოლიესტერი / სპანდექსი"
"PRODUCT"	"8995446423749"	"title"	"ka"	""	""	" Seamless Leggings Black Flow"	"უკერო ლეგინსები, შავი, Flow"
"PRODUCT"	"8995446423749"	"body_html"	"ka"	""	""	"შავი უნაკერო ელასტიკი, იდეალურად კრავს ტანს და გამოკვეთს ფორმებს. მასალა: Nylon/Spandex"	"Black seamless elastic, perfectly hugs the body and accentuates curves. Material: Nylon/Spandex"
"PRODUCT"	"8995446423749"	"meta_title"	"ka"	""	""	" Seamless Leggings Black Flow"	"ნაკერების გარეშე შავი ლეგინსები Flow"
"PRODUCT"	"8995446423749"	"meta_description"	"ka"	""	""	"სავარჯიშო მაღალწელიანი უნაკერო ელასტიკი, იდეალურად კრავს ტანს და გამოკვეთს ფორმებს. მასალა: Nylon"	"High-waisted seamless exercise leggings, perfectly compress and highlight your figure. Material: Nylon"
"PRODUCT"	"8995446456517"	"title"	"ka"	""	""	"Crop Top Brown Shadow"	"კროპ ტოპი ყავისფერი აჩრდილი"
"PRODUCT"	"8995446456517"	"body_html"	"ka"	""	""	"მოკლემკლავიანი ტოპი, იდეალურად კრავს ტანს და კვეთს ფორმებს, არ ტოვებს ოფლის ლაქებს
*ტოპი არის გუფკით  მასალა: Nylon / Spandex"	"Short-sleeved top, perfectly hugs the body and accentuates forms, leaves no sweat stains
*Top has pads Material: Nylon / Spandex"
"PRODUCT"	"8995446456517"	"meta_title"	"ka"	""	""	"Crop Top Brown Shadow"	"კროპ ტოპი ყავისფერი აჩრდილი"
"PRODUCT"	"8995446456517"	"meta_description"	"ka"	""	""	"ყავისფერი მოკლემკლავიანი ტოპი, იდეალურად კრავს ტანს და კვეთს ფორმებს,არ ტოვებს ოფლის ლაქებს *ტოპი არის გუფკით მასალა: Nylon / Spandex"	"Brown short-sleeved top, perfectly hugs the body and sculpts the figure, does not leave sweat stains *The top has padding. Material: Nylon / Spandex"
"PRODUCT"	"8995446489285"	"title"	"ka"	""	""	"T-shirt Dark Green Lift"	"მაისური მუქი მწვანე ლიფტი"
"PRODUCT"	"8995446489285"	"body_html"	"ka"	""	""	"მუქი მწვანე გრძელი სავარჯიშო მაისური, მკერდზე არ აქვს ღრუბელი*
მასალა: Spandex / Polyester"	"Dark green long workout T-shirt, no sponge in the chest*
Material: Spandex / Polyester"
"PRODUCT"	"8995446489285"	"meta_title"	"ka"	""	""	"T-shirt Dark Green Lift"	"მაისური მუქი მწვანე Lift"
"PRODUCT"	"8995446489285"	"meta_description"	"ka"	""	""	"შავი გრძელი სავარჯიშო მაისური, .მასალა: Spandex / Polyester"	"Black long training t-shirt, .Material: Spandex / Polyester"
"PRODUCT"	"8995446522053"	"title"	"ka"	""	""	"Fleece Jacket Beige Bear"	"ფლისის ქურთუკი კრემისფერი დათვი"
"PRODUCT"	"8995446522053"	"body_html"	"ka"	""	""	"გრძელმკლავიანი დათბილული შემოსაცმელი  ელვა შესაკრავით

მასალა: Nylon / Spandex"	"Long-sleeved warm top with zipper

Material: Nylon / Spandex"
"PRODUCT"	"8995446522053"	"meta_title"	"ka"	""	""	"Fleece Jacket Beige Bear"	"ფლისის ქურთუკი კრემისფერი დათვი"
"PRODUCT"	"8995446522053"	"meta_description"	"ka"	""	""	"გრძელმკლავიანი უნაკერო ზედა ელვა შესაკრავით, იდეალურად კრავს ტანს და კვეთს ფორმებს,არ ტოვებს ოფლის ლაქებსმასალა: Nylon / Spandex"	"Seamless long-sleeved top with zipper, ideally hugs the body and accentuates shapes, leaves no sweat stainsMaterial: Nylon / Spandex"
"PRODUCT"	"8995446554821"	"title"	"ka"	""	""	"Set Brown Glow"	"ყავისფერი ბზინვარება"
"PRODUCT"	"8995446554821"	"body_html"	"ka"	""	""	"ელასტიური კომპლექტი, იდეალურად კრავს ტანს და კვეთს ფორმებს,

არ ტოვებს ოფლის ლაქებს

ტოპს აქვს გუფკა*

მასალა: Nylon / Spandex"	"Elastic set, perfectly wraps around the body and accentuates its shapes,
Does not leave sweat stains

Top has padding*

Material: Nylon / Spandex"
"PRODUCT"	"8995446554821"	"meta_title"	"ka"	""	""	"Set Brown Glow"	"ბრაუნ გლო ნაკრები"
"PRODUCT"	"8995446554821"	"meta_description"	"ka"	""	""	"ელასტიური კომპლექტი, იდეალურად კრავს ტანს და კვეთს ფორმებს,არ ტოვებს ოფლის ლაქებსმასალა: Nylon / Spandex"	"ელასტიური კომპლექტი იდეალურად კრავს ტანს და აყალიბებს სხეულს, არ ტოვებს ოფლის ლაქებს.
მასალა: ნეილონი / სპანდექსი"
"PRODUCT"	"8995446587589"	"title"	"ka"	""	""	"Fleece Jacket Grey Bear"	"საწმისის ქურთუკი რუხი დათვი"
"PRODUCT"	"8995446587589"	"body_html"	"ka"	""	""	"გრძელმკლავიანი დათბილული შემოსაცმელი  ელვა შესაკრავით

მასალა: Nylon / Spandex"	"Long-sleeved warm top with zipper

Material: Nylon / Spandex"
"PRODUCT"	"8995446587589"	"meta_title"	"ka"	""	""	"Fleece Jacket Grey Bear"	"საწმისის ქურთუკი ნაცრისფერი დათვი"
"PRODUCT"	"8995446587589"	"meta_description"	"ka"	""	""	"გრძელმკლავიანი უნაკერო ზედა ელვა შესაკრავით, იდეალურად კრავს ტანს და კვეთს ფორმებს,არ ტოვებს ოფლის ლაქებსმასალა: Nylon / Spandex"	"Seamless long-sleeved top with zipper, ideally hugs the body and accentuates shapes, leaves no sweat stainsMaterial: Nylon / Spandex"
"PRODUCT"	"8995446620357"	"title"	"ka"	""	""	"Set Navy Glow"	"ნავი გლო კომპლექტი"
"PRODUCT"	"8995446620357"	"body_html"	"ka"	""	""	"ელასტიური კომპლექტი, იდეალურად კრავს ტანს და კვეთს ფორმებს,

არ ტოვებს ოფლის ლაქებს

ტოპს აქვს გუფკა*

მასალა: Nylon / Spandex"	"Elastic set, perfectly wraps around the body and accentuates its shapes,
Does not leave sweat stains

Top has padding*

Material: Nylon / Spandex"
"PRODUCT"	"8995446620357"	"meta_title"	"ka"	""	""	"Set Navy Glow"	"დააყენეთ Navy Glow"
"PRODUCT"	"8995446620357"	"meta_description"	"ka"	""	""	"ელასტიური კომპლექტი, იდეალურად კრავს ტანს და კვეთს ფორმებს,არ ტოვებს ოფლის ლაქებსმასალა: Nylon / Spandex"	"ელასტიური კომპლექტი იდეალურად კრავს ტანს და აყალიბებს სხეულს, არ ტოვებს ოფლის ლაქებს.
მასალა: ნეილონი / სპანდექსი"
"PRODUCT"	"8995446718661"	"title"	"ka"	""	""	"Fleece Jacket Black Bear"	"საწმისის ქურთუკი შავი დათვი"
"PRODUCT"	"8995446718661"	"body_html"	"ka"	""	""	"გრძელმკლავიანი დათბილული შემოსაცმელი  ელვა შესაკრავით

მასალა: Nylon / Spandex"	"Long-sleeved warm top with zipper

Material: Nylon / Spandex"
"PRODUCT"	"8995446718661"	"meta_title"	"ka"	""	""	"Fleece Jacket Black Bear"	"საწმისის ქურთუკი შავი დათვი"
"PRODUCT"	"8995446718661"	"meta_description"	"ka"	""	""	"გრძელმკლავიანი დათბილული შემოსაცმელი  ელვა შესაკრავით"	"Long-sleeved warm top with a zipper"
"PRODUCT"	"8995446882501"	"title"	"ka"	""	""	"Push-up Jumpsuit Navy Burn"	"ბიუსჰალტერიანი კომბინეზონი, მუქი ლურჯი, დამწვარი"
"PRODUCT"	"8995446882501"	"body_html"	"ka"	""	""	"Push-Up Jumpsuit designed to enhance your curves and provide maximum support, offering a chic, sophisticated look.
• Built-in shelf bra with two layers and removable cups provides extra support
•Long Sleeve
•Invisible scrunch bum

<strong>Material and Care:</strong>
• 90% Nylon, 10% Spandex
• For optimal care of this sportswear, follow the care label instructions and use the delicate cycle."	"Push-Up-ის კომბინეზონი შექმნილია თქვენი სხეულის ხაზების უკეთ გამოსაჩენად და მაქსიმალური მხარდაჭერისთვის, რაც ქმნის დახვეწილ, სოფისტიკებულ იერს.
•ჩაშენებული თაროსებრი ბიუსტჰალტერი ორი ფენით და მოსახსნელი ჭიქებით, უზრუნველყოფს დამატებით მხარდაჭერას.
• გრძელი სახელოები
•უხილავი ნაჭერი უკანალის არეში

<strong>მასალა და მოვლა:</strong>
• 90% ნეილონი, 10% სპანდექსი
• ამ სპორტული ტანსაცმლის ოპტიმალური მოვლისთვის, მიჰყევით ეტიკეტზე მითითებულ ინსტრუქციებს და გამოიყენეთ დელიკატური რეცხვის რეჟიმი."
"PRODUCT"	"8995446882501"	"meta_title"	"ka"	""	""	"Push-up Jumpsuit Navy Burn"	"აჭიმვადი კომბინეზონი, მუქი ლურჯი, დამწვრობის ეფექტით"
"PRODUCT"	"8995446882501"	"meta_description"	"ka"	""	""	"სავარჯიშო კომბინიზონი, აქვს გუფკა. იდეალურად კრავს ტანს და ვიზუალურად ახდუნებს. მასალა: Polyester"	"Exercise jumpsuit with sponge pads. Perfectly tightens the body and makes it visually slimmer. Material: Polyester"
"PRODUCT"	"8995446980805"	"title"	"ka"	""	""	"T-Shirt White Dry Fit"	"მაისური თეთრი Dry Fit"
"PRODUCT"	"8995446980805"	"body_html"	"ka"	""	""	"თეთრი ელასტიური სავარჯიშო მაისური, არ აქვს ღრუბელი
მასალა: Spandex / Polyester"	"White elastic workout t-shirt, no sponge pads
Material: Spandex / Polyester"
"PRODUCT"	"8995446980805"	"meta_title"	"ka"	""	""	"T-Shirt White Dry Fit"	"მაისური თეთრი Dry Fit"
"PRODUCT"	"8995446980805"	"meta_description"	"ka"	""	""	"თეთრი ელასტიური სავარჯიშო ტოპი, აქვს გუფკა.მასალა: Spandex / Polyester"	"White elastic workout top with sponge pads.Material: Spandex / Polyester"
"PRODUCT"	"8995447210181"	"title"	"ka"	""	""	"Jumpsuit Pink Stronger"	"კომბინეზონი ვარდისფერი უფრო გამძლე"
"PRODUCT"	"8995447210181"	"meta_title"	"ka"	""	""	"Jumpsuit Pink Stronger"	"კომბინეზონი, ვარდისფერი, Stronger-ის ფირმის"
"PRODUCT"	"8995447210181"	"meta_description"	"ka"	""	""	"შავი სავარჯიშო კომბინიზონი, აქვს გუფკა. იდეალურად კრავს ტანს და ვიზუალურად ახდუნებს. მასალა: Polyester"	"Black exercise jumpsuit, has sponge. Perfectly wraps the body and visually slims. Material: Polyester"
"PRODUCT"	"8995447341253"	"title"	"ka"	""	""	" Seamless Leggings Khaki Flow"	"უკერო გამაშები ხაკისფერი ფლოუ"
"PRODUCT"	"8995447341253"	"body_html"	"ka"	""	""	"უნაკერო ელასტიკი, იდეალურად კრავს ტანს და გამოკვეთს ფორმებს. მასალა: Nylon/Spandex"	"Seamless elastic, perfectly hugs the body and accentuates curves. Material: Nylon/Spandex"
"PRODUCT"	"8995447341253"	"meta_title"	"ka"	""	""	" Seamless Leggings Khaki Flow"	"უკერო ლეგინსები, ხაკისფერი, „ფლოუ“"
"PRODUCT"	"8995447341253"	"meta_description"	"ka"	""	""	"სავარჯიშო მაღალწელიანი უნაკერო ელასტიკი, იდეალურად კრავს ტანს და გამოკვეთს ფორმებს. მასალა: Nylon"	"High-waisted seamless exercise leggings, perfectly compress and highlight your figure. Material: Nylon"
"PRODUCT"	"8995447374021"	"title"	"ka"	""	""	"Push-up Leggings Purple V"	"აჩი-აჩი გამაშები, იასამნისფერი V"
"PRODUCT"	"8995447374021"	"body_html"	"ka"	""	""	"სავარჯიშო მაღალწელიანი Push-up ლეგინსი , იდეალურად კრავს ტანს და გამოკვეთს უკანალს.
წელვადი, არ ლანდავს.

მასალა: Spandex / Polyester"	"High-waisted Push-up Leggings, ideal for body shaping and buttock highlighting.
Stretchy, not see-through.

Material: Spandex / Polyester"
"PRODUCT"	"8995447374021"	"meta_title"	"ka"	""	""	"Push-up Leggings Purple V"	"აჟღაბნილი გამაშები, იასამნისფერი, V ფორმის"
"PRODUCT"	"8995447374021"	"meta_description"	"ka"	""	""	"სავარჯიშო მაღალწელიანი Push-up ელასტიკი/ლეგინსი, იდეალურად კრავს ტანს და გამოკვეთს უკანალს.წელვადი, არ ლანდავს.მასალა:: Spandex / Polyester"	"High-waisted push-up elastic/leggings for workouts, perfectly shapes the body and enhances the butt. Stretchy, not see-through. Material: Spandex / Polyester"
"PRODUCT"	"8995447439557"	"title"	"ka"	""	""	"Push-up Set Brown Butterfly"	"პუშაპების ნაკრები, ყავისფერი პეპელა"
"PRODUCT"	"8995447439557"	"body_html"	"ka"	""	""	"<p style=""text-align: right;"">ელასტიური კომპლექტი, იდეალურად კრავს ტანს და კვეთს ფორმებს,</p>
ზედას აქვს ღრუბელი, ლეგინსი არის Invisible Push-up ეფექტით

არ ტოვებს ოფლის ლაქებს

მასალა: Nylon / Spandex"	"<p style=""text-align: right;"">Elastic set, perfectly wraps the body and cuts the shapes,</p>
The top has a sponge, the leggings have an Invisible Push-up effect

Does not leave sweat stains

Material: Nylon / Spandex"
"PRODUCT"	"8995447439557"	"meta_title"	"ka"	""	""	"Push-up Set Brown Butterfly"	"აჭიმვის ნაკრები, ყავისფერი პეპელა"
"PRODUCT"	"8995447439557"	"meta_description"	"ka"	""	""	"ელასტიური კომპლექტი , იდეალურად კრავს ტანს და კვეთს ფორმებს,არ ტოვებს ოფლის ლაქებსმასალა: Nylon / Spandex"	"Elastic set, perfectly hugs the body and highlights its forms, leaves no sweat stains.
Material: Nylon / Spandex"
"PRODUCT"	"8995447505093"	"title"	"ka"	""	""	"Push-up Jumpsuit Dark Brown Victory"	"„პუშ-აპ“ კომბინეზონი მუქი ყავისფერი Victory"
"PRODUCT"	"8995447505093"	"body_html"	"ka"	""	""	"Push-Up Jumpsuit designed to enhance your curves and provide maximum support, offering a chic, sophisticated look.
• Built-in shelf bra with two layers and removable cups provides extra support
•Invisible scrunch bum

<strong>Material and Care:</strong>
• 90% Nylon, 10% Spandex
• For optimal care of this sportswear, follow the care label instructions and use the delicate cycle."	"პუშ-აპ კომბინიზონი, რომელიც შექმნილია თქვენი სხეულის ხაზების ხაზგასასმელად და მაქსიმალური მხარდაჭერის უზრუნველსაყოფად, ელეგანტური და დახვეწილი იერისთვის.
• ჩაშენებული ორფენიანი ბიუსტჰალტერი ამოსაღები ჩანართებით უზრუნველყოფს დამატებით მხარდაჭერას
• უხილავი რბილი ეფექტი

<strong>მასალა და მოვლა:</strong>
• 90% ნეილონი, 10% სპანდექსი
• ამ სპორტული ტანსაცმლის ოპტიმალური მოვლისთვის, მიჰყევით მოვლის ინსტრუქციებს და გამოიყენეთ დელიკატური რეცხვის რეჟიმი."
"PRODUCT"	"8995447505093"	"meta_title"	"ka"	""	""	"Push-up Jumpsuit Dark Brown Victory"	"პუშ-აპი კომბინეზონი მუქი ყავისფერი Victory"
"PRODUCT"	"8995447505093"	"meta_description"	"ka"	""	""	"სავარჯიშო კომბინიზონი, აქვს გუფკა. იდეალურად კრავს ტანს და ვიზუალურად ახდუნებს. მასალა: Polyester"	"Exercise jumpsuit with sponge pads. Perfectly tightens the body and makes it visually slimmer. Material: Polyester"
"PRODUCT"	"8995447603397"	"title"	"ka"	""	""	"Push-up Jumpsuit Dark Brown Jump"	"წელვადი კომბინეზონი მუქი ყავისფერი ჯამპი"
"PRODUCT"	"8995447603397"	"body_html"	"ka"	""	""	"Push-Up Jumpsuit designed to enhance your curves and provide maximum support, offering a chic, sophisticated look.
• Built-in shelf bra with two layers and removable cups provides extra support
•Invisible scrunch bum

<strong>Material and Care:</strong>
• 90% Nylon, 10% Spandex
• For optimal care of this sportswear, follow the care label instructions and use the delicate cycle."	"პუშ-აპ კომბინიზონი, რომელიც შექმნილია თქვენი სხეულის ხაზების ხაზგასასმელად და მაქსიმალური მხარდაჭერის უზრუნველსაყოფად, ელეგანტური და დახვეწილი იერისთვის.
• ჩაშენებული ორფენიანი ბიუსტჰალტერი ამოსაღები ჩანართებით უზრუნველყოფს დამატებით მხარდაჭერას
• უხილავი რბილი ეფექტი

<strong>მასალა და მოვლა:</strong>
• 90% ნეილონი, 10% სპანდექსი
• ამ სპორტული ტანსაცმლის ოპტიმალური მოვლისთვის, მიჰყევით მოვლის ინსტრუქციებს და გამოიყენეთ დელიკატური რეცხვის რეჟიმი."
"PRODUCT"	"8995447603397"	"meta_title"	"ka"	""	""	"Push-up Jumpsuit Dark Brown Jump"	"აღმზრდელი კომბინეზონი, მუქი ყავისფერი, ნახტომი"
"PRODUCT"	"8995447603397"	"meta_description"	"ka"	""	""	"სავარჯიშო კომბინიზონი, აქვს გუფკა. იდეალურად კრავს ტანს და ვიზუალურად ახდუნებს. მასალა: Polyester"	"Exercise jumpsuit with sponge pads. Perfectly tightens the body and makes it visually slimmer. Material: Polyester"
"PRODUCT"	"8995447636165"	"title"	"ka"	""	""	"Push-up Jumpsuit Rose Jump"	"ამწევი კომბინეზონი ""ვარდი"""
"PRODUCT"	"8995447636165"	"body_html"	"ka"	""	""	"Push-Up Jumpsuit designed to enhance your curves and provide maximum support, offering a chic, sophisticated look.
• Built-in shelf bra with two layers and removable cups provides extra support
•Invisible scrunch bum

<strong>Material and Care:</strong>
• 90% Nylon, 10% Spandex
• For optimal care of this sportswear, follow the care label instructions and use the delicate cycle."	"პუშ-აპ კომბინიზონი, რომელიც შექმნილია თქვენი სხეულის ხაზების ხაზგასასმელად და მაქსიმალური მხარდაჭერის უზრუნველსაყოფად, ელეგანტური და დახვეწილი იერისთვის.
• ჩაშენებული ორფენიანი ბიუსტჰალტერი ამოსაღები ჩანართებით უზრუნველყოფს დამატებით მხარდაჭერას
• უხილავი რბილი ეფექტი

<strong>მასალა და მოვლა:</strong>
• 90% ნეილონი, 10% სპანდექსი
• ამ სპორტული ტანსაცმლის ოპტიმალური მოვლისთვის, მიჰყევით მოვლის ინსტრუქციებს და გამოიყენეთ დელიკატური რეცხვის რეჟიმი."
"PRODUCT"	"8995447636165"	"meta_title"	"ka"	""	""	"Push-up Jumpsuit Rose Jump"	"აჭიმვადი კომბინეზონი „როუზ ჯამპი“"
"PRODUCT"	"8995447636165"	"meta_description"	"ka"	""	""	"სავარჯიშო კომბინიზონი, აქვს გუფკა. იდეალურად კრავს ტანს და ვიზუალურად ახდუნებს. მასალა: Polyester"	"Exercise jumpsuit with sponge pads. Perfectly tightens the body and makes it visually slimmer. Material: Polyester"
"PRODUCT"	"8995447668933"	"title"	"ka"	""	""	"Leggings Navy Classic"	"ლეგინსები მუქი ლურჯი კლასიკური"
"PRODUCT"	"8995447668933"	"body_html"	"ka"	""	""	"სავარჯიშო მაღალწელიანი ელასტიკი, იდეალურად კრავს ტანს და გამოკვეთს უკანალს.

მასალა: Spandex / Polyester"	"High-waisted elastic workout leggings that perfectly hug the body and accentuate the buttocks.

Material: Spandex / Polyester"
"PRODUCT"	"8995447668933"	"meta_title"	"ka"	""	""	"Leggings Navy Classic"	"ლეგინსები, მუქი ლურჯი, კლასიკური"
"PRODUCT"	"8995447668933"	"meta_description"	"ka"	""	""	"სავარჯიშო მაღალწელიანი ელასტიკი, იდეალურად კრავს ტანს და გამოკვეთს უკანალს.მასალა: Spandex / Polyester"	"High-waisted elastic workout leggings, perfect for body sculpting and butt lifting. Fabric: Spandex / Polyester"
"PRODUCT"	"8995447767237"	"title"	"ka"	""	""	"Classic Set Black Zone"	"კლასიკური ნაკრები შავი ზონა"
"PRODUCT"	"8995447767237"	"body_html"	"ka"	""	""	"ელასტიური კომპლექტი, იდეალურად კრავს ტანს და კვეთს ფორმებს,

არ ტოვებს ოფლის ლაქებს

ტოპს აქვს გუფკა*

მასალა: Nylon / Spandex"	"Elastic set, perfectly wraps around the body and accentuates its shapes,
Does not leave sweat stains

Top has padding*

Material: Nylon / Spandex"
"PRODUCT"	"8995447767237"	"meta_title"	"ka"	""	""	"Classic Set Black Zone"	"კლასიკური ნაკრები შავი ზონა"
"PRODUCT"	"8995447767237"	"meta_description"	"ka"	""	""	"ელასტიური კომპლექტი, იდეალურად კრავს ტანს და კვეთს ფორმებს,არ ტოვებს ოფლის ლაქებსმასალა: Nylon / Spandex"	"ელასტიური კომპლექტი იდეალურად კრავს ტანს და აყალიბებს სხეულს, არ ტოვებს ოფლის ლაქებს.
მასალა: ნეილონი / სპანდექსი"
"PRODUCT"	"8995447832773"	"title"	"ka"	""	""	"Zip Jacket Brown Zip"	"ელვაშეკრული ქურთუკი, ყავისფერი ელვაშეკრული"
"PRODUCT"	"8995447832773"	"body_html"	"ka"	""	""	"გრძელმკლავიანი ზედა ელვა შესაკრავით, იდეალურად კრავს ტანს და კვეთს ფორმებს.

არ ტოვებს ოფლის ლაქებს

მასალა: Nylon / Spandex"	"Long-sleeve top with a zipper, perfectly wraps the body and highlights its forms.

Does not leave sweat stains.

Material: Nylon / Spandex"
"PRODUCT"	"8995447832773"	"meta_title"	"ka"	""	""	"Zip Jacket Brown Zip"	"ელვა შესაკრავიანი ყავისფერი ქურთუკი"
"PRODUCT"	"8995447832773"	"meta_description"	"ka"	""	""	"გრძელმკლავიანი უნაკერო ზედა ელვა შესაკრავით, იდეალურად კრავს ტანს და კვეთს ფორმებს,არ ტოვებს ოფლის ლაქებსმასალა: Nylon / Spandex"	"Seamless long-sleeved top with zipper, ideally hugs the body and accentuates shapes, leaves no sweat stainsMaterial: Nylon / Spandex"
"PRODUCT"	"8995447898309"	"title"	"ka"	""	""	"Set Green Glow"	"მწვანე ნათების დაყენება"
"PRODUCT"	"8995447898309"	"body_html"	"ka"	""	""	"ელასტიური კომპლექტი, იდეალურად კრავს ტანს და კვეთს ფორმებს,

არ ტოვებს ოფლის ლაქებს

ტოპს აქვს გუფკა*

მასალა: Nylon / Spandex"	"Elastic set, perfectly wraps around the body and accentuates its shapes,
Does not leave sweat stains

Top has padding*

Material: Nylon / Spandex"
"PRODUCT"	"8995447898309"	"meta_title"	"ka"	""	""	"Set Green Glow"	"დააყენეთ მწვანე ნათება"
"PRODUCT"	"8995447898309"	"meta_description"	"ka"	""	""	"ელასტიური კომპლექტი, იდეალურად კრავს ტანს და კვეთს ფორმებს,არ ტოვებს ოფლის ლაქებსმასალა: Nylon / Spandex"	"ელასტიური კომპლექტი იდეალურად კრავს ტანს და აყალიბებს სხეულს, არ ტოვებს ოფლის ლაქებს.
მასალა: ნეილონი / სპანდექსი"
"PRODUCT"	"8995447996613"	"title"	"ka"	""	""	"Zip Hoodie White Horizon"	"ელვაშესაკრავიანი ჰუდი „თეთრი ჰორიზონტი“"
"PRODUCT"	"8995447996613"	"body_html"	"ka"	""	""	"თავისუფალი სტილის მოსაცმელი ელვა შესაკრავით

მასალა: Nylon / Spandex"	"თავისუფალი სტილის მოსაცმელი ელვა შესაკრავით

მასალა: Nylon / Spandex"
"PRODUCT"	"8995447996613"	"meta_title"	"ka"	""	""	"Zip Hoodie White Horizon"	"ელვაშესაკრავიანი ჰუდი „თეთრი ჰორიზონტი“"
"PRODUCT"	"8995447996613"	"meta_description"	"ka"	""	""	"გრძელმკლავიანი უნაკერო ზედა ელვა შესაკრავით, იდეალურად კრავს ტანს და კვეთს ფორმებს,არ ტოვებს ოფლის ლაქებსმასალა: Nylon / Spandex"	"Seamless long-sleeved top with zipper, ideally hugs the body and accentuates shapes, leaves no sweat stainsMaterial: Nylon / Spandex"
"PRODUCT"	"8995448094917"	"title"	"ka"	""	""	"Zip Hoodie Khaki Horizon"	"ელვაშესაკრავიანი კაპიუშონიანი ჟაკეტი ხაკისფერი ჰორიზონტი"
"PRODUCT"	"8995448094917"	"body_html"	"ka"	""	""	"თავისუფალი სტილის მოსაცმელი ელვა შესაკრავით

მასალა: Nylon / Spandex"	"Loose-fit jacket with a zipper

Material: Nylon / Spandex"
"PRODUCT"	"8995448094917"	"meta_title"	"ka"	""	""	"Zip Hoodie Khaki Horizon"	"ელვა შესაკრავიანი კაპიუშონიანი ჟაკეტი ხაკისფერი Horizon"
"PRODUCT"	"8995448094917"	"meta_description"	"ka"	""	""	"თავისუფალი სტილის გრძელმკლავიანი სპორტული მოსაცმელი ელვა შესაკრავით"	"Free style long-sleeved sports jacket with zip"
"PRODUCT"	"8995448127685"	"title"	"ka"	""	""	"Zip Hoodie Green Horizon"	"ელვაშესაკრავიანი ჰუდი „მწვანე ჰორიზონტი“"
"PRODUCT"	"8995448127685"	"body_html"	"ka"	""	""	"თავისუფალი სტილის მოსაცმელი ელვა შესაკრავით

მასალა: Nylon / Spandex"	"Free-style coat with zipper

Material: Nylon / Spandex"
"PRODUCT"	"8995448127685"	"meta_title"	"ka"	""	""	"Zip Hoodie Green Horizon"	"კაპიშონიანი ზედა, მწვანე ჰორიზონტი"
"PRODUCT"	"8995448127685"	"meta_description"	"ka"	""	""	"თავისუფალი სტილის გრძელმკლავიანი სპორტული მოსაცმელი ელვა შესაკრავით"	"Freestyle long-sleeved sports jacket with zip"
"PRODUCT"	"8995448160453"	"title"	"ka"	""	""	"Set Pink Glow"	"ვარდისფერი ნათება"
"PRODUCT"	"8995448160453"	"body_html"	"ka"	""	""	"ელასტიური კომპლექტი, იდეალურად კრავს ტანს და კვეთს ფორმებს,

არ ტოვებს ოფლის ლაქებს

ტოპს აქვს გუფკა*

მასალა: Nylon / Spandex"	"Elastic set, perfectly wraps around the body and accentuates its shapes,
Does not leave sweat stains

Top has padding*

Material: Nylon / Spandex"
"PRODUCT"	"8995448160453"	"meta_title"	"ka"	""	""	"Set Pink Glow"	"დააყენეთ ვარდისფერი ნათება"
"PRODUCT"	"8995448160453"	"meta_description"	"ka"	""	""	"ელასტიური კომპლექტი, იდეალურად კრავს ტანს და კვეთს ფორმებს,არ ტოვებს ოფლის ლაქებსმასალა: Nylon / Spandex"	"ელასტიური კომპლექტი იდეალურად კრავს ტანს და აყალიბებს სხეულს, არ ტოვებს ოფლის ლაქებს.
მასალა: ნეილონი / სპანდექსი"
"PRODUCT"	"8995448258757"	"title"	"ka"	""	""	"Push-up Leggings Pink Leopard V"	"აჭიმვადი ლეგინსები, ვარდისფერი ლეოპარდის პრინტით V"
"PRODUCT"	"8995448258757"	"body_html"	"ka"	""	""	"სავარჯიშო Push-up  ელასტიკი ლეოპარდის პრინტით, იდეალურად კრავს ტანს და კვეთს ფორმებს.

მასალა:  Polyester / Spandex"	"Push-up სავარჯიშო ელასტიკი ლეოპარდის პრინტით, იდეალურად კრავს ტანს და აყალიბებს ფორმებს.

მასალა: პოლიესტერი / სპანდექსი"
"PRODUCT"	"8995448258757"	"meta_title"	"ka"	""	""	"Push-up Leggings Pink Leopard V"	"აჭიმვადი ლეგინსები, ვარდისფერი ლეოპარდის პრინტით V"
"PRODUCT"	"8995448258757"	"meta_description"	"ka"	""	""	"სავარჯიშო Push-up  ელასტიკი ლეოპარდის პრინტით, იდეალურად კრავს ტანს და კვეთს ფორმებს.მასალა:  Polyester / Spandex"	"Push-up სავარჯიშო ელასტიკი ლეოპარდის პრინტით, იდეალურად კრავს ტანს და აყალიბებს ფორმებს.მასალა: პოლიესტერი / სპანდექსი"
"PRODUCT"	"8995448291525"	"title"	"ka"	""	""	"Crop Top Purple Peak"	"კროპ ტოპი „Purple Peak“"
"PRODUCT"	"8995448291525"	"body_html"	"ka"	""	""	"ღია იისფერი ელასტიური სავარჯიშო ტოპი, აქვს გუფკა.
მასალა: Spandex / Polyester"	"ღია იასამნისფერი ელასტიური სავარჯიშო ტოპი, აქვს გუფკა.
მასალა: Spandex / Polyester"
"PRODUCT"	"8995448291525"	"meta_title"	"ka"	""	""	"Crop Top Purple Peak"	"კროპ ტოპი „Purple Peak“"
"PRODUCT"	"8995448291525"	"meta_description"	"ka"	""	""	"იასამნისფერი სავარჯიშო მოკლე ტოპი , აქვს გუფკა.მასალა: Spandex / Polyester"	"Purple Workout Crop Top with Sponge. Material: Spandex / Polyester"
"PRODUCT"	"8995448389829"	"title"	"ka"	""	""	" Seamless Leggings Light Blue Flow"	"უკერო ლეგინსები, ღია ცისფერი, მოძრავი"
"PRODUCT"	"8995448389829"	"body_html"	"ka"	""	""	"უნაკერო ელასტიკი, იდეალურად კრავს ტანს და გამოკვეთს ფორმებს. მასალა: Nylon/Spandex"	"Seamless elastic, perfectly hugs the body and accentuates curves. Material: Nylon/Spandex"
"PRODUCT"	"8995448389829"	"meta_title"	"ka"	""	""	" Seamless Leggings Light Blue Flow"	"შეუფერხებელი ლეგინსები, ღია ცისფერი ნაკადი"
"PRODUCT"	"8995448389829"	"meta_description"	"ka"	""	""	"სავარჯიშო მაღალწელიანი უნაკერო ელასტიკი, იდეალურად კრავს ტანს და გამოკვეთს ფორმებს. მასალა: Nylon"	"High-waisted seamless exercise leggings, perfectly compress and highlight your figure. Material: Nylon"
"PRODUCT"	"8995448422597"	"title"	"ka"	""	""	"Crop Top Barbie Pink Shadow"	"Crop Top Barbie ვარდისფერი ჩრდილი"
"PRODUCT"	"8995448422597"	"body_html"	"ka"	""	""	"მოკლემკლავიანი ტოპი, იდეალურად კრავს ტანს და კვეთს ფორმებს, არ ტოვებს ოფლის ლაქებს
*ტოპი არის გუფკით  მასალა: Nylon / Spandex"	"Short-sleeved top, perfectly hugs the body and accentuates forms, leaves no sweat stains
*Top has pads Material: Nylon / Spandex"
"PRODUCT"	"8995448422597"	"meta_title"	"ka"	""	""	"Crop Top Barbie Pink Shadow"	"კროპ ტოპი, Barbie ვარდისფერი ჩრდილი"
"PRODUCT"	"8995448422597"	"meta_description"	"ka"	""	""	"ღია ვარდისფერი მოკლემკლავიანი ტოპი, იდეალურად კრავს ტანს და კვეთს ფორმებს,არ ტოვებს ოფლის ლაქებს *ტოპი არის გუფკით მასალა: Nylon / Spandex"	"Light pink short-sleeved top, perfectly hugs the body and sculpts forms, leaves no sweat stains *The top has sponges Material: Nylon / Spandex"
"PRODUCT"	"8995448520901"	"title"	"ka"	""	""	"Crop Top Black Peak"	"მოკლე ზედატანი შავი პიკი"
"PRODUCT"	"8995448520901"	"body_html"	"ka"	""	""	"ელასტიური სავარჯიშო ტოპი, აქვს გუფკა.
მასალა: Spandex / Polyester"	"Elastic workout top with sponge.
Material: Spandex / Polyester"
"PRODUCT"	"8995448520901"	"meta_title"	"ka"	""	""	"Crop Top Black Peak"	"მოკლე ტოპი შავი პიკი"
"PRODUCT"	"8995448520901"	"meta_description"	"ka"	""	""	"სავარჯიშო მოკლე ტოპი , აქვს გუფკა.მასალა: Spandex / Polyester"	"Sports bra with sponge. Material: Spandex / Polyester"
"PRODUCT"	"8995448586437"	"title"	"ka"	""	""	"Push-up Jumpsuit Black Victory"	"„ფუშ-აპ“ კომბინეზონი შავი „ვიქტორი“"
"PRODUCT"	"8995448586437"	"body_html"	"ka"	""	""	"Push-Up Jumpsuit designed to enhance your curves and provide maximum support, offering a chic, sophisticated look.
• Built-in shelf bra with two layers and removable cups provides extra support
•Invisible scrunch bum

<strong>Material and Care:</strong>
• 90% Nylon, 10% Spandex
• For optimal care of this sportswear, follow the care label instructions and use the delicate cycle."	"პუშ-აპ კომბინიზონი, რომელიც შექმნილია თქვენი სხეულის ხაზების ხაზგასასმელად და მაქსიმალური მხარდაჭერის უზრუნველსაყოფად, ელეგანტური და დახვეწილი იერისთვის.
• ჩაშენებული ორფენიანი ბიუსტჰალტერი ამოსაღები ჩანართებით უზრუნველყოფს დამატებით მხარდაჭერას
• უხილავი რბილი ეფექტი

<strong>მასალა და მოვლა:</strong>
• 90% ნეილონი, 10% სპანდექსი
• ამ სპორტული ტანსაცმლის ოპტიმალური მოვლისთვის, მიჰყევით მოვლის ინსტრუქციებს და გამოიყენეთ დელიკატური რეცხვის რეჟიმი."
"PRODUCT"	"8995448586437"	"meta_title"	"ka"	""	""	"Push-up Jumpsuit Black Victory"	"აწევის სპორტული კომბინეზონი, შავი ვიქტორი"
"PRODUCT"	"8995448586437"	"meta_description"	"ka"	""	""	"სავარჯიშო კომბინიზონი, აქვს გუფკა. იდეალურად კრავს ტანს და ვიზუალურად ახდუნებს. მასალა: Polyester"	"Exercise jumpsuit with sponge pads. Perfectly tightens the body and makes it visually slimmer. Material: Polyester"
"PRODUCT"	"8995448651973"	"title"	"ka"	""	""	"Zip Jacket Dark Grey Zip"	"ელვაშესაკრავიანი ქურთუკი მუქი ნაცრისფერი ელვაშესაკრავი"
"PRODUCT"	"8995448651973"	"body_html"	"ka"	""	""	"გრძელმკლავიანი ზედა ელვა შესაკრავით, იდეალურად კრავს ტანს და კვეთს ფორმებს.

არ ტოვებს ოფლის ლაქებს

მასალა: Nylon / Spandex"	"Long-sleeve top with a zipper, perfectly wraps the body and highlights its forms.

Does not leave sweat stains.

Material: Nylon / Spandex"
"PRODUCT"	"8995448651973"	"meta_title"	"ka"	""	""	"Zip Jacket Dark Grey Zip"	"ელვაშესაკრავიანი ქურთუკი, მუქი ნაცრისფერი ელვაშესაკრავი"
"PRODUCT"	"8995448651973"	"meta_description"	"ka"	""	""	"გრძელმკლავიანი უნაკერო ზედა ელვა შესაკრავით, იდეალურად კრავს ტანს და კვეთს ფორმებს,არ ტოვებს ოფლის ლაქებსმასალა: Nylon / Spandex"	"Seamless long-sleeved top with zipper, ideally hugs the body and accentuates shapes, leaves no sweat stainsMaterial: Nylon / Spandex"
"PRODUCT"	"8995448717509"	"title"	"ka"	""	""	"Crop Top Yellow Classic"	"მოკლე ტოპი, ყვითელი, კლასიკური"
"PRODUCT"	"8995448717509"	"body_html"	"ka"	""	""	"სავაჯიშო მოკლე მაისური, არ აქვს გუფკა.
მასალა: Spandex / Polyester"	"Workout short top, without sponge.
Material: Spandex / Polyester"
"PRODUCT"	"8995448717509"	"meta_title"	"ka"	""	""	"Crop Top Yellow Classic"	"კროპ ტოპი, ყვითელი, კლასიკური"
"PRODUCT"	"8995448717509"	"meta_description"	"ka"	""	""	"შავი ელასტიური სავარჯიშო ტოპი, აქვს გუფკა.მასალა: Spandex / Polyester"	"Black elastic workout top, has sponge. Material: Spandex / Polyester"
"PRODUCT"	"8995448750277"	"title"	"ka"	""	""	"Sports Bra Black Run"	"სპორტული ბიუსტჰალტერი შავი სარბენი"
"PRODUCT"	"8995448750277"	"body_html"	"ka"	""	""	"სავაჯიშო ბრა, მკერდზე აქვს ღრუბელი*
მასალა: Spandex / Polyester"	"Sports Bra, Sponge on chest
Fabric: Spandex / Polyester"
"PRODUCT"	"8995448750277"	"meta_title"	"ka"	""	""	"Sports Bra Black Run"	"სპორტული ბიუსტჰალტერი შავი სირბილი"
"PRODUCT"	"8995448750277"	"meta_description"	"ka"	""	""	"შავი ელასტიური სავარჯიშო ტოპი, აქვს გუფკა.მასალა: Spandex / Polyester"	"Black elastic workout top, has sponge. Material: Spandex / Polyester"
"PRODUCT"	"8995448783045"	"title"	"ka"	""	""	"T-shirt Dark Grey Lift"	"მაისური მუქი ნაცრისფერი ლიფტი"
"PRODUCT"	"8995448783045"	"body_html"	"ka"	""	""	"სავაჯიშო გრძელი მაისური, არ აქვს გუფკა.
მასალა: Spandex / Polyester"	"Workout long sleeve t-shirt, no sponge.
Material: Spandex / Polyester"
"PRODUCT"	"8995448783045"	"meta_title"	"ka"	""	""	"T-shirt Dark Grey Lift"	"მაისური მუქი ნაცრისფერი ლიფტი"
"PRODUCT"	"8995448783045"	"meta_description"	"ka"	""	""	"შავი ელასტიური სავარჯიშო ტოპი, აქვს გუფკა.მასალა: Spandex / Polyester"	"Black elastic workout top, has sponge. Material: Spandex / Polyester"
"PRODUCT"	"8995448815813"	"title"	"ka"	""	""	"T-shirt Cocoa Lift"	"მაისური კაკაო ლიფტი"
"PRODUCT"	"8995448815813"	"body_html"	"ka"	""	""	"გრძელი სავარჯიშო მაისური, მკერდზე არ აქვს ღრუბელი*
მასალა: Spandex / Polyester"	"Long workout top, no padding on the bust.
Material: Spandex / Polyester"
"PRODUCT"	"8995448815813"	"meta_title"	"ka"	""	""	"T-shirt Cocoa Lift"	"მაისური „კაკაოს ლიფტი“"
"PRODUCT"	"8995448815813"	"meta_description"	"ka"	""	""	"შავი გრძელი სავარჯიშო მაისური, .მასალა: Spandex / Polyester"	"Black long training t-shirt, .Material: Spandex / Polyester"
"PRODUCT"	"8995448881349"	"title"	"ka"	""	""	"T-shirt Light Grey Lift"	"მაისური ღია ნაცრისფერი ლიფტი"
"PRODUCT"	"8995448881349"	"body_html"	"ka"	""	""	"გრძელი სავარჯიშო მაისური, მკერდზე არ აქვს ღრუბელი*
მასალა: Spandex / Polyester"	"Longline workout top with no padding.

Material: Spandex / Polyester"
"PRODUCT"	"8995448881349"	"meta_title"	"ka"	""	""	"T-shirt Light Grey Lift"	"მაისური ღია ნაცრისფერი ლიფტი"
"PRODUCT"	"8995448881349"	"meta_description"	"ka"	""	""	"გრძელი სავარჯიშო მაისური, .მასალა: Spandex / Polyester"	"Long Workout T-Shirt, Material: Spandex / Polyester"
"PRODUCT"	"8995448946885"	"title"	"ka"	""	""	"Crop Top Black Flex"	"კროპ ტოპი შავი ფლექსი"
"PRODUCT"	"8995448946885"	"body_html"	"ka"	""	""	"ელასტიური სავარჯიშო ტოპი, აქვს გუფკა.
მასალა: Spandex / Polyester"	"Elastic workout top with sponge.
Material: Spandex / Polyester"
"PRODUCT"	"8995448946885"	"meta_title"	"ka"	""	""	"Crop Top Black Flex"	"კროპ ტოპი, შავი, Flex"
"PRODUCT"	"8995448946885"	"meta_description"	"ka"	""	""	"სავარჯიშო მოკლე ტოპი , აქვს გუფკა.მასალა: Spandex / Polyester"	"Sports bra with sponge. Material: Spandex / Polyester"
"PRODUCT"	"8995448979653"	"title"	"ka"	""	""	"Crop Top Brown Classic"	"მოკლე ყავისფერი კლასიკური ზედა"
"PRODUCT"	"8995448979653"	"body_html"	"ka"	""	""	"სავაჯიშო მოკლე მაისური, არ აქვს გუფკა.
მასალა: Spandex / Polyester"	"Workout short top, without sponge.
Material: Spandex / Polyester"
"PRODUCT"	"8995448979653"	"meta_title"	"ka"	""	""	"Crop Top Brown Classic"	"კროპ ტოპი, ყავისფერი, კლასიკური"
"PRODUCT"	"8995448979653"	"meta_description"	"ka"	""	""	"შავი ელასტიური სავარჯიშო ტოპი, აქვს გუფკა.მასალა: Spandex / Polyester"	"Black elastic workout top, has sponge. Material: Spandex / Polyester"
"PRODUCT"	"8995449012421"	"title"	"ka"	""	""	"Crop Top Light Grey Classic"	"მოკლე ტოპი, ღია ნაცრისფერი, კლასიკური"
"PRODUCT"	"8995449012421"	"body_html"	"ka"	""	""	"სავაჯიშო მოკლე მაისური, არ აქვს გუფკა.
მასალა: Spandex / Polyester"	"Workout short top, without sponge.
Material: Spandex / Polyester"
"PRODUCT"	"8995449012421"	"meta_title"	"ka"	""	""	"Crop Top Light Grey Classic"	"მოკლე ზედა ნაცრისფერი კლასიკური"
"PRODUCT"	"8995449012421"	"meta_description"	"ka"	""	""	"შავი ელასტიური სავარჯიშო ტოპი, აქვს გუფკა.მასალა: Spandex / Polyester"	"Black elastic workout top, has sponge. Material: Spandex / Polyester"
"PRODUCT"	"8995449045189"	"title"	"ka"	""	""	" Crop Top Black Vortex"	"ტოპ-მაისური შავი ვორტექსი"
"PRODUCT"	"8995449045189"	"body_html"	"ka"	""	""	"სავარჯიშო მოკლე მაისური,
*გუფკის გარეშე
არ ტოვებს ოფლის ლაქებს
მასალა: Spandex / Polyester"	"Crop top, sports bra,
*No padding
Sweat-wicking fabric
Material: Spandex / Polyester"
"PRODUCT"	"8995449045189"	"meta_title"	"ka"	""	""	" Crop Top Black Vortex"	"კროპ ტოპი შავი ვორტექსი"
"PRODUCT"	"8995449045189"	"meta_description"	"ka"	""	""	"სავარჯიშო მოკლე მაისური, *გუფკის გარეშე, არ ტოვებს ოფლის ლაქებსმასალა: Spandex / Polyester"	"Exercise short top, *without sponge, does not leave sweat stains. Material: Spandex / Polyester"
"PRODUCT"	"8995449143493"	"title"	"ka"	""	""	"Long Sleeve Crop Top Black"	"გრძელმკლავიანი მოკლე ტოპი შავი"
"PRODUCT"	"8995449143493"	"body_html"	"ka"	""	""	"სავარჯიშო შავი ზედა, იდეალურად კრავს ტანს და კვეთს ფორმებს, არ ტოვებს ოფლის ლაქებს.

*არ აქვს ღრუბელი მკერდზე

მასალა: Polyester/Spandex"	"Training black top, perfectly tightens the body and outlines the forms, does not leave sweat stains.

*It does not have a sponge on the chest

Material: Polyester/Spandex"
"PRODUCT"	"8995449143493"	"meta_title"	"ka"	""	""	"Long Sleeve Crop Top Black"	"გრძელმკლავიანი მოკლე ტოპი შავი"
"PRODUCT"	"8995449143493"	"meta_description"	"ka"	""	""	"შავი ზედა, იდეალურად კრავს ტანს და კვეთს ფორმებს, არ ტოვებს ოფლის ლაქებს, აქვს გუფკა.მასალა:  Polyester / Spandex"	"Black top, perfectly fits the body and defines the figure, does not leave sweat stains, has sponge padding. Material: Polyester / Spandex"
"PRODUCT"	"8995449241797"	"title"	"ka"	""	""	"Crop Top Light Blue Classic"	"კროპ ტოპი ღია ლურჯი კლასიკური"
"PRODUCT"	"8995449241797"	"body_html"	"ka"	""	""	"სავაჯიშო მოკლე მაისური, არ აქვს გუფკა.
მასალა: Spandex / Polyester"	"Workout short top, without sponge.
Material: Spandex / Polyester"
"PRODUCT"	"8995449241797"	"meta_title"	"ka"	""	""	"Crop Top Light Blue Classic"	"კროპ ტოპი, ღია ლურჯი, კლასიკური"
"PRODUCT"	"8995449241797"	"meta_description"	"ka"	""	""	"შავი ელასტიური სავარჯიშო ტოპი, აქვს გუფკა.მასალა: Spandex / Polyester"	"Black elastic workout top, has sponge. Material: Spandex / Polyester"
"PRODUCT"	"8995449340101"	"title"	"ka"	""	""	"Push-up Crossover Leggings Black Pocket"	"აქვსტოპური ლეგინსი ჯიბით – შავი"
"PRODUCT"	"8995449340101"	"body_html"	"ka"	""	""	"სავარჯიშო მაღალწელიანი Push-up ელასტიკი ჯიბით, იდეალურად კრავს ტანს და გამოკვეთს უკანალს.

მასალა: Spandex / Polyester"	"High-waist push-up elastic exercise leggings with pocket, perfectly shapes the body and accentuates the butt.

Material: Spandex / Polyester"
"PRODUCT"	"8995449340101"	"meta_title"	"ka"	""	""	"Push-up Crossover Leggings Black Pocket"	"აჭიმვადი კროსოვერი შარვალი-ლეჯინსი შავი ჯიბით"
"PRODUCT"	"8995449372869"	"title"	"ka"	""	""	"White Sock"	"თეთრი წინდა"
"PRODUCT"	"8995449372869"	"body_html"	"ka"	""	""	"თეთრი წინდა

მასალა: Nylon/Cotton

ზომა: სტანდარტი (36-40)"	"White Sock

Material: Nylon/Cotton

Size: Standard (36-40)"
"PRODUCT"	"8995449372869"	"meta_title"	"ka"	""	""	"White Sock"	"თეთრი წინდა"
"PRODUCT"	"8995449372869"	"meta_description"	"ka"	""	""	"თეთრი წინდა შავიზოლებით მასალა: Nylon/Cottonზომა: სტანდარტი (36-40)"	"White socks with black stripes
Material: Nylon/Cotton
Size: Standard (36-40)"
"PRODUCT"	"8995449438405"	"title"	"ka"	""	""	" Seamless Leggings Dark Green Flow"	"უწყვეტი ლეგინსები, მუქი მწვანე „ფლოუ“"
"PRODUCT"	"8995449438405"	"body_html"	"ka"	""	""	"უნაკერო ელასტიკი, იდეალურად კრავს ტანს და გამოკვეთს ფორმებს. მასალა: Nylon/Spandex"	"Seamless elastic, perfectly hugs the body and accentuates curves. Material: Nylon/Spandex"
"PRODUCT"	"8995449438405"	"meta_title"	"ka"	""	""	" Seamless Leggings Dark Green Flow"	"ნაკერების გარეშე გამაშები მუქი მწვანე „ფლოუ“"
"PRODUCT"	"8995449438405"	"meta_description"	"ka"	""	""	"სავარჯიშო მაღალწელიანი უნაკერო ელასტიკი, იდეალურად კრავს ტანს და გამოკვეთს ფორმებს. მასალა: Nylon"	"High-waisted seamless exercise leggings, perfectly compress and highlight your figure. Material: Nylon"
"PRODUCT"	"8995449503941"	"title"	"ka"	""	""	"Crop Long Sleeve Top Black Strike"	"შავი კროპ გრძელმკლავიანი ზედა Strike"
"PRODUCT"	"8995449503941"	"body_html"	"ka"	""	""	"სავარჯიშო შავი ზედა, იდეალურად კრავს ტანს და კვეთს ფორმებს, არ ტოვებს ოფლის ლაქებს.

*აქვს გუფკა

მასალა: Polyester/Spandex"	"Workout black top, perfectly tightens the body and outlines the shapes, leaves no sweat stains.

*Has sponges

Material: Polyester/Spandex"
"PRODUCT"	"8995449503941"	"meta_title"	"ka"	""	""	"Crop Long Sleeve Top Black Strike"	"შავი შეჭრილი გრძელმკლავიანი ზედა Strike"
"PRODUCT"	"8995449503941"	"meta_description"	"ka"	""	""	"შავი ზედა, იდეალურად კრავს ტანს და კვეთს ფორმებს, არ ტოვებს ოფლის ლაქებს, ზედას აქვს გუფკა.მასალა:  Polyester / Spandex"	"Black top, perfectly snugs the body and accentuates the forms, does not leave sweat stains, the top has padding. Material: Polyester / Spandex"
"PRODUCT"	"8995449536709"	"title"	"ka"	""	""	"Push-up Leggings Bomby Royal Blue"	"„ფუშ-აპ“ ლეგინსები „ბომბი“, სამეფო ლურჯი"
"PRODUCT"	"8995449536709"	"body_html"	"ka"	""	""	"სავარჯიშო მაღალწელიანი Push-up ელასტიკი, იდეალურად კრავს ტანს და გამოკვეთს უკანალს.

მასალა: Spandex / Polyester"	"High-waisted push-up exercise elastic, perfectly shapes the body and enhances the buttocks.

Material: Spandex / Polyester"
"PRODUCT"	"8995449536709"	"meta_title"	"ka"	""	""	"Push-up Leggings Bomby Royal Blue"	"ბომბის სამეფო ლურჯი ლეგინსები (Push-up)"
"PRODUCT"	"8995449536709"	"meta_description"	"ka"	""	""	"სავარჯიშო მაღალწელიანი Push-up ელასტიკი, იდეალურად კრავს ტანს და გამოკვეთს უკანალს.მასალა: Spandex / Polyester"	"High-waist Push-up elastic leggings, ideal for a tight fit and buttock-lifting effect. Material: Spandex / Polyester"
"PRODUCT"	"8995449569477"	"title"	"ka"	""	""	"Crop Top Black Pulse"	"კროპ ტოპი შავი პულსი"
"PRODUCT"	"8995449569477"	"body_html"	"ka"	""	""	"სავარჯიშო ტოპი. ქვედა ნაწილი არ არის წელვადი

ვიწრო მოდელია

მასალა: Spandex / Polyester"	"Exercise top. The bottom is not stretchy.
Slim fit.
Material: Spandex/Polyester"
"PRODUCT"	"8995449569477"	"meta_title"	"ka"	""	""	"Crop Top Black Pulse"	"შავი მოკლე ტოპი Pulse"
"PRODUCT"	"8995449569477"	"meta_description"	"ka"	""	""	"სავარჯიშო მოკლე ტოპი , აქვს გუფკა.მასალა: Spandex / Polyester"	"Sports bra with sponge. Material: Spandex / Polyester"
"PRODUCT"	"8995449667781"	"title"	"ka"	""	""	"Push-up Jumpsuit Black Fuel"	"აჭიმვადი კომბინეზონი, შავი ფერის Fuel"
"PRODUCT"	"8995449667781"	"body_html"	"ka"	""	""	"Flared Push-Up Jumpsuit designed to enhance your curves and provide maximum support, offering a chic, sophisticated look.
• Built-in shelf bra with two layers and removable cups provides extra support
•Invisible scrunch bum

<strong>Material and Care:</strong>
• 90% Nylon, 10% Spandex
• For optimal care of this sportswear, follow the care label instructions and use the delicate cycle.

*Without chest pads"	"Flared Push-Up Jumpsuit შექმნილია თქვენი სხეულის ფორმების გამოსაკვეთად და მაქსიმალური მხარდაჭერის უზრუნველსაყოფად, რაც ქმნის ელეგანტურ, დახვეწილ იერს.
• ჩაშენებული ორფენიანი ბიუსტჰალტერი მოსახსნელი ჭიქებით უზრუნველყოფს დამატებით მხარდაჭერას
• უხილავი ნაკერები უკანალის ფორმების გამოსაკვეთად

<strong>მასალა და მოვლა:</strong>
• 90% ნეილონი, 10% სპანდექსი
• ამ სპორტული ტანსაცმლის ოპტიმალური მოვლისთვის, მიჰყევით მოვლის ეტიკეტზე მითითებებს და გამოიყენეთ დელიკატური რეცხვის რეჟიმი.

* მკერდის ბალიშების გარეშე"
"PRODUCT"	"8995449667781"	"meta_title"	"ka"	""	""	"Push-up Jumpsuit Black Fuel"	"აჭიმვადი კომბინეზონი, შავი ფერი, Fuel"
"PRODUCT"	"8995449667781"	"meta_description"	"ka"	""	""	"სავარჯიშო კომბინიზონი, აქვს გუფკა. იდეალურად კრავს ტანს და ვიზუალურად ახდუნებს. მასალა: Polyester"	"Exercise jumpsuit with sponge pads. Perfectly tightens the body and makes it visually slimmer. Material: Polyester"
"PRODUCT"	"8995449700549"	"title"	"ka"	""	""	"Push-up Jumpsuit Grey Fuel"	"Push-up Jumpsuit Grey Fuel"
"PRODUCT"	"8995449700549"	"body_html"	"ka"	""	""	"Flared Push-Up Jumpsuit designed to enhance your curves and provide maximum support, offering a chic, sophisticated look.
• Built-in shelf bra with two layers and removable cups provides extra support
•Invisible scrunch bum

<strong>Material and Care:</strong>
• 90% Nylon, 10% Spandex
• For optimal care of this sportswear, follow the care label instructions and use the delicate cycle.

*Without chest pads"	"გაშლილი ქვედაბოლოიანი კომბინეზონი, რომელიც შექმნილია თქვენი სხეულის ხაზების უკეთ გამოსაკვეთად და მაქსიმალური მხარდაჭერის უზრუნველსაყოფად, გთავაზობთ ელეგანტურ, დახვეწილ იერს.
• ორფენიანი, ჩაშენებული ლიფი მოხსნადი ბალიშებით დამატებით საყრდენს უზრუნველყოფს
• უხილავი, დანაოჭებული უკანა მხარე

<strong>მასალა და მოვლა:</strong>
• 90% ნეილონი, 10% სპანდექსი
• ამ სპორტული ტანსაცმლის ოპტიმალური მოვლისთვის მიჰყევით მოვლის ეტიკეტზე მითითებებს და გამოიყენეთ დელიკატური რეჟიმი.

*გულმკერდის ბალიშების გარეშე"
"PRODUCT"	"8995449700549"	"meta_title"	"ka"	""	""	"Push-up Jumpsuit Grey Fuel"	"პუშ-აპი კომბინეზონი ნაცრისფერი Fuel"
"PRODUCT"	"8995449700549"	"meta_description"	"ka"	""	""	"სავარჯიშო კომბინიზონი, აქვს გუფკა. იდეალურად კრავს ტანს და ვიზუალურად ახდუნებს. მასალა: Polyester"	"Exercise jumpsuit with sponge pads. Perfectly tightens the body and makes it visually slimmer. Material: Polyester"
"PRODUCT"	"8995449733317"	"title"	"ka"	""	""	"Crop Top White Drive"	"კროპ ტოპი, თეთრი, სამგზავრო"
"PRODUCT"	"8995449733317"	"body_html"	"ka"	""	""	"თეთრი სავარჯიშო მოკლე ტოპი, აქვს გუფკა.
მასალა: Spandex / Polyester"	"White workout short top with sponges.
Material: Spandex / Polyester"
"PRODUCT"	"8995449733317"	"meta_title"	"ka"	""	""	"Crop Top White Drive"	"მოკლე თეთრი დრაივი"
"PRODUCT"	"8995449733317"	"meta_description"	"ka"	""	""	"შავი ელასტიური სავარჯიშო ტოპი, აქვს გუფკა.მასალა: Spandex / Polyester"	"Black elastic workout top, has sponge. Material: Spandex / Polyester"
"PRODUCT"	"8995449766085"	"title"	"ka"	""	""	"Long Sleeve Top Light Grey Effect"	"გრძელმკლავიანი ზედა ღია ნაცრისფერი ეფექტით"
"PRODUCT"	"8995449766085"	"body_html"	"ka"	""	""	"გრძელმკლავიანი უნაკერო ზედა, იდეალურად კრავს ტანს და კვეთს ფორმებს,

არ ტოვებს ოფლის ლაქებს

მასალა: Nylon / Spandex"	"Long sleeve seamless top, perfectly hugs the body and sculpts forms,

Does not leave sweat stains

Material: Nylon / Spandex"
"PRODUCT"	"8995449766085"	"meta_title"	"ka"	""	""	"Long Sleeve Top Light Grey Effect"	"გრძელმკლავიანი ზედა ღია ნაცრისფერი ეფექტით"
"PRODUCT"	"8995449766085"	"meta_description"	"ka"	""	""	"გრძელმკლავიანი უნაკერო ზედა, იდეალურად კრავს ტანს და კვეთს ფორმებს,არ ტოვებს ოფლის ლაქებსმასალა: Nylon / Spandex"	"Long sleeve seamless top, perfectly hugs the body and sculpts the forms, leaves no sweat stains.
Material: Nylon / Spandex"
"PRODUCT"	"8995449831621"	"title"	"ka"	""	""	"Leggings Navy Power"	"ელასტიკი მუქი ლურჯი Power"
"PRODUCT"	"8995449831621"	"body_html"	"ka"	""	""	"სავარჯიშო ელასტიკი, იდეალურად კრავს ტანს და გამოკვეთს უკანალს.

მასალა: Spandex / Polyester"	"Exercise elastic, ideally binds the body and highlights the butt.

Material: Spandex / Polyester"
"PRODUCT"	"8995449831621"	"meta_title"	"ka"	""	""	"Leggings Navy Power"	"ელასტიკი მუქი ლურჯი Power"
"PRODUCT"	"8995449831621"	"meta_description"	"ka"	""	""	"შავი სავარჯიშო მაღალწელიანი ელასტიკი, იდეალურად კრავს ტანს და გამოკვეთს უკანალს.მასალა: Spandex / Polyester"	"High-waisted black workout leggings, perfectly flatters the figure and accentuates the glutes.
Material: Spandex / Polyester"
"PRODUCT"	"8995449864389"	"title"	"ka"	""	""	"Push-up Jumpsuit Navy Jump"	"აჭიმვადი კომბინეზონი, მუქი ლურჯი"
"PRODUCT"	"8995449864389"	"body_html"	"ka"	""	""	"Push-Up Jumpsuit designed to enhance your curves and provide maximum support, offering a chic, sophisticated look.
• Built-in shelf bra with two layers and removable cups provides extra support
•Invisible scrunch bum

<strong>Material and Care:</strong>
• 90% Nylon, 10% Spandex
• For optimal care of this sportswear, follow the care label instructions and use the delicate cycle."	"პუშ-აპ კომბინიზონი, რომელიც შექმნილია თქვენი სხეულის ხაზების ხაზგასასმელად და მაქსიმალური მხარდაჭერის უზრუნველსაყოფად, ელეგანტური და დახვეწილი იერისთვის.
• ჩაშენებული ორფენიანი ბიუსტჰალტერი ამოსაღები ჩანართებით უზრუნველყოფს დამატებით მხარდაჭერას
• უხილავი რბილი ეფექტი

<strong>მასალა და მოვლა:</strong>
• 90% ნეილონი, 10% სპანდექსი
• ამ სპორტული ტანსაცმლის ოპტიმალური მოვლისთვის, მიჰყევით მოვლის ინსტრუქციებს და გამოიყენეთ დელიკატური რეცხვის რეჟიმი."
"PRODUCT"	"8995449864389"	"meta_title"	"ka"	""	""	"Push-up Jumpsuit Navy Jump"	"ბიუსჰალტერიანი კომბინეზონი, მუქი ლურჯი, ჯამპი"
"PRODUCT"	"8995449864389"	"meta_description"	"ka"	""	""	"სავარჯიშო კომბინიზონი, აქვს გუფკა. იდეალურად კრავს ტანს და ვიზუალურად ახდუნებს. მასალა: Polyester"	"Exercise jumpsuit with sponge pads. Perfectly tightens the body and makes it visually slimmer. Material: Polyester"
"PRODUCT"	"8995449929925"	"title"	"ka"	""	""	"Push-up Jumpsuit Grey Jump"	"აიკეცით, რუხი კომბინეზონი, ხტომა"
"PRODUCT"	"8995449929925"	"body_html"	"ka"	""	""	"Push-Up Jumpsuit designed to enhance your curves and provide maximum support, offering a chic, sophisticated look.
• Built-in shelf bra with two layers and removable cups provides extra support
•Invisible scrunch bum

<strong>Material and Care:</strong>
• 90% Nylon, 10% Spandex
• For optimal care of this sportswear, follow the care label instructions and use the delicate cycle."	"პუშ-აპ კომბინიზონი, რომელიც შექმნილია თქვენი სხეულის ხაზების ხაზგასასმელად და მაქსიმალური მხარდაჭერის უზრუნველსაყოფად, ელეგანტური და დახვეწილი იერისთვის.
• ჩაშენებული ორფენიანი ბიუსტჰალტერი ამოსაღები ჩანართებით უზრუნველყოფს დამატებით მხარდაჭერას
• უხილავი რბილი ეფექტი

<strong>მასალა და მოვლა:</strong>
• 90% ნეილონი, 10% სპანდექსი
• ამ სპორტული ტანსაცმლის ოპტიმალური მოვლისთვის, მიჰყევით მოვლის ინსტრუქციებს და გამოიყენეთ დელიკატური რეცხვის რეჟიმი."
"PRODUCT"	"8995449929925"	"meta_title"	"ka"	""	""	"Push-up Jumpsuit Grey Jump"	"ააწიეთ ნაცრისფერი კომბინიზონის ჯამფი"
"PRODUCT"	"8995449929925"	"meta_description"	"ka"	""	""	"სავარჯიშო კომბინიზონი, აქვს გუფკა. იდეალურად კრავს ტანს და ვიზუალურად ახდუნებს. მასალა: Polyester"	"Exercise jumpsuit with sponge pads. Perfectly tightens the body and makes it visually slimmer. Material: Polyester"
"PRODUCT"	"8995449962693"	"title"	"ka"	""	""	"Push-up Leggings Grey Leopard V"	"აჭიმვადი ლეგინსები, ნაცრისფერი, ლეოპარდის პრინტი, V-ფორმა"
"PRODUCT"	"8995449962693"	"body_html"	"ka"	""	""	"სავარჯიშო Push-up  ელასტიკი ლეოპარდის პრინტით, იდეალურად კრავს ტანს და კვეთს ფორმებს.

მასალა:  Polyester / Spandex"	"Push-up სავარჯიშო ელასტიკი ლეოპარდის პრინტით, იდეალურად კრავს ტანს და აყალიბებს ფორმებს.

მასალა: პოლიესტერი / სპანდექსი"
"PRODUCT"	"8995449962693"	"meta_title"	"ka"	""	""	"Push-up Leggings Grey Leopard V"	"ააწიეთ გამაშები, ნაცრისფერი ლეოპარდის V"
"PRODUCT"	"8995449962693"	"meta_description"	"ka"	""	""	"სავარჯიშო Push-up  ელასტიკი ლეოპარდის პრინტით, იდეალურად კრავს ტანს და კვეთს ფორმებს.მასალა:  Polyester / Spandex"	"Push-up სავარჯიშო ელასტიკი ლეოპარდის პრინტით, იდეალურად კრავს ტანს და აყალიბებს ფორმებს.მასალა: პოლიესტერი / სპანდექსი"
"PRODUCT"	"8995449995461"	"title"	"ka"	""	""	"Push-up Set Black Effect"	"აირბაგიანი ბიუსტჰალტერი შავი ეფექტით"
"PRODUCT"	"8995449995461"	"body_html"	"ka"	""	""	"გრძელმკლავიანი Push-up კომპლექტი ელვა შესაკრავით, იდეალურად კრავს ტანს და ვიზუალურად ახდუნებს.

მატერია: Spandex / Polyester"	"გრძელმკლავიანი Push-up კომპლექტი ელვა შესაკრავით, იდეალურად კრავს ტანს და ვიზუალურად ახდუნებს.

მასალა: სპანდექსი / პოლიესტერი"
"PRODUCT"	"8995449995461"	"meta_title"	"ka"	""	""	"Push-up Set Black Effect"	"აიწია კომპლექტი შავი ეფექტით"
"PRODUCT"	"8995449995461"	"meta_description"	"ka"	""	""	"გრძელმკლავიანი, ელასტიური კომპლექტი, იდეალურად კრავს ტანს და კვეთს ფორმებს,არ ტოვებს ოფლის ლაქებს და ვიზუალურად ახდუნებს.მასალა: Nylon / Spandex"	"Long-sleeved, elastic set that perfectly hugs the body and accentuates curves, leaving no sweat marks and visually slimming. Material: Nylon / Spandex"
"PRODUCT"	"8995450159301"	"title"	"ka"	""	""	"Push-up Leggings Booty Lemon Galaxy"	"ფუშ-აპ ლეგინსი Booty Lemon Galaxy"
"PRODUCT"	"8995450159301"	"body_html"	"ka"	""	""	"სავარჯიშო მაღალწელიანი Push-up ელასტიკი, იდეალურად კრავს ტანს და გამოკვეთს უკანალს.

მასალა: Spandex / Polyester"	"High-waisted push-up exercise elastic, perfectly shapes the body and enhances the buttocks.

Material: Spandex / Polyester"
"PRODUCT"	"8995450159301"	"meta_title"	"ka"	""	""	"Push-up Leggings Booty Lemon Galaxy"	"Push-up გამაშები Booty Lemon Galaxy"
"PRODUCT"	"8995450159301"	"meta_description"	"ka"	""	""	"სავარჯიშო მაღალწელიანი Push-up ელასტიკი, იდეალურად კრავს ტანს და გამოკვეთს უკანალს.მასალა:: Spandex / Polyester"	"High-waisted push-up elastic exercise leggings, perfectly define the body and highlight the glutes. Material: Spandex / Polyester"
"PRODUCT"	"8995450192069"	"title"	"ka"	""	""	"Push-up Jumpsuit Grey Rush"	"Push-up კომბინეზონი, ნაცრისფერი რაში"
"PRODUCT"	"8995450192069"	"body_html"	"ka"	""	""	"სავარჯიშო კომბინიზონი, აქვს გუფკა.
იდეალურად კრავს ტანს და ვიზუალურად ახდუნებს.
მასალა: Polyester"	"Workout jumpsuit with sponge padding.
It perfectly hugs the body and makes you look slimmer.
Material: Polyester"
"PRODUCT"	"8995450192069"	"meta_title"	"ka"	""	""	"Push-up Jumpsuit Grey Rush"	"აჟღენთილი კომბინიზონი, ნაცრისფერი, Rush"
"PRODUCT"	"8995450192069"	"meta_description"	"ka"	""	""	"შავი სავარჯიშო კომბინიზონი, აქვს გუფკა. იდეალურად კრავს ტანს და ვიზუალურად ახდუნებს. მასალა: Polyester"	"Black exercise jumpsuit, has sponge. Perfectly wraps the body and visually slims. Material: Polyester"
"PRODUCT"	"8995450290373"	"title"	"ka"	""	""	"Long Sleeve Booty Light Grey"	"გრძელმკლავიანი ბოდი ღია რუხი"
"PRODUCT"	"8995450290373"	"body_html"	"ka"	""	""	"<p style=""padding-left: 40px;"">გრძელმკლავიანი ზედა, იდეალურად კრავს ტანს და გამოკვეთს უკანალს.</p>
 

მასალა: Spandex / Polyester"	"<p style=""padding-left: 40px;"">Long-sleeved top, perfectly hugs the body and highlights the butt.</p>
 

Material: Spandex / Polyester"
"PRODUCT"	"8995450290373"	"meta_title"	"ka"	""	""	"Long Sleeve Booty Light Grey"	"გრძელმკლავიანი ბოდი ღია ნაცრისფერი"
"PRODUCT"	"8995450290373"	"meta_description"	"ka"	""	""	"სავარჯიშო გრძელმკლავიანი ზედა, იდეალურად კრავს ტანს .მასალა:: Spandex / Polyester"	"Workout long-sleeve top, ideally fitted. Material: Spandex / Polyester"
"PRODUCT"	"8995450421445"	"title"	"ka"	""	""	"Crop Top Light Blue Peak"	"კროპ ტოპი, ღია ლურჯი, V-ყელით"
"PRODUCT"	"8995450421445"	"body_html"	"ka"	""	""	"ელასტიური სავარჯიშო ტოპი, აქვს გუფკა.
მასალა: Spandex / Polyester"	"Elastic workout top with sponge.
Material: Spandex / Polyester"
"PRODUCT"	"8995450421445"	"meta_title"	"ka"	""	""	"Crop Top Light Blue Peak"	"კროპ ტოპი, ღია ცისფერი, პიკი"
"PRODUCT"	"8995450421445"	"meta_description"	"ka"	""	""	"იასამნისფერი სავარჯიშო მოკლე ტოპი , აქვს გუფკა.მასალა: Spandex / Polyester"	"Purple Workout Crop Top with Sponge. Material: Spandex / Polyester"
"PRODUCT"	"8995450519749"	"title"	"ka"	""	""	"Push-up Leggings Booty Navy"	"აჭიმვადი ლეგინსები, უკანალის ეფექტით, მუქი ლურჯი"
"PRODUCT"	"8995450519749"	"body_html"	"ka"	""	""	"Seamless Push-up leggings
• Full-length leggings
• Invisible scrunch bum
•Booty contouring and enhancing
•High waist
•Mesh cutouts at bottom

Material and Care:
• 90% Nylon, 10% Spandex
• Incredibly soft and seamless, you’ll never want to take it off
• Handle with care when wearing and washing this delicate style"	"შეუერთებელი პუშ-აპი ლეგინსები
• სრული სიგრძის ლეგინსები
• უხილავი ნაოჭები
• თეძოს კონტურირება და გაუმჯობესება
• მაღალწელიანი
• ბადისებრი ჩანართები ქვედა ნაწილში

მასალა და მოვლა:
• 90% ნეილონი, 10% სპანდექსი
• წარმოუდგენლად რბილი და უნაკერო, არასოდეს მოგინდებათ მისი გახდა
• გამოიყენეთ სიფრთხილით ამ დელიკატური სტილის ტარებისას და რეცხვისას"
"PRODUCT"	"8995450519749"	"meta_title"	"ka"	""	""	"Push-up Leggings Booty Navy"	"ქალის ლეგინსები აზიდვის ეფექტით (ლურჯი)"
"PRODUCT"	"8995450519749"	"meta_description"	"ka"	""	""	"სავარჯიშო მაღალწელიანი Push-up ელასტიკი, იდეალურად კრავს ტანს და გამოკვეთს უკანალს.მასალა:: Spandex / Polyester"	"High-waisted push-up elastic exercise leggings, perfectly define the body and highlight the glutes. Material: Spandex / Polyester"
"PRODUCT"	"8995450585285"	"title"	"ka"	""	""	"Crop Long Sleeve Top Blue Aura"	"მოკლე გრძელმკლავიანი ზედა ლურჯი აურა"
"PRODUCT"	"8995450585285"	"body_html"	"ka"	""	""	"სავარჯიშო ზედა, იდეალურად კრავს ტანს და კვეთს ფორმებს, არ ტოვებს ოფლის ლაქებს.

*აქვს გუფკა

მასალა: Polyester/Spandex"	"Sports top, ideally hugs the body and accentuates the figure, leaves no sweat marks.

*Has sponge

Material: Polyester/Spandex"
"PRODUCT"	"8995450585285"	"meta_title"	"ka"	""	""	"Crop Long Sleeve Top Blue Aura"	"მოკლე გრძელმკლავიანი ზედა ლურჯი აურა"
"PRODUCT"	"8995450585285"	"meta_description"	"ka"	""	""	"ზედა, იდეალურად კრავს ტანს და კვეთს ფორმებს, არ ტოვებს ოფლის ლაქებს, ზედას აქვს გუფკა.მასალა:  Polyester / Spandex"	"The top ideally flatters the figure and accentuates curves, without leaving sweat stains. It features padded cups.Material: Polyester / Spandex"
"PRODUCT"	"8995450650821"	"title"	"ka"	""	""	"Zip Jacket Baby Beige Ziper V1"	"ელვაშეკრული ქურთუკი ბავშვისთვის, კრემისფერი, ელვა V1"
"PRODUCT"	"8995450650821"	"body_html"	"ka"	""	""	"გრძელმკლავიანი ზედა ელვა შესაკრავით, იდეალურად კრავს ტანს და კვეთს ფორმებს.

არ ტოვებს ოფლის ლაქებს

მასალა: Nylon / Spandex"	"Long-sleeve top with a zipper, perfectly wraps the body and highlights its forms.

Does not leave sweat stains.

Material: Nylon / Spandex"
"PRODUCT"	"8995450650821"	"meta_title"	"ka"	""	""	"Zip Jacket Baby Beige Ziper V1"	"ელვა შესაკრავი ქურთუკი ბეიბი კრემისფერი ელვა V1"
"PRODUCT"	"8995450650821"	"meta_description"	"ka"	""	""	"გრძელმკლავიანი უნაკერო ზედა ელვა შესაკრავით, იდეალურად კრავს ტანს და კვეთს ფორმებს,არ ტოვებს ოფლის ლაქებსმასალა: Nylon / Spandex"	"Seamless long-sleeved top with zipper, ideally hugs the body and accentuates shapes, leaves no sweat stainsMaterial: Nylon / Spandex"
"PRODUCT"	"8995450683589"	"title"	"ka"	""	""	"Push-up Jumpsuit Black Fuel (Copy)"	"ბიუსჰალტერიანი კომბინეზონი, შავი, Fuel"
"PRODUCT"	"8995450683589"	"body_html"	"ka"	""	""	"Flared Push-Up Jumpsuit designed to enhance your curves and provide maximum support, offering a chic, sophisticated look.
• Built-in shelf bra with two layers and removable cups provides extra support
•Invisible scrunch bum

<strong>Material and Care:</strong>
• 90% Nylon, 10% Spandex
• For optimal care of this sportswear, follow the care label instructions and use the delicate cycle.

*Without chest pads"	"გაშლილი Push-Up კომბინეზონი შექმნილია თქვენი სხეულის ხაზების ხაზგასასმელად და მაქსიმალური მხარდაჭერის უზრუნველსაყოფად, გთავაზობთ ელეგანტურ, დახვეწილ იერს.
• ჩაშენებული ორფენიანი ბრალეტი მოსახსნელი ჭიქებით უზრუნველყოფს დამატებით მხარდაჭერას
• უხილავი scrunch უკანალი

<strong>მასალა და მოვლა:</strong>
• 90% ნეილონი, 10% სპანდექსი
• სპორტული ტანსაცმლის ოპტიმალური მოვლისთვის, მიჰყევით მოვლის ეტიკეტის ინსტრუქციებს და გამოიყენეთ დელიკატური რეჟიმი.

* მკერდის ბალიშების გარეშე"
"PRODUCT"	"8995450683589"	"meta_title"	"ka"	""	""	"Push-up Jumpsuit Black Fuel (Copy)"	"ბიუსჰალტერიანი კომბინეზონი, შავი, Fuel (ასლი)"
"PRODUCT"	"8995450683589"	"meta_description"	"ka"	""	""	"სავარჯიშო კომბინიზონი, აქვს გუფკა. იდეალურად კრავს ტანს და ვიზუალურად ახდუნებს. მასალა: Polyester"	"Exercise jumpsuit with sponge pads. Perfectly tightens the body and makes it visually slimmer. Material: Polyester"
"PRODUCT"	"8995450716357"	"title"	"ka"	""	""	"Push-up Jumpsuit  Black Sprint"	"ბიუსტჰალტერიანი კომბინეზონი, შავი სპრინტი"
"PRODUCT"	"8995450716357"	"body_html"	"ka"	""	""	"Flared Push-Up Jumpsuit designed to enhance your curves and provide maximum support, offering a chic, sophisticated look.
• Built-in shelf bra with two layers and removable cups provides extra support
•Invisible scrunch bum

<strong>Material and Care:</strong>
• 90% Nylon, 10% Spandex
• For optimal care of this sportswear, follow the care label instructions and use the delicate cycle.

*Without chest pads"	"გაშლილი ქვედაბოლოიანი კომბინეზონი ბიუსტჰალტერის ეფექტით, შექმნილია თქვენი სხეულის მოსახვევების გასაუმჯობესებლად და მაქსიმალური მხარდაჭერისთვის, რაც უზრუნველყოფს ელეგანტურ, დახვეწილ იერს.
• ჩაშენებული ორფენიანი თაროიანი ბიუსტჰალტერი მოსახსნელი ბალიშებით უზრუნველყოფს დამატებით მხარდაჭერას
• უხილავი ნაოჭები უკანალზე

<strong>მასალა და მოვლა:</strong>
• 90% ნეილონი, 10% სპანდექსი
• ამ სპორტული ტანსაცმლის ოპტიმალური მოვლისთვის, მიჰყევით მოვლის ეტიკეტის მითითებებს და გამოიყენეთ დელიკატური რეჟიმი.

* მკერდის ბალიშების გარეშე"
"PRODUCT"	"8995450716357"	"meta_title"	"ka"	""	""	"Push-up Jumpsuit  Black Sprint"	"ბიუსჰალტერიანი კომბინეზონი, შავი სპრინტი"
"PRODUCT"	"8995450716357"	"meta_description"	"ka"	""	""	"სავარჯიშო კომბინიზონი, გუფკის გარეშე. იდეალურად კრავს ტანს და ვიზუალურად ახდუნებს. მასალა: Polyester"	"Workout jumpsuit, without sponge. Perfectly hugs the body and visually slims. Material: Polyester"
"PRODUCT"	"8995450814661"	"title"	"ka"	""	""	"Flared Leggings Navy Podium"	"გაშლილი ლეგინსები, მუქი ლურჯი, Podium"
"PRODUCT"	"8995450814661"	"body_html"	"ka"	""	""	"Flared Push-up Leggings for a chic and stylish fit
•High-waisted
<strong>Material and care:</strong>
•78% Nylon, 22% Spandex
• For optimal care of this sportswear, follow the care label instructions and use the delicate cycle"	"გაშლილი პუშ-აპი ლეგინსები დახვეწილი და ელეგანტური სტილისთვის
•მაღალწელიანი
<strong>მასალა და მოვლა:</strong>
•78% ნეილონი, 22% სპანდექსი
•ამ სპორტული ტანსაცმლის ოპტიმალური მოვლისთვის მიჰყევით ეტიკეტზე მითითებულ ინსტრუქციებს და გამოიყენეთ დელიკატური რეცხვის რეჟიმი"
"PRODUCT"	"8995450814661"	"meta_title"	"ka"	""	""	"Flared Leggings Navy Podium"	"გაშლილი ლეგინსები, მუქი ლურჯი, Podium"
"PRODUCT"	"8995450814661"	"meta_description"	"ka"	""	""	"ვარდისფერი შლაქსის Push-up შარვალი , იდეალურად კრავს ტანს და გამოკვეთს უკანალს.წელვადი, არ ლანდავს.მასალა:: Spandex / Polyester"	"Pink push-up leggings, perfectly sculpt the body and accentuate the buttocks. Stretchy, not see-through. Material: Spandex / Polyester"
"PRODUCT"	"8995450847429"	"title"	"ka"	""	""	"Crop Top Yellow Shadow"	"მოკლე ზედატანი (კროპ ტოპი) ყვითელი ჩრდილი"
"PRODUCT"	"8995450847429"	"body_html"	"ka"	""	""	"მოკლემკლავიანი ტოპი, იდეალურად კრავს ტანს და კვეთს ფორმებს, არ ტოვებს ოფლის ლაქებს
*ტოპი არის გუფკით  მასალა: Nylon / Spandex"	"Short-sleeved top, perfectly hugs the body and accentuates forms, leaves no sweat stains
*Top has pads Material: Nylon / Spandex"
"PRODUCT"	"8995450847429"	"meta_title"	"ka"	""	""	"Crop Top Yellow Shadow"	"კროპ ტოპი ყვითელი ჩრდილი"
"PRODUCT"	"8995450847429"	"meta_description"	"ka"	""	""	"ყვითელი მოკლემკლავიანი ტოპი, იდეალურად კრავს ტანს და კვეთს ფორმებს,არ ტოვებს ოფლის ლაქებს *ტოპი არის გუფკით მასალა: Nylon / Spandex"	"Yellow short-sleeved top, perfectly hugging the body and highlighting its forms, leaves no sweat stains. *The top has sponges Material: Nylon / Spandex"
"PRODUCT"	"8995450880197"	"title"	"ka"	""	""	"Seamless Leggings Light Grey Flow"	"უკერო გამაშები ღია ნაცრისფერი Flow"
"PRODUCT"	"8995450880197"	"body_html"	"ka"	""	""	"უნაკერო ლეგინსი, იდეალურად კრავს ტანს და კვეთს ფორმებს, არ ტოვებს ოფლის ლაქებს

მასალა:  Polyester / Spandex

 "	"Seamless leggings, ideal for sculpting the body and defining curves, with no sweat stains.

Material: Polyester / Spandex

"
"PRODUCT"	"8995450880197"	"meta_title"	"ka"	""	""	"Seamless Leggings Light Grey Flow"	"უკერო ლეგინსები, ღია ნაცრისფერი, Flow"
"PRODUCT"	"8995450880197"	"meta_description"	"ka"	""	""	"უნაკერო ლეგინსი, იდეალურად კრავს ტანს და კვეთს ფორმებს, არ ტოვებს ოფლის ლაქებსმასალა:  Polyester / Spandex"	"Seamless leggings, perfectly hugging the body and shaping curves, leaving no sweat marks
Material: Polyester / Spandex"
"PRODUCT"	"8995450945733"	"title"	"ka"	""	""	"Sports Bra Khaki Green Podium"	"სპორტული ბიუსტჰალტერი ხაკისფერი მწვანე Podium"
"PRODUCT"	"8995450945733"	"body_html"	"ka"	""	""	"ელასტიური ტოპი, იდეალურად კრავს ტანს და კვეთს ფორმებს, არ ტოვებს ოფლის ლაქებს
*ტოპი არის გუფკით მასალა: Nylon / Spandex"	"Stretch top, perfectly hugs the body and highlights forms, leaves no sweat stains
*Top has sponge Material: Nylon / Spandex"
"PRODUCT"	"8995450945733"	"meta_title"	"ka"	""	""	"Sports Bra Khaki Green Podium"	"სპორტული ბიუსტჰალტერი ხაკისფერი Podium"
"PRODUCT"	"8995450945733"	"meta_description"	"ka"	""	""	"მუქი ნაცრისფერი უნაკერო ტოპი, იდეალურად კრავს ტანს და კვეთს ფორმებს,არ ტოვებს ოფლის ლაქებს *ტოპი არის გუფკით მასალა: Nylon / Spandex"	"Dark grey seamless top, perfectly hugging the body and highlighting the forms, does not leave sweat stains *The top has sponges Material: Nylon / Spandex"
"PRODUCT"	"8995450978501"	"title"	"ka"	""	""	" Seamless Leggings Dark Khaki Flow"	"უკერო ლეგინსი მუქი ხაკისფერი Flow"
"PRODUCT"	"8995450978501"	"body_html"	"ka"	""	""	"უნაკერო ელასტიკი, იდეალურად კრავს ტანს და გამოკვეთს ფორმებს. მასალა: Nylon/Spandex"	"Seamless elastic, perfectly hugs the body and accentuates curves. Material: Nylon/Spandex"
"PRODUCT"	"8995450978501"	"meta_title"	"ka"	""	""	" Seamless Leggings Dark Khaki Flow"	"უკერო ლეგინსი მუქი ხაკისფერი Flow"
"PRODUCT"	"8995450978501"	"meta_description"	"ka"	""	""	"სავარჯიშო მაღალწელიანი უნაკერო ელასტიკი, იდეალურად კრავს ტანს და გამოკვეთს ფორმებს. მასალა: Nylon"	"High-waisted seamless exercise leggings, perfectly compress and highlight your figure. Material: Nylon"
"PRODUCT"	"8995451044037"	"title"	"ka"	""	""	"Long Sleeve Crop Top Booty Dark Grey"	"გრძელმკლავიანი მოკლე ზედა ნაწილი მუქი ნაცრისფერი"
"PRODUCT"	"8995451044037"	"body_html"	"ka"	""	""	"<p style=""padding-left: 40px; text-align: right;"">გრძელმკლავიანი ზედა, იდეალურად კრავს ტანს და გამოკვეთს უკანალს.</p>
 

მასალა: Spandex / Polyester"	"<p style=""padding-left: 40px; text-align: right;"">Long-sleeved top, perfectly hugs the body and accentuates the butt.</p>
 

Material: Spandex / Polyester"
"PRODUCT"	"8995451044037"	"meta_title"	"ka"	""	""	"Long Sleeve Crop Top Booty Dark Grey"	"გრძელმკლავიანი მოკლე ზედა ნაწილი მუქი ნაცრისფერი"
"PRODUCT"	"8995451044037"	"meta_description"	"ka"	""	""	"სავარჯიშო გრძელმკლავიანი ზედა, იდეალურად კრავს ტანს .მასალა:: Spandex / Polyester"	"Workout long-sleeve top, ideally fitted. Material: Spandex / Polyester"
"PRODUCT"	"8995451109573"	"title"	"ka"	""	""	"T-shirt Dark Navy Lift"	"მაისური მუქი ლურჯი Lift"
"PRODUCT"	"8995451109573"	"body_html"	"ka"	""	""	"მუქი ლურჯი გრძელი სავარჯიშო მაისური, მკერდზე არ აქვს ღრუბელი*
მასალა: Spandex / Polyester"	"Dark blue long workout t-shirt, no chest pad*
Material: Spandex / Polyester"
"PRODUCT"	"8995451109573"	"meta_title"	"ka"	""	""	"T-shirt Dark Navy Lift"	"მაისური - მუქი ლურჯი Lift"
"PRODUCT"	"8995451109573"	"meta_description"	"ka"	""	""	"შავი გრძელი სავარჯიშო მაისური, .მასალა: Spandex / Polyester"	"Black long training t-shirt, .Material: Spandex / Polyester"
"PRODUCT"	"8995451175109"	"title"	"ka"	""	""	" Seamless Leggings Dark Blue Flow"	"უწყვეტი ლეგინსები, მუქი ლურჯი ნაკადი"
"PRODUCT"	"8995451175109"	"body_html"	"ka"	""	""	"უნაკერო ელასტიკი, იდეალურად კრავს ტანს და გამოკვეთს ფორმებს. მასალა: Nylon/Spandex"	"Seamless elastic, perfectly hugs the body and accentuates curves. Material: Nylon/Spandex"
"PRODUCT"	"8995451175109"	"meta_title"	"ka"	""	""	" Seamless Leggings Dark Blue Flow"	"ნაკერების გარეშე ლეგინსები, მუქი ლურჯი, ნაკადი"
"PRODUCT"	"8995451175109"	"meta_description"	"ka"	""	""	"სავარჯიშო მაღალწელიანი უნაკერო ელასტიკი, იდეალურად კრავს ტანს და გამოკვეთს ფორმებს. მასალა: Nylon"	"High-waisted seamless exercise leggings, perfectly compress and highlight your figure. Material: Nylon"
"PRODUCT"	"8995451207877"	"title"	"ka"	""	""	"Push-up Leggings Light Grey Move"	"აჭიმვადი ლეგინსები, ღია ნაცრისფერი, Move სერია"
"PRODUCT"	"8995451207877"	"body_html"	"ka"	""	""	"Seamless Push-up leggings
• low V-shape at the back
• Contoured back waistband to enhance and flatter curves
• Scrunch detailing at the back for a sculpted look
• Seamless front for a smooth, clean appearance
• Full-length
Material and Care:
• 90% Nylon, 10% Spandex
• Incredibly soft and seamless, you’ll never want to take it off
• Handle with care when wearing and washing this delicate style"	"უკერო, პუშ-აპი ლეგინსები
• V-ს ფორმის დაბალი ჭრილი უკანა მხარეს
• კონტურული წელის ზოლი უკანა მხარეს, ფორმების გასაუმჯობესებლად და ხაზგასასმელად
• ნაკეცები უკანა მხარეს გამოძერწილი იერსახისთვის
• გლუვი, უკერო წინა მხარე სუფთა იერსახისთვის
• სრული სიგრძე
მასალა და მოვლა:
• 90% ნეილონი, 10% სპანდექსი
• წარმოუდგენლად რბილი და უკერო, არასდროს მოგინდებათ მისი გახდა
• ფრთხილად მოეპყარით ამ დელიკატურ სტილს ტარებისა და რეცხვის დროს"
"PRODUCT"	"8995451207877"	"meta_title"	"ka"	""	""	"Push-up Leggings Light Grey Move"	"აჭიმვადი, ღია ნაცრისფერი გამაშები Move"
"PRODUCT"	"8995451207877"	"meta_description"	"ka"	""	""	"Push-up ელასტიკი, იდეალურად კრავს ტანს და კვეთს ფორმებს.მასალა: Nylon/Polyester"	"Push-up ელასტიკი, იდეალურად კრავს ტანს და აყალიბებს ფორმებს.მასალა: ნეილონი/პოლიესტერი"
"PRODUCT"	"8995451240645"	"title"	"ka"	""	""	"T-shirt Pink Lift"	"მაისური ვარდისფერი აწევა"
"PRODUCT"	"8995451240645"	"body_html"	"ka"	""	""	"გრძელი სავარჯიშო მაისური, მკერდზე არ აქვს ღრუბელი*
მასალა: Spandex / Polyester"	"Longline workout top with no padding.

Material: Spandex / Polyester"
"PRODUCT"	"8995451240645"	"meta_title"	"ka"	""	""	"T-shirt Pink Lift"	"მაისური ვარდისფერი ლიფტი"
"PRODUCT"	"8995451240645"	"meta_description"	"ka"	""	""	"გრძელი სავარჯიშო მაისური, .მასალა: Spandex / Polyester"	"Long Workout T-Shirt, Material: Spandex / Polyester"
"PRODUCT"	"8995451306181"	"title"	"ka"	""	""	"Crop Top Black Shadow"	"მოკლე ტოპი შავი აჩრდილი"
"PRODUCT"	"8995451306181"	"body_html"	"ka"	""	""	"მოკლემკლავიანი ტოპი, იდეალურად კრავს ტანს და კვეთს ფორმებს, არ ტოვებს ოფლის ლაქებს
*ტოპი არის გუფკით  მასალა: Nylon / Spandex"	"Short-sleeved top, perfectly hugs the body and accentuates forms, leaves no sweat stains
*Top has pads Material: Nylon / Spandex"
"PRODUCT"	"8995451306181"	"meta_title"	"ka"	""	""	"Crop Top Black Shadow"	"კროპ ტოპი შავი აჩრდილი"
"PRODUCT"	"8995451306181"	"meta_description"	"ka"	""	""	"მოკლემკლავიანი ტოპი, იდეალურად კრავს ტანს და კვეთს ფორმებს,არ ტოვებს ოფლის ლაქებს *ტოპი არის გუფკით მასალა: Nylon / Spandex"	"Short-sleeved top, perfectly hugs the body and accentuates curves, leaves no sweat marks *The top has padding Material: Nylon / Spandex"
"PRODUCT"	"8995451371717"	"title"	"ka"	""	""	"Crop Top Black Classic"	"კროპ ტოპი შავი კლასიკური"
"PRODUCT"	"8995451371717"	"body_html"	"ka"	""	""	"სავაჯიშო მოკლე მაისური, არ აქვს გუფკა.
მასალა: Spandex / Polyester"	"Workout short top, without sponge.
Material: Spandex / Polyester"
"PRODUCT"	"8995451371717"	"meta_title"	"ka"	""	""	"Crop Top Black Classic"	"კროპ ტოპი, შავი, კლასიკური"
"PRODUCT"	"8995451371717"	"meta_description"	"ka"	""	""	"შავი ელასტიური სავარჯიშო ტოპი, აქვს გუფკა.მასალა: Spandex / Polyester"	"Black elastic workout top, has sponge. Material: Spandex / Polyester"
"PRODUCT"	"8995451437253"	"title"	"ka"	""	""	"Push-up Jumpsuit Royal Blue Victory"	"პუშ-აპი კომბინეზონი, სამეფო ლურჯი, Victory"
"PRODUCT"	"8995451437253"	"body_html"	"ka"	""	""	"Push-Up Jumpsuit designed to enhance your curves and provide maximum support, offering a chic, sophisticated look.
• Built-in shelf bra with two layers and removable cups provides extra support
•Invisible scrunch bum

<strong>Material and Care:</strong>
• 90% Nylon, 10% Spandex
• For optimal care of this sportswear, follow the care label instructions and use the delicate cycle."	"პუშ-აპ კომბინიზონი, რომელიც შექმნილია თქვენი სხეულის ხაზების ხაზგასასმელად და მაქსიმალური მხარდაჭერის უზრუნველსაყოფად, ელეგანტური და დახვეწილი იერისთვის.
• ჩაშენებული ორფენიანი ბიუსტჰალტერი ამოსაღები ჩანართებით უზრუნველყოფს დამატებით მხარდაჭერას
• უხილავი რბილი ეფექტი

<strong>მასალა და მოვლა:</strong>
• 90% ნეილონი, 10% სპანდექსი
• ამ სპორტული ტანსაცმლის ოპტიმალური მოვლისთვის, მიჰყევით მოვლის ინსტრუქციებს და გამოიყენეთ დელიკატური რეცხვის რეჟიმი."
"PRODUCT"	"8995451437253"	"meta_title"	"ka"	""	""	"Push-up Jumpsuit Royal Blue Victory"	"ბიუსტჰალტერიანი კომბინეზონი, სამეფო ლურჯი, Victory"
"PRODUCT"	"8995451437253"	"meta_description"	"ka"	""	""	"სავარჯიშო კომბინიზონი, აქვს გუფკა. იდეალურად კრავს ტანს და ვიზუალურად ახდუნებს. მასალა: Polyester"	"Exercise jumpsuit with sponge pads. Perfectly tightens the body and makes it visually slimmer. Material: Polyester"
"PRODUCT"	"8995451470021"	"title"	"ka"	""	""	"Push-up Set Purple Leopard"	"აჟიმანიების კომპლექტი, იასამნისფერი ლეოპარდი"
"PRODUCT"	"8995451470021"	"body_html"	"ka"	""	""	"სავარჯიშო Push-up კომპლექტი ლეოპარდის პრინტით, იდეალურად კრავს ტანს და კვეთს ფორმებს, არ ტოვებს ოფლის ლაქებს, ზედას აქვს გუფკა.

მასალა:  Polyester / Spandex"	"Push-up სავარჯიშო კომპლექტი ლეოპარდის პრინტით, იდეალურად ერგება სხეულს და გამოკვეთს ფორმებს. არ ტოვებს ოფლის ლაქებს. ზედას აქვს გუფკა.

მასალა: პოლიესტერი / სპანდექსი"
"PRODUCT"	"8995451470021"	"meta_title"	"ka"	""	""	"Push-up Set Purple Leopard"	"ბიუსჰალტერი და ტრუსი „იისფერი ლეოპარდი“"
"PRODUCT"	"8995451470021"	"meta_description"	"ka"	""	""	"თეთრი სავარჯიშო Push-up კომპლექტი ლეოპარდის პრინტით, იდეალურად კრავს ტანს და კვეთს ფორმებს, არ ტოვებს ოფლის ლაქებს, ზედას აქვს გუფკა."	"White workout push-up set with leopard print, perfectly hugs the body and sculpts the figure, leaves no sweat stains, top has padding."
"PRODUCT"	"8995451502789"	"title"	"ka"	""	""	"Push-up Leggings White Butterfly"	"აჭიმვადი ლეგინსები თეთრი პეპელა"
"PRODUCT"	"8995451502789"	"body_html"	"ka"	""	""	"სავარჯიშო ელასტიკი , იდეალურად კრავს ტანს და კვეთს ფორმებს,

არ ტოვებს ოფლის ლაქებს

მასალა: Nylon / Spandex"	"Workout elastic, perfectly hugs the body and sculpts forms,

Does not leave sweat stains

Material: Nylon / Spandex"
"PRODUCT"	"8995451502789"	"meta_title"	"ka"	""	""	"Push-up Leggings White Butterfly"	"აჭიმვადი ლეგინსი თეთრი პეპელა"
"PRODUCT"	"8995451502789"	"meta_description"	"ka"	""	""	"სავარჯიშო ელასტიკი, იდეალურად კრავს ტანს და კვეთს ფორმებს,არ ტოვებს ოფლის ლაქებსმასალა: Nylon / Spandex"	"Workout elastic that perfectly sculpts the body and defines curves, leaving no sweat marks.
Material: Nylon / Spandex"
"PRODUCT"	"8995451535557"	"title"	"ka"	""	""	"Leggings Grey Momentum"	"ჰელოუზები რუხი მომენტუმი"
"PRODUCT"	"8995451535557"	"body_html"	"ka"	""	""	"სავარჯიშო Push-up ლეგინსი, იდეალურად კრავს ტანს და კვეთს ფორმებს, არ ტოვებს ოფლის ლაქებს, ზედა ტოპს აქვს გუფკა, მოყვება მოსაცმელი.

მასალა:  Polyester / Spandex"	"Push-up სავარჯიშო ლეგინსი, იდეალურად კრავს ტანს და აყალიბებს ფორმებს, არ ტოვებს ოფლის ლაქებს, ზედა ტოპს აქვს გუფკა, მოყვება მოსაცმელი.

მასალა: Polyester / Spandex"
"PRODUCT"	"8995451535557"	"meta_title"	"ka"	""	""	"Leggings Grey Momentum"	"ჰალსტუხი ნაცრისფერი მომენტუმი"
"PRODUCT"	"8995451535557"	"meta_description"	"ka"	""	""	"სავარჯიშო Push-up სამეული, იდეალურად კრავს ტანს და კვეთს ფორმებს, არ ტოვებს ოფლის ლაქებს, ზედა ტოპს აქვს გუფკა, მოყვება მოსაცმელი.მასალა:  Polyester / Spandex"	"Push-up სპორტული ნაკრები, იდეალურად კრავს ტანს და აყალიბებს ფორმებს, არ ტოვებს ოფლის ლაქებს, ზედა ტოპს აქვს გუფკა, მოყვება მოსაცმელი.მასალა: პოლიესტერი / სპანდექსი"
"PRODUCT"	"8995451601093"	"title"	"ka"	""	""	"Sports Bra & Long Sleeve Top Grey Momentum"	"სპორტული ბიუსტჰალტერი და გრძელმკლავიანი ზედა ნაწილი ნაცრისფერი Momentum"
"PRODUCT"	"8995451601093"	"body_html"	"ka"	""	""	"სავარჯიშო ტოპი მოსაცმელით, ტოპს აქვს ღრუბელი, მასალა:  Polyester / Spandex"	"Workout top with a hood. The top has a padded bra. Material: Polyester / Spandex"
"PRODUCT"	"8995451601093"	"meta_title"	"ka"	""	""	"Sports Bra & Long Sleeve Top Grey Momentum"	"სპორტული ბიუსტჰალტერი და გრძელმკლავიანი ზედა ნაწილი ნაცრისფერი Momentum"
"PRODUCT"	"8995451601093"	"meta_description"	"ka"	""	""	"სავარჯიშო Push-up ტოპი მოსაცმელით, ტოპს აქვს ღრუბელი, მასალა:  Polyester / Spandex"	"Exercise Push-up Top with Camisole, the top has a sponge, Material: Polyester / Spandex"
"PRODUCT"	"8995451633861"	"title"	"ka"	""	""	"Sports Bra & Long Sleeve Top Black Momentum"	"სპორტული ბიუსტჰალტერი და გრძელმკლავიანი ზედა შავი Momentum"
"PRODUCT"	"8995451633861"	"body_html"	"ka"	""	""	"სავარჯიშო ტოპი მოსაცმელით, ტოპს აქვს ღრუბელი, მასალა:  Polyester / Spandex

 "	"Exercise top with a cover-up, the top has padding, Material: Polyester / Spandex"
"PRODUCT"	"8995451633861"	"meta_title"	"ka"	""	""	"Sports Bra & Long Sleeve Top Black Momentum"	"სპორტული ბიუსჰალტერი და გრძელმკლავიანი ზედა შავი Momentum"
"PRODUCT"	"8995451633861"	"meta_description"	"ka"	""	""	"სავარჯიშო ტოპი მოსაცმელით, ტოპს აქვს ღრუბელი, მასალა:  Polyester / Spandex"	"Workout top with removable hoodie. The top has sponge padding, and the material is polyester/spandex."
"PRODUCT"	"8995451699397"	"title"	"ka"	""	""	"Sports Bra Black Butterfly"	"სპორტული ბიუსტჰალტერი შავი პეპელა"
"PRODUCT"	"8995451699397"	"body_html"	"ka"	""	""	"შავი ელასტიური სავარჯიშო ტოპი, აქვს გუფკა.
მასალა: Spandex / Polyester"	"Black elastic workout top with sponge pads.
Material: Spandex / Polyester"
"PRODUCT"	"8995451699397"	"meta_title"	"ka"	""	""	"Sports Bra Black Butterfly"	"სპორტული ბიუსტჰალტერი, შავი პეპელა"
"PRODUCT"	"8995451699397"	"meta_description"	"ka"	""	""	"ელასტიური ტოპი, იდეალურად კრავს ტანს და კვეთს ფორმებს,არ ტოვებს ოფლის ლაქებსმასალა: Nylon / Spandex"	"Stretchy top, fits perfectly to the body and defines the figure, does not leave sweat stains.
Material: Nylon / Spandex"
"PRODUCT"	"8995451732165"	"title"	"ka"	""	""	"Set Brown Opium"	"კომპლექტი „ბრაუნ ოპიუმი“"
"PRODUCT"	"8995451732165"	"body_html"	"ka"	""	""	"გრძელმკლავიანი ზედა, აქვს ღრუბელი, არ ტოვებს ოფლის ლაქებს

მასალა: Nylon / Spandex"	"გრძელმკლავიანი ზედა, აქვს ღრუბელი, არ ტოვებს ოფლის ლაქებს

მასალა: ნეილონი / სპანდექსი"
"PRODUCT"	"8995451732165"	"meta_title"	"ka"	""	""	"Set Brown Opium"	"კომპლექტი „ბრაუნ ოპიუმი“"
"PRODUCT"	"8995451732165"	"meta_description"	"ka"	""	""	"ყავისფერი სავარჯიშო ზედა , იდეალურად კრავს ტანს და კვეთს ფორმებს,არ ტოვებს ოფლის ლაქებსმასალა: Nylon / Spandex"	"Brown workout top, perfectly hugs the body and defines shapes, does not leave sweat stainsMaterial: Nylon / Spandex"
"PRODUCT"	"8995451797701"	"title"	"ka"	""	""	"Push-up Leggings Pink Classic"	"აჭიმვადი ლეგინსები – ვარდისფერი კლასიკი"
"PRODUCT"	"8995451797701"	"body_html"	"ka"	""	""	"სავარჯიშო Push-up კომპლექტი, იდეალურად კრავს ტანს და კვეთს ფორმებს, არ ტოვებს ოფლის ლაქებს, ზედას აქვს გუფკა.

მასალა:  Polyester / Spandex"	"Push-up სავარჯიშო კომპლექტი იდეალურად კრავს ტანს და აკვეთს ფორმებს, არ ტოვებს ოფლის ლაქებს. ზედას აქვს ღრუბელი.

მასალა: პოლიესტერი / სპანდექსი"
"PRODUCT"	"8995451797701"	"meta_title"	"ka"	""	""	"Push-up Leggings Pink Classic"	"აჭიმვადი ლეგინსები, ვარდისფერი კლასიკური"
"PRODUCT"	"8995451797701"	"meta_description"	"ka"	""	""	"ღია ვარდისფერი სავარჯიშო Push-up ლეგინსი, იდეალურად კრავს ტანს და კვეთს ფორმებს, არ ტოვებს ოფლის ლაქებს"	"Light pink workout push-up leggings, perfect for hugging the body and accentuating curves, sweat-proof."
"PRODUCT"	"8995451863237"	"title"	"ka"	""	""	"Push-up ლეგინსი Bomby Navy"	"Push-up ლეგინსი Bomby Navy"
"PRODUCT"	"8995451863237"	"body_html"	"ka"	""	""	"Seamless Push-up leggings
• Full-length leggings
• Invisible scrunch bum
•Booty contouring and enhancing

<strong>Material and Care:</strong>
• 90% Nylon, 10% Spandex
• Incredibly soft and seamless, you’ll never want to take it off
• Handle with care when wearing and washing this delicate style"	"უაკერო გამწევი ლეგინსები
• სრული სიგრძის გამაშები
• უხილავი დაჭიმული დუნდულები
• დუნდულების კონტურირება და გაუმჯობესება

<strong>მასალა და მოვლა:</strong>
• 90% ნეილონი, 10% სპანდექსი
• საოცრად რბილი და უნაკერო, არასოდეს მოგინდებათ მისი გახდა
• მოეპყარით სიფრთხილით ამ დელიკატური სტილის ტარებისას და რეცხვისას"
"PRODUCT"	"8995451863237"	"meta_title"	"ka"	""	""	"Push-up ლეგინსი Bomby Navy"	"Push-up ლეგინსი Bomby Navy"
"PRODUCT"	"8995451863237"	"meta_description"	"ka"	""	""	"სავარჯიშო მაღალწელიანი Push-up ელასტიკი, იდეალურად კრავს ტანს და გამოკვეთს უკანალს.მასალა: Spandex / Polyester"	"High-waist Push-up elastic leggings, ideal for a tight fit and buttock-lifting effect. Material: Spandex / Polyester"
"PRODUCT"	"8995451896005"	"title"	"ka"	""	""	"Push-up კომპლექტი Light Blue Vortex"	"აჟუჟუნებული ბიუსტჰალტერი ღია ცისფერი ვორტექსი"
"PRODUCT"	"8995451896005"	"body_html"	"ka"	""	""	"<p style=""padding-left: 40px;"">სავარჯიშო მაღალწელიანი Push-up ორეული, იდეალურად კრავს ტანს და გამოკვეთს უკანალს.</p>
წელვადი, არ ლანდავს.

მასალა: Spandex / Polyester"	"<p style=""padding-left: 40px;"">Push-up სავარჯიშო მაღალწელიანი ორეული, იდეალურად კრავს ტანს და გამოკვეთს უკანალს.</p>
წელვადი, არ ლანდავს.

მასალა: Spandex / Polyester"
"PRODUCT"	"8995451896005"	"meta_title"	"ka"	""	""	"Push-up კომპლექტი Light Blue Vortex"	"აჭიმვების ნაკრები „მკრთალი ლურჯი ვორტექსი“"
"PRODUCT"	"8995451896005"	"meta_description"	"ka"	""	""	"შავი სავარჯიშო მაღალწელიანი Push-up ორეული, იდეალურად კრავს ტანს და გამოკვეთს უკანალს.წელვადი, არ ლანდავს.მასალა:: Spandex / Polyester"	"Black high-waisted Push-up workout set, perfectly snugs the body and emphasizes the glutes. Stretchy, not see-through. Material: Spandex / Polyester"
"PRODUCT"	"8995451961541"	"title"	"ka"	""	""	"Long Sleeve Top Black V"	"გრძელმკლავიანი ზედა შავი V-ყელით"
"PRODUCT"	"8995451961541"	"body_html"	"ka"	""	""	"შავი სავარჯიშო ზედა, იდეალურად კრავს ტანს. * არ აქვს ღრუბელი

მასალა: Spandex / Polyester"	"Black workout top, perfectly fitted. *No padding
Material: Spandex / Polyester"
"PRODUCT"	"8995451961541"	"meta_title"	"ka"	""	""	"Long Sleeve Top Black V"	"გრძელმკლავიანი ზედა შავი V-ყელით"
"PRODUCT"	"8995451961541"	"meta_description"	"ka"	""	""	"შავი სავარჯიშო მაღალწელიანი Push-up ორეული, იდეალურად კრავს ტანს და გამოკვეთს უკანალს.წელვადი, არ ლანდავს.მასალა:: Spandex / Polyester"	"Black high-waisted Push-up workout set, perfectly snugs the body and emphasizes the glutes. Stretchy, not see-through. Material: Spandex / Polyester"
"PRODUCT"	"8995452027077"	"title"	"ka"	""	""	"Long Sleeve Black Opium"	"გრძელმკლავიანი შავი ოპიუმი"
"PRODUCT"	"8995452027077"	"body_html"	"ka"	""	""	"გრძელმკლავიანი ზედა, აქვს ღრუბელი, არ ტოვებს ოფლის ლაქებს

მასალა: Nylon / Spandex"	"გრძელმკლავიანი ზედა, აქვს ღრუბელი, არ ტოვებს ოფლის ლაქებს

მასალა: ნეილონი / სპანდექსი"
"PRODUCT"	"8995452027077"	"meta_title"	"ka"	""	""	"Long Sleeve Black Opium"	"გრძელმკლავიანი შავი ოპიუმი"
"PRODUCT"	"8995452027077"	"meta_description"	"ka"	""	""	"სავარჯიშო ზედა , იდეალურად კრავს ტანს და კვეთს ფორმებს,არ ტოვებს ოფლის ლაქებსმასალა: Nylon / Spandex"	"Sports top, ideally tightens the body and carves out forms, does not leave sweat stains
Material: Nylon / Spandex"
"PRODUCT"	"8995452059845"	"title"	"ka"	""	""	"Push-up Leggings Pink Boom"	"აჭიმვადი ლეგინსები, ვარდისფერი ბუმი"
"PRODUCT"	"8995452059845"	"body_html"	"ka"	""	""	"სავარჯიშო მაღალწელიანი Push-up ელასტიკი, იდეალურად კრავს ტანს და გამოკვეთს უკანალს.

მასალა: Spandex / Polyester"	"High-waisted push-up exercise elastic, perfectly shapes the body and enhances the buttocks.

Material: Spandex / Polyester"
"PRODUCT"	"8995452059845"	"meta_title"	"ka"	""	""	"Push-up Leggings Pink Boom"	"აჭიმვადი ლეგინსები „ვარდისფერი ბუმი“"
"PRODUCT"	"8995452059845"	"meta_description"	"ka"	""	""	"სავარჯიშო მაღალწელიანი Push-up ელასტიკი, იდეალურად კრავს ტანს და გამოკვეთს უკანალს.მასალა: Spandex / Polyester"	"High-waist Push-up elastic leggings, ideal for a tight fit and buttock-lifting effect. Material: Spandex / Polyester"
"PRODUCT"	"8995452125381"	"title"	"ka"	""	""	"Push-up Leggings Dark Grey Boom"	"ამწევი ლეგინსები მუქი ნაცრისფერი Boom"
"PRODUCT"	"8995452125381"	"body_html"	"ka"	""	""	"სავარჯიშო მაღალწელიანი Push-up ელასტიკი, იდეალურად კრავს ტანს და გამოკვეთს უკანალს.

მასალა: Spandex / Polyester"	"High-waisted push-up exercise elastic, perfectly shapes the body and enhances the buttocks.

Material: Spandex / Polyester"
"PRODUCT"	"8995452125381"	"meta_title"	"ka"	""	""	"Push-up Leggings Dark Grey Boom"	"აჭიმვადი ლეგინსები, მუქი ნაცრისფერი Boom"
"PRODUCT"	"8995452125381"	"meta_description"	"ka"	""	""	"სავარჯიშო მაღალწელიანი Push-up ელასტიკი, იდეალურად კრავს ტანს და გამოკვეთს უკანალს.მასალა: Spandex / Polyester"	"High-waist Push-up elastic leggings, ideal for a tight fit and buttock-lifting effect. Material: Spandex / Polyester"
"PRODUCT"	"8995452158149"	"title"	"ka"	""	""	"Short Jumpsuit Brown Panther"	"მოკლე კომბინეზონი, ყავისფერი პანტერა"
"PRODUCT"	"8995452158149"	"body_html"	"ka"	""	""	"მოკლემკლავიანი მოკლე კომბინიზონი ელვით, იდეალურად კრავს ტანს და კვეთს ფორმებს.
მკერდზე არ აქვს ღრუბელი*

მასალა: Polyester / Spandex"	"Short sleeve short jumpsuit with zipper, perfectly hugs the body and accentuates shapes.
Does not have padding on the chest*

Material: Polyester / Spandex"
"PRODUCT"	"8995452158149"	"meta_title"	"ka"	""	""	"Short Jumpsuit Brown Panther"	"მოკლე კომბინეზონი, ყავისფერი პანტერა"
"PRODUCT"	"8995452158149"	"meta_description"	"ka"	""	""	"დახურული, გრძელმკლავიანი, ელასტიური კომბინიზონი უნიქორნის პრინტით, იდეალურად კრავს ტანს და კვეთს ფორმებს.მასალა: Polyester / Spandex"	"Closed, long-sleeved, elastic jumpsuit with unicorn print, perfectly wraps and defines the body.
Material: Polyester / Spandex"
"PRODUCT"	"8995452223685"	"title"	"ka"	""	""	"Short Jumpsuit Black Panther"	"მოკლე კომბინეზონი შავი პანტერა"
"PRODUCT"	"8995452223685"	"body_html"	"ka"	""	""	"მოკლემკლავიანი მოკლე კომბინიზონი ელვით, იდეალურად კრავს ტანს და კვეთს ფორმებს.
მკერდზე არ აქვს ღრუბელი*

მასალა: Polyester / Spandex"	"Short-sleeved short jumpsuit with a zipper, perfectly wraps around the body and accentuates shapes.
It does not have a sponge on the chest.

Material: Polyester / Spandex"
"PRODUCT"	"8995452223685"	"meta_title"	"ka"	""	""	"Short Jumpsuit Black Panther"	"მოკლე კომბინეზონი შავი პანტერა"
"PRODUCT"	"8995452223685"	"meta_description"	"ka"	""	""	"მოკლემკლავიანი მოკლე კომბინიზონი ელვით, იდეალურად კრავს ტანს და კვეთს ფორმებს.მკერდზე არ აქვს ღრუბელი*"	"Short sleeve short jumpsuit with zipper, perfectly hugs the body and accentuates the forms. No padding on the chest."
"PRODUCT"	"8995452289221"	"title"	"ka"	""	""	"Push-Up Set Peach Galaxy"	"აჭიმვების ნაკრები „ატმის გალაქტიკა“"
"PRODUCT"	"8995452289221"	"body_html"	"ka"	""	""	"Push-Up კომპლექტი შორტით, იდეალურად კრავს ტანს და კვეთს ფორმებს, არ ტოვებს ოფლის ლაქებს, ზედას აქვს გუფკა.

მასალა: Polyester / Spandex"	"Push-Up ნაკრები შორტით, იდეალურად ეკვრის ტანს და აყალიბებს ფორმებს, არ ტოვებს ოფლის ლაქებს, ზედას აქვს ღრუბელი.

მასალა: პოლიესტერი / სპანდექსი"
"PRODUCT"	"8995452289221"	"meta_title"	"ka"	""	""	"Push-Up Set Peach Galaxy"	"აჭიმვების ნაკრები - ატმის გალაქტიკა"
"PRODUCT"	"8995452289221"	"meta_description"	"ka"	""	""	"Push-Up კომპლექტი შორტით, იდეალურად კრავს ტანს და კვეთს ფორმებს, არ ტოვებს ოფლის ლაქებს, ზედას აქვს გუფკა.მასალა: Polyester / Spandex"	"Push-Up ნაკრები შორტით, იდეალურად ეკვრის ტანს და ხაზს უსვამს ფორმებს, არ ტოვებს ოფლის ლაქებს, ზედას აქვს ღრუბელი. მასალა: პოლიესტერი / სპანდექსი."
"PRODUCT"	"8995452387525"	"title"	"ka"	""	""	"Push-Up Set Black & Red Galaxy"	"Push-Up Set შავი და წითელი Galaxy"
"PRODUCT"	"8995452387525"	"body_html"	"ka"	""	""	"Push-Up კომპლექტი შორტით, იდეალურად კრავს ტანს და კვეთს ფორმებს, არ ტოვებს ოფლის ლაქებს, ზედას აქვს გუფკა.

მასალა: Polyester / Spandex"	"Push-Up ნაკრები შორტით, იდეალურად ეკვრის ტანს და აყალიბებს ფორმებს, არ ტოვებს ოფლის ლაქებს, ზედას აქვს ღრუბელი.

მასალა: პოლიესტერი / სპანდექსი"
"PRODUCT"	"8995452387525"	"meta_title"	"ka"	""	""	"Push-Up Set Black & Red Galaxy"	"ლიფი და ტრუსი შავი და წითელი „გალაქტიკა“"
"PRODUCT"	"8995452387525"	"meta_description"	"ka"	""	""	"Push-Up კომპლექტი შორტით, იდეალურად კრავს ტანს და კვეთს ფორმებს, არ ტოვებს ოფლის ლაქებს, ზედას აქვს გუფკა.მასალა: Polyester / Spandex"	"Push-Up ნაკრები შორტით, იდეალურად ეკვრის ტანს და ხაზს უსვამს ფორმებს, არ ტოვებს ოფლის ლაქებს, ზედას აქვს ღრუბელი. მასალა: პოლიესტერი / სპანდექსი."
"PRODUCT"	"8995452420293"	"title"	"ka"	""	""	"Classic Set White Leopard"	"კლასიკური ნაკრები თეთრი ლეოპარდი"
"PRODUCT"	"8995452420293"	"body_html"	"ka"	""	""	"სავარჯიშო კომპლექტი ლეოპარდის პრინტით, იდეალურად კრავს ტანს და კვეთს ფორმებს, არ ტოვებს ოფლის ლაქებს, ზედას აქვს ღრუბელი.

მასალა:  Polyester / Spandex"	"Leopard Print-ის სავარჯიშო კომპლექტი, იდეალურად კრავს ტანს და კვეთს ფორმებს, არ ტოვებს ოფლის ლაქებს, ზედას აქვს ღრუბელი.

მასალა: Polyester / Spandex"
"PRODUCT"	"8995452420293"	"meta_title"	"ka"	""	""	"Classic Set White Leopard"	"კლასიკური ნაკრები თეთრი ლეოპარდი"
"PRODUCT"	"8995452420293"	"meta_description"	"ka"	""	""	"სავარჯიშო კომპლექტი ლეოპარდის პრინტით, იდეალურად კრავს ტანს და კვეთს ფორმებს, არ ტოვებს ოფლის ლაქებს, ზედას აქვს გუფკა."	"Leopard print workout set, perfectly snugs the body and accentuates curves, leaves no sweat stains, top has sponge inserts."
"PRODUCT"	"8995452453061"	"title"	"ka"	""	""	"Jumpsuit Brown Verona"	"კომბინეზონი ყავისფერი ვერონა"
"PRODUCT"	"8995452453061"	"body_html"	"ka"	""	""	"მოკლე სავარჯიშო კომბინიზონი. იდეალურად კრავს ტანს, ვიზუალურად ახდუნებს და გამოკვეთს ფორმებს.

მასალა: Polyester/Spandex"	"Short exercise jumpsuit. Perfectly hugs the body, visually slims, and highlights your figure.

Material: Polyester/Spandex"
"PRODUCT"	"8995452453061"	"meta_title"	"ka"	""	""	"Jumpsuit Brown Verona"	"კომბინეზონი ყავისფერი ვერონა"
"PRODUCT"	"8995452453061"	"meta_description"	"ka"	""	""	"მოკლე სავარჯიშო კომბინიზონი. იდეალურად კრავს ტანს, ვიზუალურად ახდუნებს და გამოკვეთს ფორმებს.მასალა: Polyester/Spandex"	"Short exercise jumpsuit. Ideally snugs the body, visually slims, and accentuates forms. Material: Polyester/Spandex"
"PRODUCT"	"8995452485829"	"title"	"ka"	""	""	"Jumpsuit Black Verona"	"კომბინეზონი შავი ვერონა"
"PRODUCT"	"8995452485829"	"body_html"	"ka"	""	""	"მოკლე სავარჯიშო კომბინიზონი. იდეალურად კრავს ტანს, ვიზუალურად ახდუნებს და გამოკვეთს ფორმებს.

მასალა: Polyester/Spandex"	"Short exercise jumpsuit. Perfectly hugs the body, visually slims, and highlights your figure.

Material: Polyester/Spandex"
"PRODUCT"	"8995452485829"	"meta_title"	"ka"	""	""	"Jumpsuit Black Verona"	"კომბინიზონი შავი ვერონა"
"PRODUCT"	"8995452485829"	"meta_description"	"ka"	""	""	"მოკლე სავარჯიშო კომბინიზონი. იდეალურად კრავს ტანს, ვიზუალურად ახდუნებს და გამოკვეთს ფორმებს.მასალა: Polyester/Spandex"	"Short exercise jumpsuit. Ideally snugs the body, visually slims, and accentuates forms. Material: Polyester/Spandex"
"PRODUCT"	"8995452518597"	"title"	"ka"	""	""	"Tennis Dress Black Solid"	"ჩოგბურთის კაბა, შავი, სადა"
"PRODUCT"	"8995452518597"	"body_html"	"ka"	""	""	"სავარჯიშო კაბა-შორტი, იდეალურად კრავს ტანს და არის კომფორტული ნებისმიერი აქტივობის შესასრულებლად. მასალა: Polyester/Spandex"	"Workout dress-shorts, ideally snugs the body and is comfortable for any activity. Material: Polyester/Spandex"
"PRODUCT"	"8995452518597"	"meta_title"	"ka"	""	""	"Tennis Dress Black Solid"	"ჩოგბურთის კაბა, შავი, სადა"
"PRODUCT"	"8995452518597"	"meta_description"	"ka"	""	""	"სავარჯიშო კაბა-შორტი, იდეალურად კრავს ტანს და არის კომფორტული ნებისმიერი აქტივობის შესასრულებლად. მასალა: Polyester/Spandex"	"Workout dress-shorts, ideally snugs the body and is comfortable for any activity. Material: Polyester/Spandex"
"PRODUCT"	"8995452584133"	"title"	"ka"	""	""	"Push-up All In One Red Star"	"Push-up All In One წითელი ვარსკვლავი"
"PRODUCT"	"8995452584133"	"body_html"	"ka"	""	""	"მოკლე Push-up სავარჯიშო კომბინიზონი
იდეალურად კრავს ტანს, ზედა ნაწილს აქვს მკერდის ღრუბელი.
მასალა: Polyester/Spandex"	"Short Push-up workout jumpsuit
Perfectly wraps around the body, the top has a breast sponge.
Material: Polyester/Spandex"
"PRODUCT"	"8995452584133"	"meta_title"	"ka"	""	""	"Push-up All In One Red Star"	"Push-up All In One წითელი ვარსკვლავი"
"PRODUCT"	"8995452584133"	"meta_description"	"ka"	""	""	"მოკლე სავარჯიშო Push-up კომბინიზონი იდეალურად კრავს ტანსმასალა: Polyester/Spandex"	"Short Push-up Jumpsuit, body-hugging
Material: Polyester/Spandex"
"PRODUCT"	"8995452649669"	"title"	"ka"	""	""	"Push-up All In One Black Star"	"Push-up All In One Black Star"
"PRODUCT"	"8995452649669"	"body_html"	"ka"	""	""	"მოკლე Push-up სავარჯიშო კომბინიზონი
იდეალურად კრავს ტანს, ზედა ნაწილს აქვს მკერდის ღრუბელი.
მასალა: Polyester/Spandex"	"Short Push-up workout jumpsuit
Perfectly wraps around the body, the top has a breast sponge.
Material: Polyester/Spandex"
"PRODUCT"	"8995452649669"	"meta_title"	"ka"	""	""	"Push-up All In One Black Star"	"ბიუსჰალტერი Push-up All In One Black Star"
"PRODUCT"	"8995452649669"	"meta_description"	"ka"	""	""	"მოკლე სავარჯიშო Push-up კომბინიზონი იდეალურად კრავს ტანსმასალა: Polyester/Spandex"	"Short Push-up Jumpsuit, body-hugging
Material: Polyester/Spandex"
"PRODUCT"	"8995452682437"	"title"	"ka"	""	""	"Flared Set Black Heaven"	"გაშლილი ნაკრები შავი სამოთხე"
"PRODUCT"	"8995452682437"	"body_html"	"ka"	""	""	"Set with Flared Invisible Push-up Set for a chic and stylish fit
•High V-waisted
•Scrunch bum
<strong>Material and care:</strong>
•78% Nylon, 22% Spandex
• For optimal care of this sportswear, follow the care label instructions and use the delicate cycle"	"კომპლექტი გაშლილი უხილავი Push-up-ით ელეგანტური სტილისთვის
•მაღალწელიანი
•მოკუმშული უკანალი
<strong>მასალა და მოვლა:</strong>
•78% ნეილონი, 22% სპანდექსი
• ამ სპორტული ტანსაცმლის ოპტიმალური მოვლისთვის, მიჰყევით მოვლის ეტიკეტზე მითითებებს და გამოიყენეთ დელიკატური რეცხვის ციკლი"
"PRODUCT"	"8995452682437"	"meta_title"	"ka"	""	""	"Flared Set Black Heaven"	"გაშლილი ნაკრები შავი სამოთხე"
"PRODUCT"	"8995452682437"	"meta_description"	"ka"	""	""	"შლაქსის Push-up კომპლექტი , იდეალურად კრავს ტანს და გამოკვეთს უკანალს.წელვადი, არ ლანდავს.მასალა:: Spandex / Polyester"	"Push-up slack set. Perfectly conforms to the body and emphasizes the buttocks. Stretchy, not transparent. Material: Spandex / Polyester"
"PRODUCT"	"8995452715205"	"title"	"ka"	""	""	"Flared Set Barbie Pink Heaven"	"გაშლილი ნაკრები (კომპლექტი) „ბარბის ვარდისფერი ზეცა“"
"PRODUCT"	"8995452715205"	"body_html"	"ka"	""	""	"Set with Flared Invisible Push-up Set for a chic and stylish fit
•High V-waisted
•Scrunch bum
<strong>Material and care:</strong>
•78% Nylon, 22% Spandex
• For optimal care of this sportswear, follow the care label instructions and use the delicate cycle"	"ნაკრები გაშლილი უჩინარი პუშ-აპით დახვეწილი და ელეგანტური სტილისთვის
•მაღალი V-ფორმის წელი
• ნაკეციანი უკანა ნაწილი
<strong>მასალა და მოვლა:</strong>
•78% ნეილონი, 22% სპანდექსი
• ამ სპორტული ტანსაცმლის ოპტიმალური მოვლისთვის, მიჰყევით ეტიკეტზე მითითებულ ინსტრუქციებს და გამოიყენეთ დელიკატური რეჟიმი"
"PRODUCT"	"8995452715205"	"meta_title"	"ka"	""	""	"Flared Set Barbie Pink Heaven"	"გაშლილი ნაკრები (Barbie Pink Heaven)"
"PRODUCT"	"8995452715205"	"meta_description"	"ka"	""	""	"შლაქსის Push-up კომპლექტი , იდეალურად კრავს ტანს და გამოკვეთს უკანალს.წელვადი, არ ლანდავს.მასალა:: Spandex / Polyester"	"Push-up slack set. Perfectly conforms to the body and emphasizes the buttocks. Stretchy, not transparent. Material: Spandex / Polyester"
"PRODUCT"	"8995452747973"	"title"	"ka"	""	""	"Flared Set Baby Blue Heaven"	"გაშლილი ნაკრები (ბავშვის ლურჯი ცა)"
"PRODUCT"	"8995452747973"	"body_html"	"ka"	""	""	"Set with Flared Invisible Push-up Set for a chic and stylish fit
•High V-waisted
•Scrunch bum
<strong>Material and care:</strong>
•78% Nylon, 22% Spandex
• For optimal care of this sportswear, follow the care label instructions and use the delicate cycle"	"კომპლექტი გაშლილი, უხილავი პუშ-აპით, ელეგანტური სტილისთვის
•მაღალწელიანი V-ფორმის
•აჭიმვადი უკანალით
<strong>მასალა და მოვლა:</strong>
•78% ნეილონი, 22% სპანდექსი
•სპორტული ტანსაცმლის ოპტიმალური მოვლისთვის, მიჰყევით მოვლის ეტიკეტის ინსტრუქციებს და გამოიყენეთ დელიკატური რეჟიმი"
"PRODUCT"	"8995452747973"	"meta_title"	"ka"	""	""	"Flared Set Baby Blue Heaven"	"გაშლილი ნაკრები (ბავშვისფერი ცისფერი)"
"PRODUCT"	"8995452747973"	"meta_description"	"ka"	""	""	"შლაქსის Push-up კომპლექტი , იდეალურად კრავს ტანს და გამოკვეთს უკანალს.წელვადი, არ ლანდავს.მასალა:: Spandex / Polyester"	"Push-up slack set. Perfectly conforms to the body and emphasizes the buttocks. Stretchy, not transparent. Material: Spandex / Polyester"
"PRODUCT"	"8995452780741"	"title"	"ka"	""	""	"Tennis Dress Beige Panther"	"ჩოგბურთის კაბა, კრემისფერი, პანტერა"
"PRODUCT"	"8995452780741"	"body_html"	"ka"	""	""	"სავარჯიშო კაბა-შორტი, იდეალურად კრავს ტანს და არის კომფორტული ნებისმიერი აქტივობის შესასრულებლად. მასალა: Polyester/Spandex"	"Workout dress-shorts, ideally snugs the body and is comfortable for any activity. Material: Polyester/Spandex"
"PRODUCT"	"8995452780741"	"meta_title"	"ka"	""	""	"Tennis Dress Beige Panther"	"ჩოგბურთის კაბა, კრემისფერი, პანტერა"
"PRODUCT"	"8995452780741"	"meta_description"	"ka"	""	""	"სავარჯიშო კაბა-შორტი, იდეალურად კრავს ტანს და არის კომფორტული ნებისმიერი აქტივობის შესასრულებლად. მასალა: Polyester/Spandex"	"Workout dress-shorts, ideally snugs the body and is comfortable for any activity. Material: Polyester/Spandex"
"PRODUCT"	"8995452846277"	"title"	"ka"	""	""	"Tennis Dress Black Panther"	"ჩოგბურთის კაბა „შავი პანტერა“"
"PRODUCT"	"8995452846277"	"body_html"	"ka"	""	""	"სავარჯიშო კაბა-შორტი, იდეალურად კრავს ტანს და არის კომფორტული ნებისმიერი აქტივობის შესასრულებლად. მასალა: Polyester/Spandex"	"Workout dress-shorts, ideally snugs the body and is comfortable for any activity. Material: Polyester/Spandex"
"PRODUCT"	"8995452846277"	"meta_title"	"ka"	""	""	"Tennis Dress Black Panther"	"ჩოგბურთის კაბა „შავი პანტერა“"
"PRODUCT"	"8995452846277"	"meta_description"	"ka"	""	""	"სავარჯიშო კაბა-შორტი, იდეალურად კრავს ტანს და არის კომფორტული ნებისმიერი აქტივობის შესასრულებლად. მასალა: Polyester/Spandex"	"Workout dress-shorts, ideally snugs the body and is comfortable for any activity. Material: Polyester/Spandex"
"PRODUCT"	"8995452879045"	"title"	"ka"	""	""	"Push-up Leggings Black Marble V"	"აჩუჩებული გამაშები შავი მარმარილო V"
"PRODUCT"	"8995452879045"	"body_html"	"ka"	""	""	"Seamless Push-up leggings
• Full-length leggings
• Invisible scrunch bum
•Booty contouring and enhancing
•Mesh cutouts at bottom

Material and Care:
• 90% Nylon, 10% Spandex
• Incredibly soft and seamless, you’ll never want to take it off
• Handle with care when wearing and washing this delicate style"	"უტი ნაკერო პუშ-აპი ლეგინსები
• სრულმეტრაჟიანი ლეგინსები
• უხილავი დაჭიმვადი უკანალი
• უკანალის კონტურის გაუმჯობესება და გამოკვეთა
• ბადისებრი ამოჭრილები ქვედა ნაწილში

მასალა და მოვლა:
• 90% ნეილონი, 10% სპანდექსი
• წარმოუდგენლად რბილი და უნაკერო, არასდროს მოგინდებათ მისი გახდა
• ფრთხილად მოექეცით ამ ნაზ სტილს ტარებისას და რეცხვისას"
"PRODUCT"	"8995452879045"	"meta_title"	"ka"	""	""	"Push-up Leggings Black Marble V"	"აჭიმვადი ლეგინსები, შავი მარმარილო V"
"PRODUCT"	"8995452879045"	"meta_description"	"ka"	""	""	"სავარჯიშო მაღალწელიანი Push-up ელასტიკი, იდეალურად კრავს ტანს და გამოკვეთს უკანალს.მასალა:: Spandex / Polyester"	"High-waisted push-up elastic exercise leggings, perfectly define the body and highlight the glutes. Material: Spandex / Polyester"
"PRODUCT"	"8995452944581"	"title"	"ka"	""	""	"Tennis Dress Beige Flower"	"ჩოგბურთის კაბა კრემისფერი ყვავილებით"
"PRODUCT"	"8995452944581"	"body_html"	"ka"	""	""	"სავარჯიშო კაბა-შორტი, იდეალურად კრავს ტანს და არის კომფორტული ნებისმიერი აქტივობის შესასრულებლად. მასალა: Polyester/Spandex"	"Workout dress-shorts, ideally snugs the body and is comfortable for any activity. Material: Polyester/Spandex"
"PRODUCT"	"8995452944581"	"meta_title"	"ka"	""	""	"Tennis Dress Beige Flower"	"ჩოგბურთის კაბა კრემისფერი ყვავილებით"
"PRODUCT"	"8995452944581"	"meta_description"	"ka"	""	""	"სავარჯიშო კაბა-შორტი, იდეალურად კრავს ტანს და არის კომფორტული ნებისმიერი აქტივობის შესასრულებლად. მასალა: Polyester/Spandex"	"Workout dress-shorts, ideally snugs the body and is comfortable for any activity. Material: Polyester/Spandex"
"PRODUCT"	"8995452977349"	"title"	"ka"	""	""	"Push-up Shorts Bomby Khaki"	"აჭიმვადი შორტები Bomby ხაკისფერი"
"PRODUCT"	"8995452977349"	"body_html"	"ka"	""	""	"Seamless Push-up Shorts
• Invisible scrunch bum
•Booty contouring and enhancing

<strong>Material and Care:</strong>
• 90% Nylon, 10% Spandex
• Incredibly soft and seamless, you’ll never want to take it off
• Handle with care when wearing and washing this delicate style"	"უკერო ქამრიანი შორტები
• უხილავი რუშიანი უკანალი
• უკანალის კონტურის გამოკვეთა და გაუმჯობესება

<strong>მასალა და მოვლა:</strong>
• 90% ნეილონი, 10% სპანდექსი
• წარმოუდგენლად რბილი და უნაკერო, არასდროს მოგინდებათ მისი გახდა
• ფრთხილად მოექეცით ამ ნაზ სტილს ტარებისა და რეცხვის დროს"
"PRODUCT"	"8995452977349"	"meta_title"	"ka"	""	""	"Push-up Shorts Bomby Khaki"	"აჭიმვადი შორტები Bomby ხაკისფერი"
"PRODUCT"	"8995452977349"	"meta_description"	"ka"	""	""	"სავარჯიშო მაღალწელიანი Push-up შორტი, იდეალურად კრავს ტანს და გამოკვეთს უკანალს.მასალა: Spandex / Polyester"	"High-waist Push-up shorts for workout, perfectly snugs the body and accentuates the butt. Material: Spandex / Polyester"
"PRODUCT"	"8995453010117"	"title"	"ka"	""	""	"Push-up Shorts Bomby Brown V"	"Push-up შორტები Bomby Brown V"
"PRODUCT"	"8995453010117"	"body_html"	"ka"	""	""	"Seamless Push-up Shorts
• Invisible scrunch bum
•Booty contouring and enhancing

<strong>Material and Care:</strong>
• 90% Nylon, 10% Spandex
• Incredibly soft and seamless, you’ll never want to take it off
• Handle with care when wearing and washing this delicate style"	"უკერო ქამრიანი შორტები
• უხილავი რუშიანი უკანალი
• უკანალის კონტურის გამოკვეთა და გაუმჯობესება

<strong>მასალა და მოვლა:</strong>
• 90% ნეილონი, 10% სპანდექსი
• წარმოუდგენლად რბილი და უნაკერო, არასდროს მოგინდებათ მისი გახდა
• ფრთხილად მოექეცით ამ ნაზ სტილს ტარებისა და რეცხვის დროს"
"PRODUCT"	"8995453010117"	"meta_title"	"ka"	""	""	"Push-up Shorts Bomby Brown V"	"აჭიმვადი შორტი „ბომბი“ – ყავისფერი V"
"PRODUCT"	"8995453010117"	"meta_description"	"ka"	""	""	"სავარჯიშო მაღალწელიანი Push-up შორტი, იდეალურად კრავს ტანს და გამოკვეთს უკანალს.მასალა: Spandex / Polyester"	"High-waist Push-up shorts for workout, perfectly snugs the body and accentuates the butt. Material: Spandex / Polyester"
"PRODUCT"	"8995453042885"	"title"	"ka"	""	""	"Set Brown Butterfly"	"ყავისფერი პეპლების ნაკრები"
"PRODUCT"	"8995453042885"	"body_html"	"ka"	""	""	"სავარჯიშო კომპლექტი შორტით, იდეალურად კრავს ტანს და კვეთს ფორმებს, ზედას აქვს გუფკა

არ ტოვებს ოფლის ლაქებს

მასალა: Nylon / Spandex"	"სავარჯიშო კომპლექტი შორტით, იდეალურად კრავს ტანს და აყალიბებს ფორმებს. ზედას აქვს ღრუბელი.

არ ტოვებს ოფლის ლაქებს.

მასალა: ნეილონი / სპანდექსი"
"PRODUCT"	"8995453042885"	"meta_title"	"ka"	""	""	"Set Brown Butterfly"	"ყავისფერი პეპლების ნაკრები"
"PRODUCT"	"8995453042885"	"meta_description"	"ka"	""	""	"ელასტიური კომპლექტი შორტით, იდეალურად კრავს ტანს და კვეთს ფორმებს,არ ტოვებს ოფლის ლაქებსმასალა: Nylon / Spandex"	"Stretchy shorts set, ideal for hugging the body and defining shapes, leaves no sweat stains.Material: Nylon / Spandex"
"PRODUCT"	"8995453075653"	"title"	"ka"	""	""	"Classic Leggings Black Mood V"	"კლასიკური ლეგინსები შავი Mood V"
"PRODUCT"	"8995453075653"	"body_html"	"ka"	""	""	"შავი სავარჯიშო მაღალწელიანი ელასტიკი, იდეალურად კრავს ტანს და გამოკვეთს უკანალს.

მასალა: Spandex / Polyester"	"Black high-waisted workout leggings, perfectly sculpts the body and accentuates the butt.

Material: Spandex / Polyester"
"PRODUCT"	"8995453075653"	"meta_title"	"ka"	""	""	"Classic Leggings Black Mood V"	"კლასიკური ლეგინსი, შავი, განწყობა V"
"PRODUCT"	"8995453075653"	"meta_description"	"ka"	""	""	"შავი სავარჯიშო მაღალწელიანი ელასტიკი, იდეალურად კრავს ტანს და გამოკვეთს უკანალს.მასალა: Spandex / Polyester"	"High-waisted black workout leggings, perfectly flatters the figure and accentuates the glutes.
Material: Spandex / Polyester"
"PRODUCT"	"8995453108421"	"title"	"ka"	""	""	"Set Black Butterfly"	"შავი პეპლის ნაკრები"
"PRODUCT"	"8995453108421"	"body_html"	"ka"	""	""	"სავარჯიშო კომპლექტი შორტით, იდეალურად კრავს ტანს და კვეთს ფორმებს, ზედას აქვს გუფკა

არ ტოვებს ოფლის ლაქებს

მასალა: Nylon / Spandex"	"სავარჯიშო კომპლექტი შორტით, იდეალურად კრავს ტანს და აყალიბებს ფორმებს. ზედას აქვს ღრუბელი.

არ ტოვებს ოფლის ლაქებს.

მასალა: ნეილონი / სპანდექსი"
"PRODUCT"	"8995453108421"	"meta_title"	"ka"	""	""	"Set Black Butterfly"	"შავი პეპლის ნაკრები"
"PRODUCT"	"8995453108421"	"meta_description"	"ka"	""	""	"ელასტიური კომპლექტი შორტით, იდეალურად კრავს ტანს და კვეთს ფორმებს,არ ტოვებს ოფლის ლაქებსმასალა: Nylon / Spandex"	"Stretchy shorts set, ideal for hugging the body and defining shapes, leaves no sweat stains.Material: Nylon / Spandex"
"PRODUCT"	"8995453141189"	"title"	"ka"	""	""	"Push-up Leggings Light Pink V"	"აჭიმვადი ლეგინსები, ღია ვარდისფერი, V ფორმის"
"PRODUCT"	"8995453141189"	"body_html"	"ka"	""	""	"Seamless Push-up leggings
• low V-shape at the back
• Contoured back waistband to enhance and flatter curves
• Scrunch detailing at the back for a sculpted look
• Seamless front for a smooth, clean appearance
• Full-length
Material and Care:
• 75% Nylon, 25% Spandex
• Incredibly soft and seamless, you’ll never want to take it off
• Handle with care when wearing and washing this delicate style"	"უწყვეტი პუშ-აპი ლეგინსები
• დაბალი V-ფორმის ზურგი
• კონტურული უკანა წელის ზოლი ფიგურის გასაუმჯობესებლად
• ნაკეცები უკანა მხარეს ფორმის უკეთ გამოსაკვეთად
• უნაკერო წინა ნაწილი გლუვი, დახვეწილი იერისთვის
• სრული სიგრძე
მასალა და მოვლა:
• 75% ნეილონი, 25% სპანდექსი
• საოცრად რბილი და უნაკერო, არასდროს მოგინდებათ მისი გახდა
• მოუფრთხილდით ტარებისას და რეცხვისას, რადგან დელიკატური სტილისაა"
"PRODUCT"	"8995453141189"	"meta_title"	"ka"	""	""	"Push-up Leggings Light Pink V"	"აჭიმვადი ლეგინსები, ღია ვარდისფერი, V ფორმის"
"PRODUCT"	"8995453141189"	"meta_description"	"ka"	""	""	"ჟოლოსფერი Push-up ელასტიკი, იდეალურად კრავს ტანს და კვეთს ფორმებს.მასალა: Nylon/Polyester ამოჭრილი წელიანი ელასტიკი, ელასტიკი უკან ამოჭრელი წელით."	"ჟოლოსფერი Push-up ელასტიკი, იდეალურად კრავს ტანს და აყალიბებს ფორმებს. მასალა: ნეილონი/პოლიესტერი. მაღალწელიანი ელასტიკი, უკან ამოჭრილი წელით."
"PRODUCT"	"8995453206725"	"title"	"ka"	""	""	"Push-up Shorts Bomby Navy V"	"Push-up შორტები Bomby Navy V"
"PRODUCT"	"8995453206725"	"body_html"	"ka"	""	""	"Seamless Push-up Shorts
• Invisible scrunch bum
•Booty contouring and enhancing

<strong>Material and Care:</strong>
• 90% Nylon, 10% Spandex
• Incredibly soft and seamless, you’ll never want to take it off
• Handle with care when wearing and washing this delicate style"	"უკერო ქამრიანი შორტები
• უხილავი რუშიანი უკანალი
• უკანალის კონტურის გამოკვეთა და გაუმჯობესება

<strong>მასალა და მოვლა:</strong>
• 90% ნეილონი, 10% სპანდექსი
• წარმოუდგენლად რბილი და უნაკერო, არასდროს მოგინდებათ მისი გახდა
• ფრთხილად მოექეცით ამ ნაზ სტილს ტარებისა და რეცხვის დროს"
"PRODUCT"	"8995453206725"	"meta_title"	"ka"	""	""	"Push-up Shorts Bomby Navy V"	"Push-up შორტები Bomby მუქი ლურჯი V"
"PRODUCT"	"8995453206725"	"meta_description"	"ka"	""	""	"სავარჯიშო მაღალწელიანი Push-up შორტი, იდეალურად კრავს ტანს და გამოკვეთს უკანალს.მასალა: Spandex / Polyester"	"High-waist Push-up shorts for workout, perfectly snugs the body and accentuates the butt. Material: Spandex / Polyester"
"PRODUCT"	"8995453305029"	"title"	"ka"	""	""	"Push-up Shorts Bomby Beige V"	"შორტები Push-up Bomby Beige V"
"PRODUCT"	"8995453305029"	"body_html"	"ka"	""	""	"Seamless Push-up Shorts
• Invisible scrunch bum
•Booty contouring and enhancing

<strong>Material and Care:</strong>
• 90% Nylon, 10% Spandex
• Incredibly soft and seamless, you’ll never want to take it off
• Handle with care when wearing and washing this delicate style"	"უკერო ქამრიანი შორტები
• უხილავი რუშიანი უკანალი
• უკანალის კონტურის გამოკვეთა და გაუმჯობესება

<strong>მასალა და მოვლა:</strong>
• 90% ნეილონი, 10% სპანდექსი
• წარმოუდგენლად რბილი და უნაკერო, არასდროს მოგინდებათ მისი გახდა
• ფრთხილად მოექეცით ამ ნაზ სტილს ტარებისა და რეცხვის დროს"
"PRODUCT"	"8995453305029"	"meta_title"	"ka"	""	""	"Push-up Shorts Bomby Beige V"	"მოკლე შორტი Push-up Bomby Beige V"
"PRODUCT"	"8995453305029"	"meta_description"	"ka"	""	""	"სავარჯიშო მაღალწელიანი Push-up შორტი, იდეალურად კრავს ტანს და გამოკვეთს უკანალს.მასალა: Spandex / Polyester"	"High-waist Push-up shorts for workout, perfectly snugs the body and accentuates the butt. Material: Spandex / Polyester"
"PRODUCT"	"8995453337797"	"title"	"ka"	""	""	"Flared Set Beige Podium"	"გაშლილი ნაკრები, კრემისფერი პოდიუმი"
"PRODUCT"	"8995453337797"	"body_html"	"ka"	""	""	"Set with Flared Set for a chic and stylish fit
<strong>Material and care:</strong>
•78% Nylon, 22% Spandex
• For optimal care of this sportswear, follow the care label instructions and use the delicate cycle"	"ფართოშარვლიანი კომპლექტი ელეგანტური და მოდური იერისთვის
<strong>მასალა და მოვლა:</strong>
• 78% ნეილონი, 22% სპანდექსი
• ამ სპორტული ტანსაცმლის ოპტიმალური მოვლისთვის მიჰყევით მოვლის ეტიკეტზე მითითებებს და გამოიყენეთ დელიკატური რეჟიმი"
"PRODUCT"	"8995453337797"	"meta_title"	"ka"	""	""	"Flared Set Beige Podium"	"გაშლილი ნაკრები, კრემისფერი პოდიუმი"
"PRODUCT"	"8995453337797"	"meta_description"	"ka"	""	""	"შლაქსის Push-up კომპლექტი , იდეალურად კრავს ტანს და გამოკვეთს უკანალს.წელვადი, არ ლანდავს.მასალა:: Spandex / Polyester"	"Push-up slack set. Perfectly conforms to the body and emphasizes the buttocks. Stretchy, not transparent. Material: Spandex / Polyester"
"PRODUCT"	"8995453436101"	"title"	"ka"	""	""	"Flared Set Black Podium"	"გაშლილი შავი პოდიუმი"
"PRODUCT"	"8995453436101"	"body_html"	"ka"	""	""	"Set with Flared Set for a chic and stylish fit
<strong>Material and care:</strong>
•78% Nylon, 22% Spandex
• For optimal care of this sportswear, follow the care label instructions and use the delicate cycle"	"კომპლექტი გაშლილი ნაკრებით, ელეგანტური სტილისთვის
<strong>მასალა და მოვლა:</strong>
• 78% ნეილონი, 22% სპანდექსი
• სპორტული ტანსაცმლის ოპტიმალური მოვლისთვის, მიჰყევით მოვლის ეტიკეტის ინსტრუქციებს და გამოიყენეთ დელიკატური რეცხვის რეჟიმი"
"PRODUCT"	"8995453436101"	"meta_title"	"ka"	""	""	"Flared Set Black Podium"	"გაშლილი შავი პოდიუმი (კომპლექტი)"
"PRODUCT"	"8995453436101"	"meta_description"	"ka"	""	""	"შლაქსის კომპლექტი , იდეალურად კრავს ტანს და გამოკვეთს უკანალს.წელვადი, არ ლანდავს.მასალა:: Spandex / Polyester"	"შლაქსის კომპლექტი, იდეალურად კრავს ტანს და გამოკვეთს უკანალს. წელვადი, არ ლანდავს. მასალა: სპანდექსი/პოლიესტერი"
"PRODUCT"	"8995453468869"	"title"	"ka"	""	""	"Push-up Leggings Grey Marble Back V"	"აჩაჩული ტყავისფერი გამაშები, ნაცრისფერი მარმარილოსებური უკანა მხარე V-ს ფორმით"
"PRODUCT"	"8995453468869"	"body_html"	"ka"	""	""	"Seamless Push-up Shorts
• Invisible scrunch bum
•Booty contouring and enhancing
•Mesh cutouts at bottom

Material and Care:
• 90% Nylon, 10% Spandex
• Incredibly soft and seamless, you’ll never want to take it off
• Handle with care when wearing and washing this delicate style"	"უკერო პუშ-აპ შორტები
• უხილავი რუში ბუსტი
• უკანალის კონტურის გაუმჯობესება და გამოკვეთა
• ბადისებრი ჭრილები ქვემოთ

მასალა და მოვლა:
• 90% ნეილონი, 10% სპანდექსი
• წარმოუდგენლად რბილი და უკერო, არასდროს მოგინდებათ მისი მოხსნა
• ფრთხილად მოეპყარით ამ დელიკატურ სტილს ტარებისას და რეცხვისას"
"PRODUCT"	"8995453468869"	"meta_title"	"ka"	""	""	"Push-up Leggings Grey Marble Back V"	"აჭიმვის ეფექტის მქონე ლეგინსები, ნაცრისფერი მარმარილოს პრინტით, V-ს ფორმის ამოჭრით უკანა მხარეს"
"PRODUCT"	"8995453468869"	"meta_description"	"ka"	""	""	"სავარჯიშო მაღალწელიანი Push-up ელასტიკი, იდეალურად კრავს ტანს და გამოკვეთს უკანალს.მასალა:: Spandex / Polyester"	"High-waisted push-up elastic exercise leggings, perfectly define the body and highlight the glutes. Material: Spandex / Polyester"
"PRODUCT"	"8995453534405"	"title"	"ka"	""	""	"Set White Butterfly"	"თეთრი პეპლების ნაკრები"
"PRODUCT"	"8995453534405"	"body_html"	"ka"	""	""	"სავარჯიშო კომპლექტი შორტით, იდეალურად კრავს ტანს და კვეთს ფორმებს, ზედას აქვს გუფკა

არ ტოვებს ოფლის ლაქებს

მასალა: Nylon / Spandex"	"სავარჯიშო კომპლექტი შორტით, იდეალურად კრავს ტანს და აყალიბებს ფორმებს. ზედას აქვს ღრუბელი.

არ ტოვებს ოფლის ლაქებს.

მასალა: ნეილონი / სპანდექსი"
"PRODUCT"	"8995453534405"	"meta_title"	"ka"	""	""	"Set White Butterfly"	"თეთრი პეპელა (კომპლექტი)"
"PRODUCT"	"8995453534405"	"meta_description"	"ka"	""	""	"ელასტიური კომპლექტი შორტით, იდეალურად კრავს ტანს და კვეთს ფორმებს,არ ტოვებს ოფლის ლაქებსმასალა: Nylon / Spandex"	"Stretchy shorts set, ideal for hugging the body and defining shapes, leaves no sweat stains.Material: Nylon / Spandex"
"PRODUCT"	"8995453567173"	"title"	"ka"	""	""	"Shorts Burgundy Classic"	"შორტები ბორდოსფერი კლასიკური"
"PRODUCT"	"8995453567173"	"body_html"	"ka"	""	""	"მაღალწელიანი შორტი, იდეალურად კრავს ტანს
მასალა: Spandex / Polyester"	"High-waisted shorts, perfectly fitting the body
Material: Spandex / Polyester"
"PRODUCT"	"8995453567173"	"meta_title"	"ka"	""	""	"Shorts Burgundy Classic"	"შორტები ბორდოსფერი კლასიკური"
"PRODUCT"	"8995453567173"	"meta_description"	"ka"	""	""	"მოკლე სავარჯიშო მაღალწელიანი ელასტიკი, იდეალურად კრავს ტანს და გამoკვეთს უკანალს.მასალა: Spandex / Polyester"	"Short, high-waisted elastic shorts, perfectly hugging the body and accentuating the buttocks. Material: Spandex / Polyester"
"PRODUCT"	"8995453599941"	"title"	"ka"	""	""	"Classic Leggings Purple Mood V"	"კლასიკური ლეგინსები იასამნისფერი განწყობა V"
"PRODUCT"	"8995453599941"	"body_html"	"ka"	""	""	"სავარჯიშო მაღალწელიანი ელასტიკი, იდეალურად კრავს ტანს და გამოკვეთს უკანალს.

მასალა: Spandex / Polyester"	"High-waisted elastic workout leggings that perfectly hug the body and accentuate the buttocks.

Material: Spandex / Polyester"
"PRODUCT"	"8995453599941"	"meta_title"	"ka"	""	""	"Classic Leggings Purple Mood V"	"კლასიკური ლეგინსი ""იასამნისფერი განწყობა"" V"
"PRODUCT"	"8995453599941"	"meta_description"	"ka"	""	""	"სავარჯიშო მაღალწელიანი ელასტიკი, იდეალურად კრავს ტანს და გამოკვეთს უკანალს.მასალა: Spandex / Polyester"	"High-waisted elastic workout leggings, perfect for body sculpting and butt lifting. Fabric: Spandex / Polyester"
"PRODUCT"	"8995453665477"	"title"	"ka"	""	""	"Classic Leggings Beige Magnet"	"კლასიკური ლეგინსები კრემისფერი მაგნიტი"
"PRODUCT"	"8995453665477"	"body_html"	"ka"	""	""	"სავარჯიშო მაღალწელიანი ელასტიკი, იდეალურად კრავს ტანს და გამოკვეთს უკანალს.

მასალა: Spandex / Polyester"	"High-waisted elastic workout leggings that perfectly hug the body and accentuate the buttocks.

Material: Spandex / Polyester"
"PRODUCT"	"8995453665477"	"meta_title"	"ka"	""	""	"Classic Leggings Beige Magnet"	"კლასიკური ლეგინსები კრემისფერი მაგნიტი"
"PRODUCT"	"8995453665477"	"meta_description"	"ka"	""	""	"შავი სავარჯიშო მაღალწელიანი ელასტიკი, იდეალურად კრავს ტანს და გამოკვეთს უკანალს.მასალა: Spandex / Polyester"	"High-waisted black workout leggings, perfectly flatters the figure and accentuates the glutes.
Material: Spandex / Polyester"
"PRODUCT"	"8995453698245"	"title"	"ka"	""	""	"Short Jumpsuit Grey Sculpt"	"მოკლე კომბინეზონი ნაცრისფერი სკულპტი"
"PRODUCT"	"8995453698245"	"body_html"	"ka"	""	""	"მოკლემკლავიანი მოკლე კომბინიზონი, იდეალურად კრავს ტანს და კვეთს ფორმებს.
მკერდზე აქვს ღრუბელი*

მასალა: Polyester / Spandex"	"Short-sleeved short jumpsuit that perfectly hugs the body and accentuates shapes.
Has padded cups*

Material: Polyester / Spandex"
"PRODUCT"	"8995453698245"	"meta_title"	"ka"	""	""	"Short Jumpsuit Grey Sculpt"	"მოკლე კომბინეზონი, ნაცრისფერი, სკალპის დეტალით"
"PRODUCT"	"8995453698245"	"meta_description"	"ka"	""	""	"მოკლემკლავიანი მოკლე კომბინიზონი, იდეალურად კრავს ტანს და კვეთს ფორმებს.მკერდზე აქვს ღრუბელი*მასალა: Polyester / Spandex"	"Short-sleeved short jumpsuit that perfectly hugs the body and accentuates shapes. It has a padded bust. Material: Polyester / Spandex"
"PRODUCT"	"8995453763781"	"title"	"ka"	""	""	"Invisible Push-up Shorts Black Move"	"უხილავი პუშ-აპ შორტი შავი Move"
"PRODUCT"	"8995453763781"	"body_html"	"ka"	""	""	"Seamless Push-up Shorts
• Invisible scrunch bum
•Booty contouring and enhancing
•Mesh cutouts at bottom

Material and Care:
• 90% Nylon, 10% Spandex
• Incredibly soft and seamless, you’ll never want to take it off
• Handle with care when wearing and washing this delicate style"	"უკერო პუშ-აპ შორტები
• უხილავი რუში ბუსტი
• უკანალის კონტურის გაუმჯობესება და გამოკვეთა
• ბადისებრი ჭრილები ქვემოთ

მასალა და მოვლა:
• 90% ნეილონი, 10% სპანდექსი
• წარმოუდგენლად რბილი და უკერო, არასდროს მოგინდებათ მისი მოხსნა
• ფრთხილად მოეპყარით ამ დელიკატურ სტილს ტარებისას და რეცხვისას"
"PRODUCT"	"8995453763781"	"meta_title"	"ka"	""	""	"Invisible Push-up Shorts Black Move"	"უხილავი push-up შორტები, შავი Move"
"PRODUCT"	"8995453763781"	"meta_description"	"ka"	""	""	"სავარჯიშო მაღალწელიანი ჭრელი Push-up შორტი, იდეალურად კრავს ტანს და გამოკვეთს უკანალს.მასალა:: Spandex / Polyester"	"High-waisted patterned Push-up shorts, perfectly shapes the body and accentuates the buttocks. Material: Spandex / Polyester"
"PRODUCT"	"8995453796549"	"title"	"ka"	""	""	"Push-up Leggings Peacock Boom"	"ამწევი ლეგინსები Peacock Boom"
"PRODUCT"	"8995453796549"	"body_html"	"ka"	""	""	"Seamless Push-up leggings
• Full-length leggings
• Invisible scrunch bum
•Booty contouring and enhancing

<strong>Material and Care:</strong>
• 90% Nylon, 10% Spandex
• Incredibly soft and seamless, you’ll never want to take it off
• Handle with care when wearing and washing this delicate style"	"უაკერო გამწევი ლეგინსები
• სრული სიგრძის გამაშები
• უხილავი დაჭიმული დუნდულები
• დუნდულების კონტურირება და გაუმჯობესება

<strong>მასალა და მოვლა:</strong>
• 90% ნეილონი, 10% სპანდექსი
• საოცრად რბილი და უნაკერო, არასოდეს მოგინდებათ მისი გახდა
• მოეპყარით სიფრთხილით ამ დელიკატური სტილის ტარებისას და რეცხვისას"
"PRODUCT"	"8995453796549"	"meta_title"	"ka"	""	""	"Push-up Leggings Peacock Boom"	"აჭიმვადი ლეგინსები Peacock Boom"
"PRODUCT"	"8995453796549"	"meta_description"	"ka"	""	""	"სავარჯიშო მაღალწელიანი მქვანე Push-up ელასტიკი, იდეალურად კრავს ტანს და გამოკვეთს უკანალს.მასალა: Spandex / Polyester"	"High-waisted push-up leggings, perfectly sculpts the body and emphasizes the glutes. Material: Spandex / Polyester"
"PRODUCT"	"8995453829317"	"title"	"ka"	""	""	"Push-up Leggings White Boom"	"წელვადი ლეგინსები აზიდვებით - თეთრი ბუმი"
"PRODUCT"	"8995453829317"	"body_html"	"ka"	""	""	"Seamless Push-up leggings
• Full-length leggings
• Invisible scrunch bum
•Booty contouring and enhancing

<strong>Material and Care:</strong>
• 90% Nylon, 10% Spandex
• Incredibly soft and seamless, you’ll never want to take it off
• Handle with care when wearing and washing this delicate style"	"უაკერო გამწევი ლეგინსები
• სრული სიგრძის გამაშები
• უხილავი დაჭიმული დუნდულები
• დუნდულების კონტურირება და გაუმჯობესება

<strong>მასალა და მოვლა:</strong>
• 90% ნეილონი, 10% სპანდექსი
• საოცრად რბილი და უნაკერო, არასოდეს მოგინდებათ მისი გახდა
• მოეპყარით სიფრთხილით ამ დელიკატური სტილის ტარებისას და რეცხვისას"
"PRODUCT"	"8995453829317"	"meta_title"	"ka"	""	""	"Push-up Leggings White Boom"	"აჭიმვადი ლეგინსი, თეთრი ბუმი"
"PRODUCT"	"8995453829317"	"meta_description"	"ka"	""	""	"სავარჯიშო მაღალწელიანი Push-up ელასტიკი, იდეალურად კრავს ტანს და გამოკვეთს უკანალს.მასალა: Spandex / Polyester"	"High-waist Push-up elastic leggings, ideal for a tight fit and buttock-lifting effect. Material: Spandex / Polyester"
"PRODUCT"	"8995453862085"	"title"	"ka"	""	""	"Shorts Rose Pink Freedom"	"შორტები ვარდისფერი თავისუფლება"
"PRODUCT"	"8995453862085"	"body_html"	"ka"	""	""	" 

<strong>Material and Care:</strong>
• 90% Nylon, 10% Spandex
• Incredibly soft and seamless, you’ll never want to take it off
• Handle with care when wearing and washing this delicate style"	" 

<strong>მასალა და მოვლა:</strong>
• 90% ნეილონი, 10% სპანდექსი
• საოცრად რბილი და უნაკერო, არასდროს მოგინდებათ მისი გახდა
• ფრთხილად მოექეცით ამ ნაზ სტილს ტარებისა და რეცხვის დროს"
"PRODUCT"	"8995453862085"	"meta_title"	"ka"	""	""	"Shorts Rose Pink Freedom"	"შორტი ვარდისფერი თავისუფლება"
"PRODUCT"	"8995453862085"	"meta_description"	"ka"	""	""	"მოკლე შავი ფუშაფ შორტი, .მასალა:  Polyester / Spandex"	"Short black push-up shorts. Material: Polyester / Spandex"
"PRODUCT"	"8995453894853"	"title"	"ka"	""	""	"Shorts Black Freedom"	"შავი შორტები „თავისუფლება“"
"PRODUCT"	"8995453894853"	"body_html"	"ka"	""	""	"<strong>Material and Care:</strong>
• 90% Nylon, 10% Spandex
• Incredibly soft and seamless, you’ll never want to take it off
• Handle with care when wearing and washing this delicate style"	"<strong>მასალა და მოვლა:</strong>
• 90% ნეილონი, 10% სპანდექსი
• საოცრად რბილი და უნაკერო, არასდროს მოგინდებათ მისი გახდა
• ფრთხილად მოეპყარით ამ დელიკატურ ნივთს ჩაცმისა და რეცხვის დროს"
"PRODUCT"	"8995453894853"	"meta_title"	"ka"	""	""	"Shorts Black Freedom"	"შორტი შავი თავისუფლება"
"PRODUCT"	"8995453894853"	"meta_description"	"ka"	""	""	"მოკლე შავი ფუშაფ შორტი, .მასალა:  Polyester / Spandex"	"Short black push-up shorts. Material: Polyester / Spandex"
"PRODUCT"	"8995453927621"	"title"	"ka"	""	""	"Shorts White Freedom"	"შორტი თეთრი თავისუფლება"
"PRODUCT"	"8995453927621"	"body_html"	"ka"	""	""	" 

<strong>Material and Care:</strong>
• 90% Nylon, 10% Spandex
• Incredibly soft and seamless, you’ll never want to take it off
• Handle with care when wearing and washing this delicate style"	"

<strong>მასალა და მოვლა:</strong>
• 90% ნეილონი, 10% სპანდექსი
• წარმოუდგენლად რბილი და უნაკერო, არასოდეს მოგინდებათ მისი გახდა
• მოეპყარით სიფრთხილით ამ დელიკატურ სტილს ტარებისას და რეცხვისას"
"PRODUCT"	"8995453927621"	"meta_title"	"ka"	""	""	"Shorts White Freedom"	"შორტი „თეთრი თავისუფლება“"
"PRODUCT"	"8995453927621"	"meta_description"	"ka"	""	""	"მოკლე შავი ფუშაფ შორტი, .მასალა:  Polyester / Spandex"	"Short black push-up shorts. Material: Polyester / Spandex"
"PRODUCT"	"8995453960389"	"title"	"ka"	""	""	"Shorts Coffee Freedom"	"შორტს ყავის თავისუფლება"
"PRODUCT"	"8995453960389"	"body_html"	"ka"	""	""	" 

<strong>Material and Care:</strong>
• 90% Nylon, 10% Spandex
• Incredibly soft and seamless, you’ll never want to take it off
• Handle with care when wearing and washing this delicate style"	" 

<strong>მასალა და მოვლა:</strong>
• 90% ნეილონი, 10% სპანდექსი
• საოცრად რბილი და უნაკერო, მისი გაძრობა არასოდეს მოგინდებათ
• ნაზად მოეპყარით ამ დელიკატურ სტილს ტარებისას და რეცხვისას"
"PRODUCT"	"8995453960389"	"meta_title"	"ka"	""	""	"Shorts Coffee Freedom"	"შორტების ყავის თავისუფლება"
"PRODUCT"	"8995453960389"	"meta_description"	"ka"	""	""	"მოკლე შავი ფუშაფ შორტი, .მასალა:  Polyester / Spandex"	"Short black push-up shorts. Material: Polyester / Spandex"
"PRODUCT"	"8995454058693"	"title"	"ka"	""	""	"Push-up Shorts Light Grey Pocket"	"აჭიმვადი შორტი, ღია ნაცრისფერი, ჯიბით"
"PRODUCT"	"8995454058693"	"body_html"	"ka"	""	""	"Seamless Push-up shorts
• Shorts
• Invisible scrunch bum
•Booty contouring and enhancing

Material and Care:
• 90% Nylon, 10% Spandex
• Incredibly soft and seamless, you’ll never want to take it off
• Handle with care when wearing and washing this delicate style"	"ნაკერების გარეშე „ფუშ-აფ“ შორტები
• შორტები
• უხილავი „სქრანჩ ბამი“
• დუნდულების კონტურირება და გადიდება

მასალა და მოვლა:
• 90% ნეილონი, 10% სპანდექსი
• წარმოუდგენლად რბილი და ნაკერების გარეშე, მისი გაძრობა არასდროს მოგინდებათ
• დელიკატური სტილის ტარებისას და რეცხვისას მოუარეთ სიფრთხილით"
"PRODUCT"	"8995454058693"	"meta_title"	"ka"	""	""	"Push-up Shorts Light Grey Pocket"	"აჭიმვადი შორტები (ღია ნაცრისფერი ჯიბით)"
"PRODUCT"	"8995454058693"	"meta_description"	"ka"	""	""	"ნაცრისფერი სავარჯიშო Push-up შორტი უკანა ჯიბეებით, იდეალურად კრავს ტანს და გამოკვეთს უკანალს."	"Grey workout push-up shorts with back pockets, perfectly hug the body and highlight the glutes."
"PRODUCT"	"8995454091461"	"title"	"ka"	""	""	"Push-up Shorts Dark Grey Pocket"	"მოკლე შორტები „ფუშ-აფ“ ეფექტით, მუქი ნაცრისფერი, ჯიბით"
"PRODUCT"	"8995454091461"	"body_html"	"ka"	""	""	"Seamless Push-up shorts
• Shorts
• Scrunch bum
•Booty contouring and enhancing

Material and Care:
• 90% Nylon, 10% Spandex
• Incredibly soft and seamless, you’ll never want to take it off
• Handle with care when wearing and washing this delicate style"	"უწყვეტი პუშ-აპ შორტები
• შორტები
• ნაკეცები უკანალზე
• დუნდულების გამოკვეთა და მოცულობის გაზრდა

მასალა და მოვლა:
• 90% ნეილონი, 10% სპანდექსი
• წარმოუდგენლად რბილი და უნაკერო, არასდროს მოგინდებათ მისი მოხსნა
• ატარეთ და გარეცხეთ სიფრთხილით, რადგან ეს დელიკატური სტილია"
"PRODUCT"	"8995454091461"	"meta_title"	"ka"	""	""	"Push-up Shorts Dark Grey Pocket"	"მოკლე შორტი აწევის ეფექტით, მუქი ნაცრისფერი, ჯიბით"
"PRODUCT"	"8995454091461"	"meta_description"	"ka"	""	""	"Push-up შორტი უკანა ჯიბეებით, იდეალურად კრავს ტანს და გამოკვეთს უკანალს."	"Push-up შორტი უკანა ჯიბეებით, იდეალურად კრავს ტანს და გამოკვეთს უკანალს."
"PRODUCT"	"8995454124229"	"title"	"ka"	""	""	"Push-up Shorts Black Pocket"	"აჭიმვადი შორტები, შავი, ჯიბით"
"PRODUCT"	"8995454124229"	"body_html"	"ka"	""	""	"Seamless Push-up shorts
• Shorts
• Invisible scrunch bum
•Booty contouring and enhancing

Material and Care:
• 90% Nylon, 10% Spandex
• Incredibly soft and seamless, you’ll never want to take it off
• Handle with care when wearing and washing this delicate style"	"ნაკერების გარეშე „ფუშ-აფ“ შორტები
• შორტები
• უხილავი „სქრანჩ ბამი“
• დუნდულების კონტურირება და გადიდება

მასალა და მოვლა:
• 90% ნეილონი, 10% სპანდექსი
• წარმოუდგენლად რბილი და ნაკერების გარეშე, მისი გაძრობა არასდროს მოგინდებათ
• დელიკატური სტილის ტარებისას და რეცხვისას მოუარეთ სიფრთხილით"
"PRODUCT"	"8995454124229"	"meta_title"	"ka"	""	""	"Push-up Shorts Black Pocket"	"პუშ-აპ შორტი შავი ჯიბით"
"PRODUCT"	"8995454124229"	"meta_description"	"ka"	""	""	"ნაცრისფერი სავარჯიშო Push-up შორტი უკანა ჯიბეებით, იდეალურად კრავს ტანს და გამოკვეთს უკანალს."	"Grey workout push-up shorts with back pockets, perfectly hug the body and highlight the glutes."
"PRODUCT"	"8995454156997"	"title"	"ka"	""	""	"Classic Leggings Brown Magnet"	"კლასიკური ლეგინსები, ყავისფერი მაგნიტი"
"PRODUCT"	"8995454156997"	"body_html"	"ka"	""	""	"სავარჯიშო მაღალწელიანი ელასტიკი, იდეალურად კრავს ტანს და გამოკვეთს უკანალს.

მასალა: Spandex / Polyester"	"High-waisted elastic workout leggings that perfectly hug the body and accentuate the buttocks.

Material: Spandex / Polyester"
"PRODUCT"	"8995454156997"	"meta_title"	"ka"	""	""	"Classic Leggings Brown Magnet"	"კლასიკური ლეგინსი, ყავისფერი მაგნიტი"
"PRODUCT"	"8995454156997"	"meta_description"	"ka"	""	""	"შავი სავარჯიშო მაღალწელიანი ელასტიკი, იდეალურად კრავს ტანს და გამოკვეთს უკანალს.მასალა: Spandex / Polyester"	"High-waisted black workout leggings, perfectly flatters the figure and accentuates the glutes.
Material: Spandex / Polyester"
"PRODUCT"	"8995454189765"	"title"	"ka"	""	""	"Push-up Shorts Dark Grey Bomby"	"აჟუჟუნებული შორტები, მუქი ნაცრისფერი, ბომბი"
"PRODUCT"	"8995454189765"	"body_html"	"ka"	""	""	"Seamless Push-up Shorts
• Invisible scrunch bum
•Booty contouring and enhancing

<strong>Material and Care:</strong>
• 90% Nylon, 10% Spandex
• Incredibly soft and seamless, you’ll never want to take it off
• Handle with care when wearing and washing this delicate style"	"უკერო ქამრიანი შორტები
• უხილავი რუშიანი უკანალი
• უკანალის კონტურის გამოკვეთა და გაუმჯობესება

<strong>მასალა და მოვლა:</strong>
• 90% ნეილონი, 10% სპანდექსი
• წარმოუდგენლად რბილი და უნაკერო, არასდროს მოგინდებათ მისი გახდა
• ფრთხილად მოექეცით ამ ნაზ სტილს ტარებისა და რეცხვის დროს"
"PRODUCT"	"8995454189765"	"meta_title"	"ka"	""	""	"Push-up Shorts Dark Grey Bomby"	"Push-up შორტები მუქი ნაცრისფერი Bomby"
"PRODUCT"	"8995454189765"	"meta_description"	"ka"	""	""	"მოკლე ფუშაფ შორტი, .მასალა:  Polyester / Spandex"	"Short push-up shorts. Material: Polyester / Spandex"
"PRODUCT"	"8995454222533"	"title"	"ka"	""	""	"Classic Leggings Dark Grey Slide"	"კლასიკური ლეგინსი, მუქი ნაცრისფერი სლაიდი"
"PRODUCT"	"8995454222533"	"body_html"	"ka"	""	""	"მაღალწელიანი უნაკერო ელასტიკი, იდეალურად კრავს ტანს და გამოკვეთს ფორმებს. მასალა: Nylon/Spandex"	"High-waisted seamless elastic, perfectly hugs the body and accentuates forms. Material: Nylon/Spandex"
"PRODUCT"	"8995454222533"	"meta_title"	"ka"	""	""	"Classic Leggings Dark Grey Slide"	"კლასიკური ლეგინსები მუქი ნაცრისფერი სლაიდი"
"PRODUCT"	"8995454222533"	"meta_description"	"ka"	""	""	"მაღალწელიანი უნაკერო ელასტიკი, იდეალურად კრავს ტანს და გამოკვეთს ფორმებს. მასალა: Nylon/Spandex"	"High-waisted seamless elastic, perfectly hugs the body and accentuates forms. Material: Nylon/Spandex"
"PRODUCT"	"8995454255301"	"title"	"ka"	""	""	"Shorts Navy Classic"	"შორტები, საზღვაო კლასიკური"
"PRODUCT"	"8995454255301"	"body_html"	"ka"	""	""	"მაღალწელიანი შორტი, იდეალურად კრავს ტანს
მასალა: Spandex / Polyester"	"High-waisted shorts, perfectly fitting the body
Material: Spandex / Polyester"
"PRODUCT"	"8995454255301"	"meta_title"	"ka"	""	""	"Shorts Navy Classic"	"შორტი მუქი ლურჯი კლასიკური"
"PRODUCT"	"8995454255301"	"meta_description"	"ka"	""	""	"მოკლე სავარჯიშო მაღალწელიანი ელასტიკი, იდეალურად კრავს ტანს და გამoკვეთს უკანალს.მასალა: Spandex / Polyester"	"Short, high-waisted elastic shorts, perfectly hugging the body and accentuating the buttocks. Material: Spandex / Polyester"
"PRODUCT"	"8995454320837"	"title"	"ka"	""	""	"Shorts Grey Classic"	"შორტები ნაცრისფერი კლასიკური"
"PRODUCT"	"8995454320837"	"body_html"	"ka"	""	""	"მაღალწელიანი შორტი, იდეალურად კრავს ტანს
მასალა: Spandex / Polyester"	"High-waisted shorts, perfectly fitting the body
Material: Spandex / Polyester"
"PRODUCT"	"8995454320837"	"meta_title"	"ka"	""	""	"Shorts Grey Classic"	"შორტები, ნაცრისფერი, კლასიკური"
"PRODUCT"	"8995454320837"	"meta_description"	"ka"	""	""	"შავი მოკლე სავარჯიშო მაღალწელიანი ელასტიკი, იდეალურად კრავს ტანს და გამoკვეთს უკანალს.მასალა: Spandex / Polyester"	"შავი, მოკლე, სავარჯიშო, მაღალწელიანი ელასტიკი, იდეალურად ეკვრის სხეულს და გამოკვეთს უკანალს. მასალა: Spandex / Polyester"
"PRODUCT"	"8995454353605"	"title"	"ka"	""	""	"Shorts Dark Green Classic"	"შორტები მუქი მწვანე კლასიკური"
"PRODUCT"	"8995454353605"	"body_html"	"ka"	""	""	"მაღალწელიანი შორტი, იდეალურად კრავს ტანს
მასალა: Spandex / Polyester"	"High-waisted shorts, perfectly fitting the body
Material: Spandex / Polyester"
"PRODUCT"	"8995454353605"	"meta_title"	"ka"	""	""	"Shorts Dark Green Classic"	"შორტები მუქი მწვანე კლასიკური"
"PRODUCT"	"8995454353605"	"meta_description"	"ka"	""	""	"შავი მოკლე სავარჯიშო მაღალწელიანი ელასტიკი, იდეალურად კრავს ტანს და გამoკვეთს უკანალს.მასალა: Spandex / Polyester"	"შავი, მოკლე, სავარჯიშო, მაღალწელიანი ელასტიკი, იდეალურად ეკვრის სხეულს და გამოკვეთს უკანალს. მასალა: Spandex / Polyester"
"PRODUCT"	"8995454386373"	"title"	"ka"	""	""	"Classic Leggings Navy Magnet"	"კლასიკური ლეგინსები მუქი ლურჯი მაგნიტი"
"PRODUCT"	"8995454386373"	"body_html"	"ka"	""	""	"სავარჯიშო მაღალწელიანი ელასტიკი, იდეალურად კრავს ტანს და გამოკვეთს უკანალს.

მასალა: Spandex / Polyester"	"High-waisted elastic workout leggings that perfectly hug the body and accentuate the buttocks.

Material: Spandex / Polyester"
"PRODUCT"	"8995454386373"	"meta_title"	"ka"	""	""	"Classic Leggings Navy Magnet"	"კლასიკური ლეგინსები, მუქი ლურჯი მაგნიტი"
"PRODUCT"	"8995454386373"	"meta_description"	"ka"	""	""	"შავი სავარჯიშო მაღალწელიანი ელასტიკი, იდეალურად კრავს ტანს და გამოკვეთს უკანალს.მასალა: Spandex / Polyester"	"High-waisted black workout leggings, perfectly flatters the figure and accentuates the glutes.
Material: Spandex / Polyester"
"PRODUCT"	"8995454484677"	"title"	"ka"	""	""	"Push-up Leggings Royal Blue V"	"აჭიმვადი ლეგინსები, სამეფო ლურჯი, V-ჭრილი"
"PRODUCT"	"8995454484677"	"body_html"	"ka"	""	""	"Seamless Push-up leggings
• low V-shape at the back
• Contoured back waistband to enhance and flatter curves
• Scrunch detailing at the back for a sculpted look
• Seamless front for a smooth, clean appearance
• Full-length
Material and Care:
• 95% Nylon, 5% Spandex
• Incredibly soft and seamless, you’ll never want to take it off
• Handle with care when wearing and washing this delicate style"	"უკერო პუშ-აპი ლეგინსები
• დაბალი V-ფორმის დიზაინი ზურგზე
• კონტურული ქამარი ზურგზე, ფორმების გასაუმჯობესებლად და ხაზგასასმელად
• ნაკეცები ზურგზე, გამოძერწილი ფორმის შესაქმნელად
• უკერო წინა ნაწილი, გლუვი და სუფთა იერსახისთვის
• სრული სიგრძე
მასალა და მოვლა:
• 95% ნეილონი, 5% სპანდექსი
• წარმოუდგენლად რბილი და უკერო, არასოდეს მოგინდებათ მისი გახდა
• მოეპყარით სიფრთხილით ამ დელიკატური სტილის ტარებისა და რეცხვისას"
"PRODUCT"	"8995454484677"	"meta_title"	"ka"	""	""	"Push-up Leggings Royal Blue V"	"აჭიმვადი ლეგინსები, სამეფო ლურჯი V"
"PRODUCT"	"8995454484677"	"meta_description"	"ka"	""	""	"ვარდისფერი Push-up ელასტიკი, იდეალურად კრავს ტანს და გამოკვეთს უკანალს. მასალა: Spandex / Polyester"	"Pink push-up leggings, perfect for shaping your body and accentuating your butt. Material: Spandex / Polyester"
"PRODUCT"	"8995454517445"	"title"	"ka"	""	""	"Push-up Leggings Black V v2"	"აჭიმვადი შარვალი, შავი V v2"
"PRODUCT"	"8995454517445"	"body_html"	"ka"	""	""	"Seamless Push-up leggings
• low V-shape at the back
• Contoured back waistband to enhance and flatter curves
• Scrunch detailing at the back for a sculpted look
• Seamless front for a smooth, clean appearance
• Full-length
Material and Care:
• 95% Nylon, 5% Spandex
• Incredibly soft and seamless, you’ll never want to take it off
• Handle with care when wearing and washing this delicate style"	"უკერო პუშ-აპი ლეგინსები
• დაბალი V-ფორმის დიზაინი ზურგზე
• კონტურული ქამარი ზურგზე, ფორმების გასაუმჯობესებლად და ხაზგასასმელად
• ნაკეცები ზურგზე, გამოძერწილი ფორმის შესაქმნელად
• უკერო წინა ნაწილი, გლუვი და სუფთა იერსახისთვის
• სრული სიგრძე
მასალა და მოვლა:
• 95% ნეილონი, 5% სპანდექსი
• წარმოუდგენლად რბილი და უკერო, არასოდეს მოგინდებათ მისი გახდა
• მოეპყარით სიფრთხილით ამ დელიკატური სტილის ტარებისა და რეცხვისას"
"PRODUCT"	"8995454517445"	"meta_title"	"ka"	""	""	"Push-up Leggings Black V v2"	"„პუშ-აპ“ ლეგინსები, შავი, V v2"
"PRODUCT"	"8995454517445"	"meta_description"	"ka"	""	""	"Push-up ელასტიკი, იდეალურად კრავს ტანს და გამოკვეთს უკანალს. მასალა: Spandex / Polyester"	"Push-up ელასტიკი, იდეალურად კრავს ტანს და გამოკვეთს უკანალს. მასალა: Spandex / Polyester"
"PRODUCT"	"8995454550213"	"title"	"ka"	""	""	"Push-up Leggings Brown V"	"აჭიმვადი ლეგინსები, ყავისფერი V"
"PRODUCT"	"8995454550213"	"body_html"	"ka"	""	""	"<p style=""text-align: center;"">Seamless Push-up leggings
• low V-shape at the back
• Contoured back waistband to enhance and flatter curves
• Scrunch detailing at the back for a sculpted look
• Seamless front for a smooth, clean appearance
• Full-length
Material and Care:
• 95% Nylon, 5% Spandex
• Incredibly soft and seamless, you’ll never want to take it off
• Handle with care when wearing and washing this delicate style</p>"	"<p style=""text-align: center;"">შეუცვლელი Push-up გამაშები
• დაბალი V-ფორმის ზურგი
• კონტურული უკანა წელი ფიგურის გამოსაკვეთად და გასაუმჯობესებლად
• ნაკეცები უკანა მხარეს გამოძერწილი შესახედაობისთვის
• უკერო წინა ნაწილი გლუვი, სუფთა იერსახისთვის
• სრული სიგრძე
მასალა და მოვლა:
• 95% ნეილონი, 5% სპანდექსი
• წარმოუდგენლად რბილი და უკერო, არასოდეს მოგინდებათ მისი გახდა
• ფრთხილად მოეპყარით ამ ნაზ სტილს ტარების და გარეცხვის დროს</p>"
"PRODUCT"	"8995454550213"	"meta_title"	"ka"	""	""	"Push-up Leggings Brown V"	"აჭიმვადი ლეგინსები, ყავისფერი V"
"PRODUCT"	"8995454550213"	"meta_description"	"ka"	""	""	"Push-up ელასტიკი, იდეალურად კრავს ტანს და გამოკვეთს უკანალს. მასალა: Spandex / Polyester"	"Push-up ელასტიკი, იდეალურად კრავს ტანს და გამოკვეთს უკანალს. მასალა: სპანდექსი / პოლიესტერი"
"PRODUCT"	"8995454582981"	"title"	"ka"	""	""	"Push-up Shorts Pink Boom"	"მოკლე შორტები „ფუშ-აფ“ ეფექტით, ვარდისფერი Boom"
"PRODUCT"	"8995454582981"	"body_html"	"ka"	""	""	"სავარჯიშო მაღალწელიანი Push-up შორტი, იდეალურად კრავს ტანს და გამოკვეთს უკანალს
მასალა: Spandex / Polyester"	"High-waisted Push-up workout shorts, perfectly shapes the body and enhances the buttocks
Material: Spandex / Polyester"
"PRODUCT"	"8995454582981"	"meta_title"	"ka"	""	""	"Push-up Shorts Pink Boom"	"აქვსტიანკები (შორტი) ვარდისფერი ბუმი"
"PRODUCT"	"8995454582981"	"meta_description"	"ka"	""	""	"სავარჯიშო მაღალწელიანი Push-up შორტი, იდეალურად კრავს ტანს და გამოკვეთს უკანალს.მასალა: Spandex / Polyester"	"High-waist Push-up shorts for workout, perfectly snugs the body and accentuates the butt. Material: Spandex / Polyester"
"PRODUCT"	"8995454648517"	"title"	"ka"	""	""	"Push-up Shorts Baby Pink Record"	"აჭიმვადი შორტები, ღია ვარდისფერი, Record"
"PRODUCT"	"8995454648517"	"body_html"	"ka"	""	""	"სავარჯიშო მაღალწელიანი Push-up შორტი, იდეალურად კრავს ტანს და გამოკვეთს უკანალს
მასალა: Spandex / Polyester"	"High-waisted Push-up workout shorts, perfectly shapes the body and enhances the buttocks
Material: Spandex / Polyester"
"PRODUCT"	"8995454648517"	"meta_title"	"ka"	""	""	"Push-up Shorts Baby Pink Record"	"Push-up შორტები ბავშვის ვარდისფერი რეკორდი"
"PRODUCT"	"8995454648517"	"meta_description"	"ka"	""	""	"სავარჯიშო მაღალწელიანი Push-up შორტი, იდეალურად კრავს ტანს და გამოკვეთს უკანალს.მასალა: Spandex / Polyester"	"High-waist Push-up shorts for workout, perfectly snugs the body and accentuates the butt. Material: Spandex / Polyester"
"PRODUCT"	"8995454681285"	"title"	"ka"	""	""	"Push-up Shorts Aqua Record"	"ბიძგის ეფექტის შორტები „აკვა რეკორდი“"
"PRODUCT"	"8995454681285"	"body_html"	"ka"	""	""	"სავარჯიშო მაღალწელიანი Push-up შორტი, იდეალურად კრავს ტანს და გამოკვეთს უკანალს
მასალა: Spandex / Polyester"	"High-waisted Push-up workout shorts, perfectly shapes the body and enhances the buttocks
Material: Spandex / Polyester"
"PRODUCT"	"8995454681285"	"meta_title"	"ka"	""	""	"Push-up Shorts Aqua Record"	"აჭიმვადი შორტი „აკვა რეკორდი“"
"PRODUCT"	"8995454681285"	"meta_description"	"ka"	""	""	"სავარჯიშო მაღალწელიანი Push-up შორტი, იდეალურად კრავს ტანს და გამოკვეთს უკანალს.მასალა: Spandex / Polyester"	"High-waist Push-up shorts for workout, perfectly snugs the body and accentuates the butt. Material: Spandex / Polyester"
"PRODUCT"	"8995454714053"	"title"	"ka"	""	""	"Push-up Crossover Leggings Bomby Dark Grey"	"აჭიმვადი, გადაჯვარედინებული გამაშები „ბომბი“, მუქი ნაცრისფერი"
"PRODUCT"	"8995454714053"	"body_html"	"ka"	""	""	"Push-up ელასტიკი, იდეალურად კრავს ტანს და კვეთს ფორმებს.

მასალა: Nylon/Polyester"	"Push-up ელასტიკი იდეალურად ერგება სხეულს და გამოკვეთს ფორმებს.

მასალა: ნეილონი/პოლიესტერი"
"PRODUCT"	"8995454714053"	"meta_title"	"ka"	""	""	"Push-up Crossover Leggings Bomby Dark Grey"	"ბიძგის ეფექტის მქონე კროსოვერ ლეგინსი, მუქი ნაცრისფერი (Bomby)"
"PRODUCT"	"8995454714053"	"meta_description"	"ka"	""	""	"Push-up ელასტიკი წინ ამოჭრილი წელით, იდეალურად კრავს ტანს და კვეთს ფორმებს.მასალა: Nylon/Polyeste"	"Push-up ელასტიკი წინ ამოჭრილი წელით, იდეალურად კრავს ტანს და კვეთს ფორმებს.მასალა: Nylon/Polyester"
"PRODUCT"	"8995454746821"	"title"	"ka"	""	""	"Push-up Shorts Black Storm V"	"აჭიმვადი შორტი „შავი ქარიშხალი“ V"
"PRODUCT"	"8995454746821"	"body_html"	"ka"	""	""	"სავარჯიშო Push-up შორტი ამოჭრილი წელით, იდეალურად კრავს ტანს და გამოკვეთს უკანალს.

მასალა: Spandex / Polyester"	"Push-up-ის მოკლე შორტი მაღალი წელით, იდეალურად ერგება სხეულს და გამოკვეთს უკანალს.

მასალა: სპანდექსი / პოლიესტერი"
"PRODUCT"	"8995454746821"	"meta_title"	"ka"	""	""	"Push-up Shorts Black Storm V"	"Push-up შორტი Black Storm V"
"PRODUCT"	"8995454746821"	"meta_description"	"ka"	""	""	"სავარჯიშო Push-up შორტი, იდეალურად კრავს ტანს და გამოკვეთს უკანალს.მასალა: Spandex / Polyester"	"Push-up შორტი ვარჯიშისთვის, იდეალურად კრავს ტანს და აკორექტირებს დუნდულებს. მასალა: სპანდექსი/პოლიესტერი."
"PRODUCT"	"8995454812357"	"title"	"ka"	""	""	"Classic Leggings Dark Grey Moon"	"კლასიკური ლეგინსები მუქი ნაცრისფერი მთვარე"
"PRODUCT"	"8995454812357"	"body_html"	"ka"	""	""	"მაღალწელიანი უნაკერო ელასტიკი, იდეალურად კრავს ტანს და გამოკვეთს ფორმებს. მასალა: Nylon/Spandex"	"High-waisted seamless elastic, perfectly hugs the body and accentuates forms. Material: Nylon/Spandex"
"PRODUCT"	"8995454812357"	"meta_title"	"ka"	""	""	"Classic Leggings Dark Grey Moon"	"კლასიკური ლეგინსები მუქი ნაცრისფერი მთვარე"
"PRODUCT"	"8995454812357"	"meta_description"	"ka"	""	""	"მაღალწელიანი უნაკერო ელასტიკი, იდეალურად კრავს ტანს და გამოკვეთს ფორმებს. მასალა: Nylon/Spandex"	"High-waisted seamless elastic, perfectly hugs the body and accentuates forms. Material: Nylon/Spandex"
"PRODUCT"	"8995454845125"	"title"	"ka"	""	""	"Push-up Shorts Royal Blue Bomby"	"აჭიმვადი შორტები, სამეფო ლურჯი, Bomby"
"PRODUCT"	"8995454845125"	"body_html"	"ka"	""	""	"Seamless Push-up Shorts
• Invisible scrunch bum
•Booty contouring and enhancing

<strong>Material and Care:</strong>
• 90% Nylon, 10% Spandex
• Incredibly soft and seamless, you’ll never want to take it off
• Handle with care when wearing and washing this delicate style"	"უკერო ქამრიანი შორტები
• უხილავი რუშიანი უკანალი
• უკანალის კონტურის გამოკვეთა და გაუმჯობესება

<strong>მასალა და მოვლა:</strong>
• 90% ნეილონი, 10% სპანდექსი
• წარმოუდგენლად რბილი და უნაკერო, არასდროს მოგინდებათ მისი გახდა
• ფრთხილად მოექეცით ამ ნაზ სტილს ტარებისა და რეცხვის დროს"
"PRODUCT"	"8995454845125"	"meta_title"	"ka"	""	""	"Push-up Shorts Royal Blue Bomby"	"Push-up შორტები სამეფო ლურჯი Bomby"
"PRODUCT"	"8995454845125"	"meta_description"	"ka"	""	""	"სავარჯიშო მაღალწელიანი Push-up შორტი, იდეალურად კრავს ტანს და გამოკვეთს უკანალს.მასალა: Spandex / Polyester"	"High-waist Push-up shorts for workout, perfectly snugs the body and accentuates the butt. Material: Spandex / Polyester"
"PRODUCT"	"8995454910661"	"title"	"ka"	""	""	"Push-up Crossover Leggings Bomby Brown V"	"ქროსოვერ-ლეგინსები აწეული საჯდომით, ყავისფერი Bomby V"
"PRODUCT"	"8995454910661"	"body_html"	"ka"	""	""	"ყავისფერი Push-up ელასტიკი, იდეალურად კრავს ტანს და კვეთს ფორმებს.

მასალა: Nylon/Polyester"	"Brown Push-up elastic, perfectly shapes the body and accentuates forms.

Material: Nylon/Polyester"
"PRODUCT"	"8995454910661"	"meta_title"	"ka"	""	""	"Push-up Crossover Leggings Bomby Brown V"	"Push-up კროსოვერი ლეგინსები Bomby Brown V"
"PRODUCT"	"8995454910661"	"meta_description"	"ka"	""	""	"Push-up ელასტიკი წინ ამოჭრილი წელით, იდეალურად კრავს ტანს და კვეთს ფორმებს.მასალა: Nylon/Polyeste"	"Push-up ელასტიკი წინ ამოჭრილი წელით, იდეალურად კრავს ტანს და კვეთს ფორმებს.მასალა: Nylon/Polyester"
"PRODUCT"	"8995454976197"	"title"	"ka"	""	""	"Push-up Shorts Bomby Dark Grey"	"""პუშ-აპ"" შორტები Bomby მუქი ნაცრისფერი"
"PRODUCT"	"8995454976197"	"body_html"	"ka"	""	""	"Seamless Push-up Shorts
• Invisible scrunch bum
•Booty contouring and enhancing

<strong>Material and Care:</strong>
• 90% Nylon, 10% Spandex
• Incredibly soft and seamless, you’ll never want to take it off
• Handle with care when wearing and washing this delicate style"	"უკერო ქამრიანი შორტები
• უხილავი რუშიანი უკანალი
• უკანალის კონტურის გამოკვეთა და გაუმჯობესება

<strong>მასალა და მოვლა:</strong>
• 90% ნეილონი, 10% სპანდექსი
• წარმოუდგენლად რბილი და უნაკერო, არასდროს მოგინდებათ მისი გახდა
• ფრთხილად მოექეცით ამ ნაზ სტილს ტარებისა და რეცხვის დროს"
"PRODUCT"	"8995454976197"	"meta_title"	"ka"	""	""	"Push-up Shorts Bomby Dark Grey"	"""პუშ-აპ"" შორტები Bomby მუქი ნაცრისფერი"
"PRODUCT"	"8995454976197"	"meta_description"	"ka"	""	""	"სავარჯიშო მაღალწელიანი Push-up შორტი, იდეალურად კრავს ტანს და გამოკვეთს უკანალს.მასალა: Spandex / Polyester"	"High-waist Push-up shorts for workout, perfectly snugs the body and accentuates the butt. Material: Spandex / Polyester"
"PRODUCT"	"8995455008965"	"title"	"ka"	""	""	"Push-up Leggings Brown Record"	"აჭიმვადი ლეგინსები, ყავისფერი, რეკორდი"
"PRODUCT"	"8995455008965"	"body_html"	"ka"	""	""	"Seamless Push-up leggings
• Full-length leggings
• Invisible scrunch bum
•Booty contouring and enhancing

<strong>Material and Care:</strong>
• 90% Nylon, 10% Spandex
• Incredibly soft and seamless, you’ll never want to take it off
• Handle with care when wearing and washing this delicate style"	"უაკერო გამწევი ლეგინსები
• სრული სიგრძის გამაშები
• უხილავი დაჭიმული დუნდულები
• დუნდულების კონტურირება და გაუმჯობესება

<strong>მასალა და მოვლა:</strong>
• 90% ნეილონი, 10% სპანდექსი
• საოცრად რბილი და უნაკერო, არასოდეს მოგინდებათ მისი გახდა
• მოეპყარით სიფრთხილით ამ დელიკატური სტილის ტარებისას და რეცხვისას"
"PRODUCT"	"8995455008965"	"meta_title"	"ka"	""	""	"Push-up Leggings Brown Record"	"აჭიმვადი ლეგინსები, ყავისფერი, რეკორდი"
"PRODUCT"	"8995455008965"	"meta_description"	"ka"	""	""	"სავარჯიშო მაღალწელიანი Push-up ელასტიკი, იდეალურად კრავს ტანს და გამოკვეთს უკანალს.მასალა: Spandex / Polyester"	"High-waist Push-up elastic leggings, ideal for a tight fit and buttock-lifting effect. Material: Spandex / Polyester"
"PRODUCT"	"8995455074501"	"title"	"ka"	""	""	"Push-up Leggings White Hypnosis"	"აჭიმვადი ლეგინსები, თეთრი ჰიპნოზი"
"PRODUCT"	"8995455074501"	"body_html"	"ka"	""	""	"Seamless Push-up leggings
• Full-length leggings
• Invisible scrunch bum
•Booty contouring and enhancing
•Mesh cutouts at bottom

Material and Care:
• 90% Nylon, 10% Spandex
• Incredibly soft and seamless, you’ll never want to take it off
• Handle with care when wearing and washing this delicate style"	"უტი ნაკერო პუშ-აპი ლეგინსები
• სრულმეტრაჟიანი ლეგინსები
• უხილავი დაჭიმვადი უკანალი
• უკანალის კონტურის გაუმჯობესება და გამოკვეთა
• ბადისებრი ამოჭრილები ქვედა ნაწილში

მასალა და მოვლა:
• 90% ნეილონი, 10% სპანდექსი
• წარმოუდგენლად რბილი და უნაკერო, არასდროს მოგინდებათ მისი გახდა
• ფრთხილად მოექეცით ამ ნაზ სტილს ტარებისას და რეცხვისას"
"PRODUCT"	"8995455074501"	"meta_title"	"ka"	""	""	"Push-up Leggings White Hypnosis"	"აჭიმვადი ლეგინსები თეთრი ჰიპნოზი"
"PRODUCT"	"8995455074501"	"meta_description"	"ka"	""	""	"სავარჯიშო მაღალწელიანი Push-up ელასტიკი, იდეალურად კრავს ტანს და გამოკვეთს უკანალს.მასალა:: Spandex / Polyester"	"High-waisted push-up elastic exercise leggings, perfectly define the body and highlight the glutes. Material: Spandex / Polyester"
"PRODUCT"	"8995455107269"	"title"	"ka"	""	""	"Sports Bra  Black Noise"	"სპორტული ბიუსტჰალტერი შავი ხმაური"
"PRODUCT"	"8995455107269"	"body_html"	"ka"	""	""	"ელასტიური სავარჯიშო ტოპი, აქვს გუფკა.
მასალა: Spandex / Polyester"	"Elastic workout top with sponge.
Material: Spandex / Polyester"
"PRODUCT"	"8995455107269"	"meta_title"	"ka"	""	""	"Sports Bra  Black Noise"	"სპორტული ბრალეტის ტიპის ლიფი Black Noise-ის ფერში"
"PRODUCT"	"8995455107269"	"meta_description"	"ka"	""	""	"ელასტიური სავარჯიშო ტოპი, აქვს გუფკა.მასალა: Spandex / Polyester"	"Elastic workout top, has sponge. Fabric: Spandex / Polyester"
"PRODUCT"	"8995455140037"	"title"	"ka"	""	""	"Push-up Shorts Bomby Light Grey"	"Push-up შორტები Bomby ღია ნაცრისფერი"
"PRODUCT"	"8995455140037"	"body_html"	"ka"	""	""	"Seamless Push-up Shorts
• Invisible scrunch bum
•Booty contouring and enhancing

<strong>Material and Care:</strong>
• 90% Nylon, 10% Spandex
• Incredibly soft and seamless, you’ll never want to take it off
• Handle with care when wearing and washing this delicate style"	"უკერო ქამრიანი შორტები
• უხილავი რუშიანი უკანალი
• უკანალის კონტურის გამოკვეთა და გაუმჯობესება

<strong>მასალა და მოვლა:</strong>
• 90% ნეილონი, 10% სპანდექსი
• წარმოუდგენლად რბილი და უნაკერო, არასდროს მოგინდებათ მისი გახდა
• ფრთხილად მოექეცით ამ ნაზ სტილს ტარებისა და რეცხვის დროს"
"PRODUCT"	"8995455140037"	"meta_title"	"ka"	""	""	"Push-up Shorts Bomby Light Grey"	"„პუშ-აპ“ შორტი „ბომბი“ ღია რუხი"
"PRODUCT"	"8995455140037"	"meta_description"	"ka"	""	""	"სავარჯიშო მაღალწელიანი Push-up შორტი, იდეალურად კრავს ტანს და გამოკვეთს უკანალს.მასალა: Spandex / Polyester"	"High-waist Push-up shorts for workout, perfectly snugs the body and accentuates the butt. Material: Spandex / Polyester"
"PRODUCT"	"8995455172805"	"title"	"ka"	""	""	"Classic Leggings Black Moon"	"კლასიკური ლეგინსი შავი მთვარე"
"PRODUCT"	"8995455172805"	"body_html"	"ka"	""	""	"მაღალწელიანი უნაკერო ელასტიკი, იდეალურად კრავს ტანს და გამოკვეთს ფორმებს. მასალა: Nylon/Spandex"	"High-waisted seamless elastic, perfectly hugs the body and accentuates forms. Material: Nylon/Spandex"
"PRODUCT"	"8995455172805"	"meta_title"	"ka"	""	""	"Classic Leggings Black Moon"	"კლასიკური ლეგინსები შავი მთვარე"
"PRODUCT"	"8995455172805"	"meta_description"	"ka"	""	""	"მაღალწელიანი უნაკერო ელასტიკი, იდეალურად კრავს ტანს და გამოკვეთს ფორმებს. მასალა: Nylon/Spandex"	"High-waisted seamless elastic, perfectly hugs the body and accentuates forms. Material: Nylon/Spandex"
"PRODUCT"	"8995455205573"	"title"	"ka"	""	""	"Push-up Shorts Brown Storm V"	"აჭიმვის ეფექტის მქონე შორტები, ყავისფერი Storm V"
"PRODUCT"	"8995455205573"	"body_html"	"ka"	""	""	"სავარჯიშო Push-up შორტი ამოჭრილი წელით, იდეალურად კრავს ტანს და გამოკვეთს უკანალს.

მასალა: Spandex / Polyester"	"Push-up-ის მოკლე შორტი მაღალი წელით, იდეალურად ერგება სხეულს და გამოკვეთს უკანალს.

მასალა: სპანდექსი / პოლიესტერი"
"PRODUCT"	"8995455205573"	"meta_title"	"ka"	""	""	"Push-up Shorts Brown Storm V"	"Push-up შორტი ყავისფერი Storm V"
"PRODUCT"	"8995455205573"	"meta_description"	"ka"	""	""	"სავარჯიშო Push-up შორტი, იდეალურად კრავს ტანს და გამოკვეთს უკანალს.მასალა: Spandex / Polyester"	"Push-up შორტი ვარჯიშისთვის, იდეალურად კრავს ტანს და აკორექტირებს დუნდულებს. მასალა: სპანდექსი/პოლიესტერი."
"PRODUCT"	"8995455238341"	"title"	"ka"	""	""	"Classic Leggings Red Mood V"	"კლასიკური ლეგინსები, წითელი განწყობა V"
"PRODUCT"	"8995455238341"	"body_html"	"ka"	""	""	"სავარჯიშო მაღალწელიანი ელასტიკი, იდეალურად კრავს ტანს და გამოკვეთს უკანალს.

მასალა: Spandex / Polyester"	"High-waisted elastic workout leggings that perfectly hug the body and accentuate the buttocks.

Material: Spandex / Polyester"
"PRODUCT"	"8995455238341"	"meta_title"	"ka"	""	""	"Classic Leggings Red Mood V"	"კლასიკური ლეგინსები, წითელი განწყობა V"
"PRODUCT"	"8995455238341"	"meta_description"	"ka"	""	""	"სავარჯიშო მაღალწელიანი ელასტიკი, იდეალურად კრავს ტანს და გამოკვეთს უკანალს.მასალა: Spandex / Polyester"	"High-waisted elastic workout leggings, perfect for body sculpting and butt lifting. Fabric: Spandex / Polyester"
"PRODUCT"	"8995455271109"	"title"	"ka"	""	""	"Classic Leggings Navy Mood V"	"კლასიკური ლეგინსები მუქი ლურჯი M/L"
"PRODUCT"	"8995455271109"	"body_html"	"ka"	""	""	"სავარჯიშო მაღალწელიანი ელასტიკი, იდეალურად კრავს ტანს და გამოკვეთს უკანალს.

მასალა: Spandex / Polyester"	"High-waisted elastic workout leggings that perfectly hug the body and accentuate the buttocks.

Material: Spandex / Polyester"
"PRODUCT"	"8995455271109"	"meta_title"	"ka"	""	""	"Classic Leggings Navy Mood V"	"კლასიკური ლეგინსები, მუქი ლურჯი, განწყობა V"
"PRODUCT"	"8995455271109"	"meta_description"	"ka"	""	""	"სავარჯიშო მაღალწელიანი ელასტიკი, იდეალურად კრავს ტანს და გამოკვეთს უკანალს.მასალა: Spandex / Polyester"	"High-waisted elastic workout leggings, perfect for body sculpting and butt lifting. Fabric: Spandex / Polyester"
"PRODUCT"	"8995455336645"	"title"	"ka"	""	""	"Push-up Shorts Bomby Dark Green V"	"Push-up შორტი Bomby მუქი მწვანე V"
"PRODUCT"	"8995455336645"	"body_html"	"ka"	""	""	"Seamless Push-up Shorts
• Invisible scrunch bum
•Booty contouring and enhancing

<strong>Material and Care:</strong>
• 90% Nylon, 10% Spandex
• Incredibly soft and seamless, you’ll never want to take it off
• Handle with care when wearing and washing this delicate style"	"უკერო ქამრიანი შორტები
• უხილავი რუშიანი უკანალი
• უკანალის კონტურის გამოკვეთა და გაუმჯობესება

<strong>მასალა და მოვლა:</strong>
• 90% ნეილონი, 10% სპანდექსი
• წარმოუდგენლად რბილი და უნაკერო, არასდროს მოგინდებათ მისი გახდა
• ფრთხილად მოექეცით ამ ნაზ სტილს ტარებისა და რეცხვის დროს"
"PRODUCT"	"8995455336645"	"meta_title"	"ka"	""	""	"Push-up Shorts Bomby Dark Green V"	"მოკლე შორტი Push-up Bomby მუქი მწვანე V"
"PRODUCT"	"8995455336645"	"meta_description"	"ka"	""	""	"სავარჯიშო მაღალწელიანი Push-up შორტი, იდეალურად კრავს ტანს და გამოკვეთს უკანალს.მასალა: Spandex / Polyester"	"High-waist Push-up shorts for workout, perfectly snugs the body and accentuates the butt. Material: Spandex / Polyester"
"PRODUCT"	"8995455369413"	"title"	"ka"	""	""	"Push-up Leggings Pink Pocket"	"აჭიმვადი ლეგინსები ვარდისფერი ჯიბით"
"PRODUCT"	"8995455369413"	"body_html"	"ka"	""	""	"სავარჯიშო მაღალწელიანი Push-up ელასტიკი ჯიბით, იდეალურად კრავს ტანს და გამოკვეთს უკანალს.

მასალა: Spandex / Polyester"	"High-waist push-up elastic exercise leggings with pocket, perfectly shapes the body and accentuates the butt.

Material: Spandex / Polyester"
"PRODUCT"	"8995455369413"	"meta_title"	"ka"	""	""	"Push-up Leggings Pink Pocket"	"აჭიმვადი ლეგინსები, ვარდისფერი ჯიბით"
"PRODUCT"	"8995455402181"	"title"	"ka"	""	""	"Push-up Leggings Light Grey Pocket"	"აჭიმვადი ლეგინსები, ღია ნაცრისფერი, ჯიბით"
"PRODUCT"	"8995455402181"	"body_html"	"ka"	""	""	"სავარჯიშო მაღალწელიანი Push-up ელასტიკი ჯიბით, იდეალურად კრავს ტანს და გამოკვეთს უკანალს.

მასალა: Spandex / Polyester"	"High-waist push-up elastic exercise leggings with pocket, perfectly shapes the body and accentuates the butt.

Material: Spandex / Polyester"
"PRODUCT"	"8995455402181"	"meta_title"	"ka"	""	""	"Push-up Leggings Light Grey Pocket"	"აშუშვებადი გამაშები, ღია ნაცრისფერი, ჯიბით"
"PRODUCT"	"8995455434949"	"title"	"ka"	""	""	"Flared Push-up Leggings Black Pocket"	"გაშლილი შავი პუშ-აპი ლეგინსები ჯიბით"
"PRODUCT"	"8995455434949"	"body_html"	"ka"	""	""	"სავარჯიშო მაღალწელიანი Push-up ელასტიკი ჯიბით, იდეალურად კრავს ტანს და გამოკვეთს უკანალს.

მასალა: Spandex / Polyester"	"High-waist push-up elastic exercise leggings with pocket, perfectly shapes the body and accentuates the butt.

Material: Spandex / Polyester"
"PRODUCT"	"8995455434949"	"meta_title"	"ka"	""	""	"Flared Push-up Leggings Black Pocket"	"გაშლილი შავი პუშ-აპი ლეგინსები ჯიბით"
"PRODUCT"	"8995455467717"	"title"	"ka"	""	""	"Flared Set Light Blue Podium"	"გაშლილი ნაკრები, ღია ლურჯი პოდიუმი"
"PRODUCT"	"8995455467717"	"body_html"	"ka"	""	""	"Set with Flared Set for a chic and stylish fit
<strong>Material and care:</strong>
•78% Nylon, 22% Spandex
• For optimal care of this sportswear, follow the care label instructions and use the delicate cycle"	"კომპლექტი გაშლილი ნაკრებით, ელეგანტური სტილისთვის
<strong>მასალა და მოვლა:</strong>
• 78% ნეილონი, 22% სპანდექსი
• სპორტული ტანსაცმლის ოპტიმალური მოვლისთვის, მიჰყევით მოვლის ეტიკეტის ინსტრუქციებს და გამოიყენეთ დელიკატური რეცხვის რეჟიმი"
"PRODUCT"	"8995455467717"	"meta_title"	"ka"	""	""	"Flared Set Light Blue Podium"	"გაშლილი ნაკრები, ღია ლურჯი პოდიუმი"
"PRODUCT"	"8995455467717"	"meta_description"	"ka"	""	""	"შლაქსის კომპლექტი , იდეალურად კრავს ტანს და გამოკვეთს უკანალს.წელვადი, არ ლანდავს.მასალა:: Spandex / Polyester"	"შლაქსის კომპლექტი, იდეალურად კრავს ტანს და გამოკვეთს უკანალს. წელვადი, არ ლანდავს. მასალა: სპანდექსი/პოლიესტერი"
"PRODUCT"	"8995455533253"	"title"	"ka"	""	""	"Classic Leggings Black Flex"	"კლასიკური ლეგინსები შავი Flex"
"PRODUCT"	"8995455533253"	"body_html"	"ka"	""	""	"შავი სავარჯიშო მაღალწელიანი ელასტიკი, იდეალურად კრავს ტანს და გამოკვეთს უკანალს.

მასალა: Spandex / Polyester"	"Black high-waisted workout leggings, perfectly sculpts the body and accentuates the butt.

Material: Spandex / Polyester"
"PRODUCT"	"8995455533253"	"meta_title"	"ka"	""	""	"Classic Leggings Black Flex"	"კლასიკური ლეგინსი შავი ფლექსი"
"PRODUCT"	"8995455533253"	"meta_description"	"ka"	""	""	"შავი სავარჯიშო მაღალწელიანი ელასტიკი, იდეალურად კრავს ტანს და გამოკვეთს უკანალს.მასალა: Spandex / Polyester"	"High-waisted black workout leggings, perfectly flatters the figure and accentuates the glutes.
Material: Spandex / Polyester"
"PRODUCT"	"8995455566021"	"title"	"ka"	""	""	"Tennis Dress Purple Strong"	"ჩოგბურთის კაბა, იასამნისფერი, ძლიერი"
"PRODUCT"	"8995455566021"	"body_html"	"ka"	""	""	"სავარჯიშო კაბა-შორტი, იდეალურად კრავს ტანს და არის კომფორტული ნებისმიერი აქტივობის შესასრულებლად. მასალა: Polyester/Spandex"	"Workout dress-shorts, ideally snugs the body and is comfortable for any activity. Material: Polyester/Spandex"
"PRODUCT"	"8995455566021"	"meta_title"	"ka"	""	""	"Tennis Dress Purple Strong"	"ჩოგბურთის კაბა, იასამნისფერი, ძლიერი"
"PRODUCT"	"8995455566021"	"meta_description"	"ka"	""	""	"სავარჯიშო კაბა-შორტი, იდეალურად კრავს ტანს და არის კომფორტული ნებისმიერი აქტივობის შესასრულებლად. მასალა: Polyester/Spandex"	"Workout dress-shorts, ideally snugs the body and is comfortable for any activity. Material: Polyester/Spandex"
"PRODUCT"	"8995455631557"	"title"	"ka"	""	""	"Tennis Dress Black Strong"	"ჩოგბურთის შავი, მტკიცე კაბა"
"PRODUCT"	"8995455631557"	"body_html"	"ka"	""	""	"სავარჯიშო კაბა-შორტი, იდეალურად კრავს ტანს და არის კომფორტული ნებისმიერი აქტივობის შესასრულებლად. მასალა: Polyester/Spandex"	"Workout dress-shorts, ideally snugs the body and is comfortable for any activity. Material: Polyester/Spandex"
"PRODUCT"	"8995455631557"	"meta_title"	"ka"	""	""	"Tennis Dress Black Strong"	"ჩოგბურთის შავი კაბა Strong"
"PRODUCT"	"8995455631557"	"meta_description"	"ka"	""	""	"სავარჯიშო კაბა-შორტი, იდეალურად კრავს ტანს და არის კომფორტული ნებისმიერი აქტივობის შესასრულებლად. მასალა: Polyester/Spandex"	"Workout dress-shorts, ideally snugs the body and is comfortable for any activity. Material: Polyester/Spandex"
"PRODUCT"	"8995455664325"	"title"	"ka"	""	""	"Tennis Dress Light Grey Solid"	"ჩოგბურთის კაბა - ღია რუხი, სადა"
"PRODUCT"	"8995455664325"	"body_html"	"ka"	""	""	"სავარჯიშო კაბა-შორტი, იდეალურად კრავს ტანს და არის კომფორტული ნებისმიერი აქტივობის შესასრულებლად. მასალა: Polyester/Spandex"	"Workout dress-shorts, ideally snugs the body and is comfortable for any activity. Material: Polyester/Spandex"
"PRODUCT"	"8995455664325"	"meta_title"	"ka"	""	""	"Tennis Dress Light Grey Solid"	"ჩოგბურთის კაბა ღია ნაცრისფერი სადა"
"PRODUCT"	"8995455664325"	"meta_description"	"ka"	""	""	"სავარჯიშო კაბა-შორტი, იდეალურად კრავს ტანს და არის კომფორტული ნებისმიერი აქტივობის შესასრულებლად. მასალა: Polyester/Spandex"	"Workout dress-shorts, ideally snugs the body and is comfortable for any activity. Material: Polyester/Spandex"
"PRODUCT"	"8995455697093"	"title"	"ka"	""	""	"Classic Leggings Navy Flex"	"კლასიკური ლეგინსები, მუქი ლურჯი, Flex"
"PRODUCT"	"8995455697093"	"body_html"	"ka"	""	""	"სავარჯიშო მაღალწელიანი ელასტიკი, იდეალურად კრავს ტანს და გამოკვეთს უკანალს.

მასალა: Spandex / Polyester"	"High-waisted elastic workout leggings that perfectly hug the body and accentuate the buttocks.

Material: Spandex / Polyester"
"PRODUCT"	"8995455697093"	"meta_title"	"ka"	""	""	"Classic Leggings Navy Flex"	"კლასიკური ლეგინსი საზღვაო ლურჯი ფლექსი"
"PRODUCT"	"8995455697093"	"meta_description"	"ka"	""	""	"შავი სავარჯიშო მაღალწელიანი ელასტიკი, იდეალურად კრავს ტანს და გამოკვეთს უკანალს.მასალა: Spandex / Polyester"	"High-waisted black workout leggings, perfectly flatters the figure and accentuates the glutes.
Material: Spandex / Polyester"
"PRODUCT"	"8995455729861"	"title"	"ka"	""	""	"Joggers Black Glory"	"შავი „ჯოგერები“ Glory"
"PRODUCT"	"8995455729861"	"body_html"	"ka"	""	""	"სავარჯიშო შარვალი, გრილი მასალის

მასალა: Nylon/Polyester"	"Sport trousers, cool fabric

Material: Nylon/Polyester"
"PRODUCT"	"8995455729861"	"meta_title"	"ka"	""	""	"Joggers Black Glory"	"ჯოგერები შავი დიდება"
"PRODUCT"	"8995455729861"	"meta_description"	"ka"	""	""	"სავარჯიშო ფართო შარვალი, ჯოგერი, შავი ჯოგერებ"	"Wide leg track pants, Joggers, Black joggers"
"PRODUCT"	"8995455795397"	"title"	"ka"	""	""	"Joggers White Glory"	"სარბენი შარვალი „თეთრი დიდება“"
"PRODUCT"	"8995455795397"	"body_html"	"ka"	""	""	"სავარჯიშო შარვალი, გრილი მასალის

მასალა: Nylon/Polyester"	"Sport trousers, cool fabric

Material: Nylon/Polyester"
"PRODUCT"	"8995455795397"	"meta_title"	"ka"	""	""	"Joggers White Glory"	"ჯოგერები თეთრი დიდება"
"PRODUCT"	"8995455795397"	"meta_description"	"ka"	""	""	"ფერადი და ხალისიანი Push-up ელასტიკი, იდეალურად კრავს ტანს და კვეთს ფორმებს.მასალა: Nylon/Polyester"	"Colorful and cheerful push-up elastic, perfectly hugs the body and sculpts the forms. Material: Nylon/Polyester"
"PRODUCT"	"8995455828165"	"title"	"ka"	""	""	"Joggers Grey Glory"	"შარვალი ნაცრისფერი დიდება"
"PRODUCT"	"8995455828165"	"body_html"	"ka"	""	""	"სავარჯიშო შარვალი, გრილი მასალის

მასალა: Nylon/Polyester"	"Sport trousers, cool fabric

Material: Nylon/Polyester"
"PRODUCT"	"8995455828165"	"meta_title"	"ka"	""	""	"Joggers Grey Glory"	"შარვალი ნაცრისფერი დიდება"
"PRODUCT"	"8995455828165"	"meta_description"	"ka"	""	""	"ფერადი და ხალისიანი Push-up ელასტიკი, იდეალურად კრავს ტანს და კვეთს ფორმებს.მასალა: Nylon/Polyester"	"Colorful and cheerful push-up elastic, perfectly hugs the body and sculpts the forms. Material: Nylon/Polyester"
"PRODUCT"	"8995455860933"	"title"	"ka"	""	""	"Joggers Beige Glory"	"ჯოგერები, კრემისფერი დიდება"
"PRODUCT"	"8995455860933"	"body_html"	"ka"	""	""	"სავარჯიშო შარვალი, გრილი მასალის

მასალა: Nylon/Polyester"	"Sport trousers, cool fabric

Material: Nylon/Polyester"
"PRODUCT"	"8995455860933"	"meta_title"	"ka"	""	""	"Joggers Beige Glory"	"ჯოგერები, კრემისფერი დიდება"
"PRODUCT"	"8995455860933"	"meta_description"	"ka"	""	""	"ფერადი და ხალისიანი Push-up ელასტიკი, იდეალურად კრავს ტანს და კვეთს ფორმებს.მასალა: Nylon/Polyester"	"Colorful and cheerful push-up elastic, perfectly hugs the body and sculpts the forms. Material: Nylon/Polyester"
"PRODUCT"	"8995455893701"	"title"	"ka"	""	""	"Push-up Leggings Galaxy"	"„ფუშ-აპ“ ლეგინსები „გალაქსი“"
"PRODUCT"	"8995455893701"	"body_html"	"ka"	""	""	"Seamless Push-up leggings
• Full-length leggings
• Invisible scrunch bum
•Booty contouring and enhancing
•Mesh cutouts at bottom

Material and Care:
• 90% Nylon, 10% Spandex
• Incredibly soft and seamless, you’ll never want to take it off
• Handle with care when wearing and washing this delicate style"	"უტი ნაკერო პუშ-აპი ლეგინსები
• სრულმეტრაჟიანი ლეგინსები
• უხილავი დაჭიმვადი უკანალი
• უკანალის კონტურის გაუმჯობესება და გამოკვეთა
• ბადისებრი ამოჭრილები ქვედა ნაწილში

მასალა და მოვლა:
• 90% ნეილონი, 10% სპანდექსი
• წარმოუდგენლად რბილი და უნაკერო, არასდროს მოგინდებათ მისი გახდა
• ფრთხილად მოექეცით ამ ნაზ სტილს ტარებისას და რეცხვისას"
"PRODUCT"	"8995455893701"	"meta_title"	"ka"	""	""	"Push-up Leggings Galaxy"	"აჭიმვადი ლეგინსები „გალაქტიკა“"
"PRODUCT"	"8995455893701"	"meta_description"	"ka"	""	""	"სავარჯიშო მაღალწელიანი Push-up ელასტიკი, იდეალურად კრავს ტანს და გამოკვეთს უკანალს.მასალა:: Spandex / Polyester"	"High-waisted push-up elastic exercise leggings, perfectly define the body and highlight the glutes. Material: Spandex / Polyester"
"PRODUCT"	"8995455959237"	"title"	"ka"	""	""	"Push-up Leggings Electric Galaxy"	"ფუშ-აპ ლეგინსი ელექტრო გალაქსი"
"PRODUCT"	"8995455959237"	"body_html"	"ka"	""	""	"Seamless Push-up leggings
• Full-length leggings
• Invisible scrunch bum
•Booty contouring and enhancing
•Mesh cutouts at bottom

Material and Care:
• 90% Nylon, 10% Spandex
• Incredibly soft and seamless, you’ll never want to take it off
• Handle with care when wearing and washing this delicate style"	"უტი ნაკერო პუშ-აპი ლეგინსები
• სრულმეტრაჟიანი ლეგინსები
• უხილავი დაჭიმვადი უკანალი
• უკანალის კონტურის გაუმჯობესება და გამოკვეთა
• ბადისებრი ამოჭრილები ქვედა ნაწილში

მასალა და მოვლა:
• 90% ნეილონი, 10% სპანდექსი
• წარმოუდგენლად რბილი და უნაკერო, არასდროს მოგინდებათ მისი გახდა
• ფრთხილად მოექეცით ამ ნაზ სტილს ტარებისას და რეცხვისას"
"PRODUCT"	"8995455959237"	"meta_title"	"ka"	""	""	"Push-up Leggings Electric Galaxy"	"აჭიმვადი ლეგინსები Electric Galaxy"
"PRODUCT"	"8995455959237"	"meta_description"	"ka"	""	""	"სავარჯიშო მაღალწელიანი Push-up ელასტიკი, იდეალურად კრავს ტანს და გამოკვეთს უკანალს.მასალა:: Spandex / Polyester"	"High-waisted push-up elastic exercise leggings, perfectly define the body and highlight the glutes. Material: Spandex / Polyester"
"PRODUCT"	"8995455992005"	"title"	"ka"	""	""	"Push-up Leggings White Record"	"ათლეტური ლეგინსები თეთრი Record"
"PRODUCT"	"8995455992005"	"body_html"	"ka"	""	""	"Seamless Push-up leggings
• Full-length leggings
• Invisible scrunch bum
•Booty contouring and enhancing

<strong>Material and Care:</strong>
• 90% Nylon, 10% Spandex
• Incredibly soft and seamless, you’ll never want to take it off
• Handle with care when wearing and washing this delicate style"	"უაკერო გამწევი ლეგინსები
• სრული სიგრძის გამაშები
• უხილავი დაჭიმული დუნდულები
• დუნდულების კონტურირება და გაუმჯობესება

<strong>მასალა და მოვლა:</strong>
• 90% ნეილონი, 10% სპანდექსი
• საოცრად რბილი და უნაკერო, არასოდეს მოგინდებათ მისი გახდა
• მოეპყარით სიფრთხილით ამ დელიკატური სტილის ტარებისას და რეცხვისას"
"PRODUCT"	"8995455992005"	"meta_title"	"ka"	""	""	"Push-up Leggings White Record"	"ქალის გამაშები აზიდვის ეფექტით თეთრი ჩანაწერი"
"PRODUCT"	"8995455992005"	"meta_description"	"ka"	""	""	"სავარჯიშო მაღალწელიანი Push-up ელასტიკი, იდეალურად კრავს ტანს და გამოკვეთს უკანალს.მასალა: Spandex / Polyester"	"High-waist Push-up elastic leggings, ideal for a tight fit and buttock-lifting effect. Material: Spandex / Polyester"
"PRODUCT"	"8995456024773"	"title"	"ka"	""	""	"Push-up Leggings Green Galaxy"	"აჭიმვადი ლეგინსები მწვანე გალაქტიკა"
"PRODUCT"	"8995456024773"	"body_html"	"ka"	""	""	"Seamless Push-up leggings
• Full-length leggings
• Invisible scrunch bum
•Booty contouring and enhancing
•Mesh cutouts at bottom

Material and Care:
• 90% Nylon, 10% Spandex
• Incredibly soft and seamless, you’ll never want to take it off
• Handle with care when wearing and washing this delicate style"	"უტი ნაკერო პუშ-აპი ლეგინსები
• სრულმეტრაჟიანი ლეგინსები
• უხილავი დაჭიმვადი უკანალი
• უკანალის კონტურის გაუმჯობესება და გამოკვეთა
• ბადისებრი ამოჭრილები ქვედა ნაწილში

მასალა და მოვლა:
• 90% ნეილონი, 10% სპანდექსი
• წარმოუდგენლად რბილი და უნაკერო, არასდროს მოგინდებათ მისი გახდა
• ფრთხილად მოექეცით ამ ნაზ სტილს ტარებისას და რეცხვისას"
"PRODUCT"	"8995456024773"	"meta_title"	"ka"	""	""	"Push-up Leggings Green Galaxy"	"აჭიმვადი ლეგინსები მწვანე გალაქტიკა"
"PRODUCT"	"8995456024773"	"meta_description"	"ka"	""	""	"სავარჯიშო მაღალწელიანი Push-up ელასტიკი, იდეალურად კრავს ტანს და გამოკვეთს უკანალს.მასალა:: Spandex / Polyester"	"High-waisted push-up elastic exercise leggings, perfectly define the body and highlight the glutes. Material: Spandex / Polyester"
"PRODUCT"	"8995456057541"	"title"	"ka"	""	""	"Push-up Leggings Black Marble V"	"აჭიმვადი ლეგინსები, შავი მარმარილო V"
"PRODUCT"	"8995456057541"	"body_html"	"ka"	""	""	"Seamless Push-up Shorts
• Invisible scrunch bum
•Booty contouring and enhancing
•Mesh cutouts at bottom

Material and Care:
• 90% Nylon, 10% Spandex
• Incredibly soft and seamless, you’ll never want to take it off
• Handle with care when wearing and washing this delicate style"	"უკერო პუშ-აპ შორტები
• უხილავი რუში ბუსტი
• უკანალის კონტურის გაუმჯობესება და გამოკვეთა
• ბადისებრი ჭრილები ქვემოთ

მასალა და მოვლა:
• 90% ნეილონი, 10% სპანდექსი
• წარმოუდგენლად რბილი და უკერო, არასდროს მოგინდებათ მისი მოხსნა
• ფრთხილად მოეპყარით ამ დელიკატურ სტილს ტარებისას და რეცხვისას"
"PRODUCT"	"8995456057541"	"meta_title"	"ka"	""	""	"Push-up Leggings Black Marble V"	"აჭიმვადი ლეგინსები, შავი მარმარილო V"
"PRODUCT"	"8995456057541"	"meta_description"	"ka"	""	""	"სავარჯიშო დაბალწელიანი Push-up ელასტიკი, იდეალურად კრავს ტანს და გამოკვეთს უკანალს.მასალა:: Spandex / Polyester"	"Low-waist push-up exercise leggings, perfectly tightens the body and accentuates the buttocks. Material: Spandex / Polyester"
"PRODUCT"	"8995456123077"	"title"	"ka"	""	""	"Push-up Leggings Dark Green Pocket"	"აჭიმვადი ლეგინსები მუქი მწვანე ჯიბით"
"PRODUCT"	"8995456123077"	"body_html"	"ka"	""	""	"სავარჯიშო მაღალწელიანი Push-up ელასტიკი ჯიბით, იდეალურად კრავს ტანს და გამოკვეთს უკანალს.

მასალა: Spandex / Polyester"	"High-waisted push-up elastic leggings with a pocket, perfectly hug the body and accentuate the buttocks.

Material: Spandex / Polyester"
"PRODUCT"	"8995456123077"	"meta_title"	"ka"	""	""	"Push-up Leggings Dark Green Pocket"	"აჭიმვადი ლეგინსი მუქი მწვანე ჯიბით"
"PRODUCT"	"8995456155845"	"title"	"ka"	""	""	"Classic Set White Zip Elegance"	"კლასიკური ნაკრები თეთრი ელვა ელეგანტურობა"
"PRODUCT"	"8995456155845"	"body_html"	"ka"	""	""	"სავარჯიშო კომპლექტი ელვიანი ზედით, იდეალურად კრავს ტანს და კვეთს ფორმებს, არ ტოვებს ოფლის ლაქებს, ზედას აქვს ღრუბელი.

მასალა:  Polyester / Spandex"	"Exercise set with zipped top, perfectly fits the body and accentuates shapes, leaves no sweat stains, the top has a sponge.

Material: Polyester / Spandex"
"PRODUCT"	"8995456155845"	"meta_title"	"ka"	""	""	"Classic Set White Zip Elegance"	"კლასიკური ნაკრები თეთრი ელვა ელეგანტურობა"
"PRODUCT"	"8995456155845"	"meta_description"	"ka"	""	""	"სავარჯიშო კომპლექტი ლეოპარდის პრინტით, იდეალურად კრავს ტანს და კვეთს ფორმებს, არ ტოვებს ოფლის ლაქებს, ზედას აქვს გუფკა."	"Leopard print workout set, perfectly snugs the body and accentuates curves, leaves no sweat stains, top has sponge inserts."
"PRODUCT"	"8995456188613"	"title"	"ka"	""	""	"Push-up Leggings Aqua Record"	"აჭიმვადი ლეგინსები, აკვა რეკორდი"
"PRODUCT"	"8995456188613"	"body_html"	"ka"	""	""	"Seamless Push-up leggings
• Full-length leggings
• Invisible scrunch bum
•Booty contouring and enhancing

<strong>Material and Care:</strong>
• 90% Nylon, 10% Spandex
• Incredibly soft and seamless, you’ll never want to take it off
• Handle with care when wearing and washing this delicate style"	"უაკერო გამწევი ლეგინსები
• სრული სიგრძის გამაშები
• უხილავი დაჭიმული დუნდულები
• დუნდულების კონტურირება და გაუმჯობესება

<strong>მასალა და მოვლა:</strong>
• 90% ნეილონი, 10% სპანდექსი
• საოცრად რბილი და უნაკერო, არასოდეს მოგინდებათ მისი გახდა
• მოეპყარით სიფრთხილით ამ დელიკატური სტილის ტარებისას და რეცხვისას"
"PRODUCT"	"8995456188613"	"meta_title"	"ka"	""	""	"Push-up Leggings Aqua Record"	"აწევადი ლეგინსები აკვა რეკორდი"
"PRODUCT"	"8995456188613"	"meta_description"	"ka"	""	""	"სავარჯიშო მაღალწელიანი Push-up ელასტიკი, იდეალურად კრავს ტანს და გამოკვეთს უკანალს.მასალა: Spandex / Polyester"	"High-waist Push-up elastic leggings, ideal for a tight fit and buttock-lifting effect. Material: Spandex / Polyester"
"PRODUCT"	"8995456254149"	"title"	"ka"	""	""	"Push-up Leggings Black Pocket"	"აჭიმვადი შარვალი, შავი, ჯიბით"
"PRODUCT"	"8995456254149"	"body_html"	"ka"	""	""	"სავარჯიშო მაღალწელიანი Push-up ელასტიკი ჯიბით, იდეალურად კრავს ტანს და გამოკვეთს უკანალს.

მასალა: Spandex / Polyester"	"High-waist push-up elastic exercise leggings with pocket, perfectly shapes the body and accentuates the butt.

Material: Spandex / Polyester"
"PRODUCT"	"8995456254149"	"meta_title"	"ka"	""	""	"Push-up Leggings Black Pocket"	"აჭიმვადი შარვალი, შავი, ჯიბეებით"
"PRODUCT"	"8995456286917"	"title"	"ka"	""	""	"T-Shirt Black Oversized"	"მაისური შავი (ოვერსაიზი)"
"PRODUCT"	"8995456286917"	"body_html"	"ka"	""	""	"თავისუფალი სტილის ფართო მაისური,
მასალა: Spandex / Polyester"	"Oversized freestyle t-shirt,
Material: Spandex / Polyester"
"PRODUCT"	"8995456286917"	"meta_title"	"ka"	""	""	"T-Shirt Black Oversized"	"მაისური შავი, დიდი ზომის"
"PRODUCT"	"8995456286917"	"meta_description"	"ka"	""	""	"შავი ელასტიური სავარჯიშო ტოპი, აქვს გუფკა.მასალა: Spandex / Polyester"	"Black elastic workout top, has sponge. Material: Spandex / Polyester"
"PRODUCT"	"8995456352453"	"title"	"ka"	""	""	"Zip Hoodie Black Rain"	"შავი ზიპ-ჰუდი Rain"
"PRODUCT"	"8995456352453"	"body_html"	"ka"	""	""	"თავისუფალი სტილის მოსაცმელი ელვა შესაკრავით

მასალა: Nylon / Spandex"	"Free-style coat with zipper

Material: Nylon / Spandex"
"PRODUCT"	"8995456352453"	"meta_title"	"ka"	""	""	"Zip Hoodie Black Rain"	"ელვაშესაკრავიანი ჰუდი, შავი წვიმა"
"PRODUCT"	"8995456352453"	"meta_description"	"ka"	""	""	"თავისუფალი სტილის გრძელმკლავიანი სპორტული მოსაცმელი ელვა შესაკრავით"	"Freestyle long-sleeved sports jacket with zip"
"PRODUCT"	"8995456385221"	"title"	"ka"	""	""	"Skirt Baby Pink Wing"	"ქვედაბოლო ბაცი ვარდისფერი ფრთისებრი"
"PRODUCT"	"8995456385221"	"body_html"	"ka"	""	""	"მოკლე ჩოგბურთის კაბა-შორტი, არის კომფორტული ნებისმიერი აქტივობის შესასრულებლად.
მატერია: Nylon/Polyester"	"Short tennis dress-shorts are comfortable for any activity.
Material: Nylon/Polyester"
"PRODUCT"	"8995456385221"	"meta_title"	"ka"	""	""	"Skirt Baby Pink Wing"	"ქვედაბოლო ბაცი ვარდისფერი ფრთა"
"PRODUCT"	"8995456385221"	"meta_description"	"ka"	""	""	"მოკლე ჩოგბურთის კაბა-შორტი, არის კომფორტული ნებისმიერი აქტივობის შესასრულებლად.მატერია: Nylon"	"Short tennis dress-shorts are comfortable for any activity. Material: Nylon"
"PRODUCT"	"8995456450757"	"title"	"ka"	""	""	"Skirt White Tennis"	"ქვედაკაბა თეთრი ჩოგბურთის"
"PRODUCT"	"8995456450757"	"body_html"	"ka"	""	""	"მოკლე ჩოგბურთის კაბა-შორტი, არის კომფორტული ნებისმიერი აქტივობის შესასრულებლად.
მატერია: Nylon"	"Short tennis dress-shorts are comfortable for any activity.
Material: Nylon"
"PRODUCT"	"8995456450757"	"meta_title"	"ka"	""	""	"Skirt White Tennis"	"კალთა თეთრი ჩოგბურთის"
"PRODUCT"	"8995456450757"	"meta_description"	"ka"	""	""	"მოკლე ჩოგბურთის კაბა-შორტი, არის კომფორტული ნებისმიერი აქტივობის შესასრულებლად.მატერია: Nylon"	"Short tennis dress-shorts are comfortable for any activity. Material: Nylon"
"PRODUCT"	"8995456483525"	"title"	"ka"	""	""	"Oversized T-shirt White Crystal"	"დიდი ზომის თეთრი მაისური კრისტალებით"
"PRODUCT"	"8995456483525"	"body_html"	"ka"	""	""	"თეთრი თავისუფალი სტილის სავარჯიშო მაისური
მასალა: Spandex / Polyester"	"White Freestyle Workout T-Shirt
Material: Spandex / Polyester"
"PRODUCT"	"8995456483525"	"meta_title"	"ka"	""	""	"Oversized T-shirt White Crystal"	"ოვერსაიზ თეთრი მაისური კრისტალი"
"PRODUCT"	"8995456483525"	"meta_description"	"ka"	""	""	"თეთრი ელასტიური სავარჯიშო ტოპი, აქვს გუფკა.მასალა: Spandex / Polyester"	"White elastic workout top with sponge pads.Material: Spandex / Polyester"
"PRODUCT"	"8995456516293"	"title"	"ka"	""	""	"Oversized T-shirt Blue Crystal"	"დიდი ზომის მაისური, ლურჯი კრისტალი"
"PRODUCT"	"8995456516293"	"body_html"	"ka"	""	""	"თეთრი თავისუფალი სტილის სავარჯიშო მაისური
მასალა: Spandex / Polyester"	"White Free Style Workout T-Shirt
Material: Spandex / Polyester"
"PRODUCT"	"8995456516293"	"meta_title"	"ka"	""	""	"Oversized T-shirt Blue Crystal"	"ოვერსაიზ მაისური ლურჯი კრისტალი"
"PRODUCT"	"8995456516293"	"meta_description"	"ka"	""	""	"თეთრი ელასტიური სავარჯიშო ტოპი, აქვს გუფკა.მასალა: Spandex / Polyester"	"White elastic workout top with sponge pads.Material: Spandex / Polyester"
"PRODUCT"	"8995456581829"	"title"	"ka"	""	""	"Skirt Baby Blue Wing"	"ქვედაბოლო ბეიბი ბლუ ფრთისებური"
"PRODUCT"	"8995456581829"	"body_html"	"ka"	""	""	"მოკლე ჩოგბურთის კაბა-შორტი, არის კომფორტული ნებისმიერი აქტივობის შესასრულებლად.
მატერია: Nylon/Polyester"	"Short tennis dress-shorts are comfortable for any activity.
Material: Nylon/Polyester"
"PRODUCT"	"8995456581829"	"meta_title"	"ka"	""	""	"Skirt Baby Blue Wing"	"ქვედაბოლო ბეიბი ბლუ ფრთისებრი"
"PRODUCT"	"8995456581829"	"meta_description"	"ka"	""	""	"მოკლე ჩოგბურთის კაბა-შორტი, არის კომფორტული ნებისმიერი აქტივობის შესასრულებლად.მატერია: Nylon"	"Short tennis dress-shorts are comfortable for any activity. Material: Nylon"
"PRODUCT"	"8995456614597"	"title"	"ka"	""	""	"Skirt Light Purple Wing"	"კაბა, ღია იასამნისფერი ფრთა"
"PRODUCT"	"8995456614597"	"body_html"	"ka"	""	""	"მოკლე ჩოგბურთის კაბა-შორტი, არის კომფორტული ნებისმიერი აქტივობის შესასრულებლად.
მატერია: Nylon/Polyester"	"Short tennis dress-shorts are comfortable for any activity.
Material: Nylon/Polyester"
"PRODUCT"	"8995456614597"	"meta_title"	"ka"	""	""	"Skirt Light Purple Wing"	"კაბა ღია იისფერი ფრთა"
"PRODUCT"	"8995456614597"	"meta_description"	"ka"	""	""	"მოკლე ჩოგბურთის კაბა-შორტი, არის კომფორტული ნებისმიერი აქტივობის შესასრულებლად.მატერია: Nylon"	"Short tennis dress-shorts are comfortable for any activity. Material: Nylon"
"PRODUCT"	"8995456647365"	"title"	"ka"	""	""	"Skirt Light Grey Wing"	"კაბა ღია ნაცრისფერი ფრთა"
"PRODUCT"	"8995456647365"	"body_html"	"ka"	""	""	"მოკლე ჩოგბურთის კაბა-შორტი, არის კომფორტული ნებისმიერი აქტივობის შესასრულებლად.
მატერია: Nylon/Polyester"	"Short tennis dress-shorts are comfortable for any activity.
Material: Nylon/Polyester"
"PRODUCT"	"8995456647365"	"meta_title"	"ka"	""	""	"Skirt Light Grey Wing"	"ქვედაკაბა, ღია ნაცრისფერი, გაშლილი (wing)"
"PRODUCT"	"8995456647365"	"meta_description"	"ka"	""	""	"მოკლე ჩოგბურთის კაბა-შორტი, არის კომფორტული ნებისმიერი აქტივობის შესასრულებლად.მატერია: Nylon"	"Short tennis dress-shorts are comfortable for any activity. Material: Nylon"
"PRODUCT"	"8995456712901"	"title"	"ka"	""	""	"Skirt Black Wing"	"კაბა შავი ფრთა"
"PRODUCT"	"8995456712901"	"body_html"	"ka"	""	""	"მოკლე ჩოგბურთის კაბა-შორტი, არის კომფორტული ნებისმიერი აქტივობის შესასრულებლად.
მატერია: Nylon/Polyester"	"Short tennis dress-shorts are comfortable for any activity.
Material: Nylon/Polyester"
"PRODUCT"	"8995456712901"	"meta_title"	"ka"	""	""	"Skirt Black Wing"	"კაბა „შავი ფრთა“"
"PRODUCT"	"8995456712901"	"meta_description"	"ka"	""	""	"მოკლე ჩოგბურთის კაბა-შორტი, არის კომფორტული ნებისმიერი აქტივობის შესასრულებლად.მატერია: Nylon"	"Short tennis dress-shorts are comfortable for any activity. Material: Nylon"
"PRODUCT"	"8995456745669"	"title"	"ka"	""	""	"Leggings Dark Grey Classic"	"ელასტიკები მუქი ნაცრისფერი კლასიკური"
"PRODUCT"	"8995456745669"	"body_html"	"ka"	""	""	"მაღალწელიანი უნაკერო ელასტიკი, იდეალურად კრავს ტანს და გამოკვეთს ფორმებს. მასალა: Nylon/Spandex"	"High-waisted seamless elastic, perfectly hugs the body and accentuates forms. Material: Nylon/Spandex"
"PRODUCT"	"8995456745669"	"meta_title"	"ka"	""	""	"Leggings Dark Grey Classic"	"ელასტიკები მუქი ნაცრისფერი კლასიკური"
"PRODUCT"	"8995456745669"	"meta_description"	"ka"	""	""	"მაღალწელიანი უნაკერო ელასტიკი, იდეალურად კრავს ტანს და გამოკვეთს ფორმებს. მასალა: Nylon/Spandex"	"High-waisted seamless elastic, perfectly hugs the body and accentuates forms. Material: Nylon/Spandex"
"PRODUCT"	"8995456778437"	"title"	"ka"	""	""	"Classic Leggings Black Slide"	"კლასიკური ლეგინსები, შავი სლაიდი"
"PRODUCT"	"8995456778437"	"body_html"	"ka"	""	""	"მაღალწელიანი უნაკერო ელასტიკი, იდეალურად კრავს ტანს და გამოკვეთს ფორმებს. მასალა: Nylon/Spandex"	"High-waisted seamless elastic, perfectly hugs the body and accentuates forms. Material: Nylon/Spandex"
"PRODUCT"	"8995456778437"	"meta_title"	"ka"	""	""	"Classic Leggings Black Slide"	"კლასიკური ლეგინსები, შავი სლაიდი"
"PRODUCT"	"8995456778437"	"meta_description"	"ka"	""	""	"მაღალწელიანი უნაკერო ელასტიკი, იდეალურად კრავს ტანს და გამოკვეთს ფორმებს. მასალა: Nylon/Spandex"	"High-waisted seamless elastic, perfectly hugs the body and accentuates forms. Material: Nylon/Spandex"
"PRODUCT"	"8995456811205"	"title"	"ka"	""	""	"Skirt Black Tennis"	"ქვედაკაბა შავი ჩოგბურთის"
"PRODUCT"	"8995456811205"	"body_html"	"ka"	""	""	"მოკლე ჩოგბურთის კაბა-შორტი, არის კომფორტული ნებისმიერი აქტივობის შესასრულებლად.
მატერია: Nylon/Polyester"	"Short tennis dress-shorts are comfortable for any activity.
Material: Nylon/Polyester"
"PRODUCT"	"8995456811205"	"meta_title"	"ka"	""	""	"Skirt Black Tennis"	"ქვედაბოლო შავი ჩოგბურთის"
"PRODUCT"	"8995456811205"	"meta_description"	"ka"	""	""	"მოკლე ჩოგბურთის კაბა-შორტი, არის კომფორტული ნებისმიერი აქტივობის შესასრულებლად.მატერია: Nylon"	"Short tennis dress-shorts are comfortable for any activity. Material: Nylon"
"PRODUCT"	"8995456843973"	"title"	"ka"	""	""	"Skirt Brown Tennis"	"ქვედაკაბა ყავისფერი ჩოგბურთის"
"PRODUCT"	"8995456843973"	"body_html"	"ka"	""	""	"მოკლე ჩოგბურთის კაბა-შორტი, არის კომფორტული ნებისმიერი აქტივობის შესასრულებლად.
მატერია: Nylon/Polyester"	"Short tennis dress-shorts are comfortable for any activity.
Material: Nylon/Polyester"
"PRODUCT"	"8995456843973"	"meta_title"	"ka"	""	""	"Skirt Brown Tennis"	"კაბა ყავისფერი ჩოგბურთის"
"PRODUCT"	"8995456843973"	"meta_description"	"ka"	""	""	"მოკლე ჩოგბურთის კაბა-შორტი, არის კომფორტული ნებისმიერი აქტივობის შესასრულებლად.მატერია: Nylon"	"Short tennis dress-shorts are comfortable for any activity. Material: Nylon"
"PRODUCT"	"8995456876741"	"title"	"ka"	""	""	"ZIp Jacket Decollette"	"ელვა შესაკრავიანი ქურთუკი დეკოლტეთი"
"PRODUCT"	"8995456876741"	"body_html"	"ka"	""	""	"გრძელმკლავიანი ზედა ელვა შესაკრავით, იდეალურად კრავს ტანს და კვეთს ფორმებს,

არ ტოვებს ოფლის ლაქებს

მასალა: Nylon / Spandex"	"Long-sleeved top with zip, perfectly wraps the body and highlights forms,

Does not leave sweat stains

Material: Nylon / Spandex"
"PRODUCT"	"8995456876741"	"meta_title"	"ka"	""	""	"ZIp Jacket Decollette"	"ელვაშესაკრავიანი პიჯაკი დეკოლტეთი"
"PRODUCT"	"8995456876741"	"meta_description"	"ka"	""	""	"გრძელმკლავიანი უნაკერო ზედა ელვა შესაკრავით, იდეალურად კრავს ტანს და კვეთს ფორმებს,არ ტოვებს ოფლის ლაქებსმასალა: Nylon / Spandex"	"Seamless long-sleeved top with zipper, ideally hugs the body and accentuates shapes, leaves no sweat stainsMaterial: Nylon / Spandex"
"PRODUCT"	"8995456909509"	"title"	"ka"	""	""	"Skirt Black Glow"	"ქვედაკაბა „ბლექ გლოუ“"
"PRODUCT"	"8995456909509"	"body_html"	"ka"	""	""	"მოკლე ჩოგბურთის კაბა-შორტი, არის კომფორტული ნებისმიერი აქტივობის შესასრულებლად.
მატერია: Nylon/Polyester"	"Short tennis dress-shorts are comfortable for any activity.
Material: Nylon/Polyester"
"PRODUCT"	"8995456909509"	"meta_title"	"ka"	""	""	"Skirt Black Glow"	"ქვედაბოლო შავი ნათება"
"PRODUCT"	"8995456909509"	"meta_description"	"ka"	""	""	"მოკლე ჩოგბურთის კაბა-შორტი, არის კომფორტული ნებისმიერი აქტივობის შესასრულებლად.მატერია: Nylon"	"Short tennis dress-shorts are comfortable for any activity. Material: Nylon"
"PRODUCT"	"8995456942277"	"title"	"ka"	""	""	"Skirt White Glow"	"კაბა თეთრი ნათება"
"PRODUCT"	"8995456942277"	"body_html"	"ka"	""	""	"მოკლე ჩოგბურთის კაბა-შორტი, არის კომფორტული ნებისმიერი აქტივობის შესასრულებლად.
მატერია: Nylon"	"Short tennis dress-shorts are comfortable for any activity.
Material: Nylon"
"PRODUCT"	"8995456942277"	"meta_title"	"ka"	""	""	"Skirt White Glow"	"ქვედაკაბა „თეთრი ნათება“"
"PRODUCT"	"8995456942277"	"meta_description"	"ka"	""	""	"მოკლე ჩოგბურთის კაბა-შორტი, არის კომფორტული ნებისმიერი აქტივობის შესასრულებლად.მატერია: Nylon"	"Short tennis dress-shorts are comfortable for any activity. Material: Nylon"
"PRODUCT"	"8995457040581"	"title"	"ka"	""	""	"Skirt Brown Glow"	"ქვედაკაბა, ყავისფერი, ბრწყინვალება"
"PRODUCT"	"8995457040581"	"body_html"	"ka"	""	""	"მოკლე ჩოგბურთის კაბა-შორტი, არის კომფორტული ნებისმიერი აქტივობის შესასრულებლად.
მატერია: Nylon/Polyester"	"Short tennis dress-shorts are comfortable for any activity.
Material: Nylon/Polyester"
"PRODUCT"	"8995457040581"	"meta_title"	"ka"	""	""	"Skirt Brown Glow"	"ქვედაკაბა, ყავისფერი, ბრწყინვალება"
"PRODUCT"	"8995457040581"	"meta_description"	"ka"	""	""	"მოკლე ჩოგბურთის კაბა-შორტი, არის კომფორტული ნებისმიერი აქტივობის შესასრულებლად.მატერია: Nylon"	"Short tennis dress-shorts are comfortable for any activity. Material: Nylon"
"PRODUCT"	"8995457073349"	"title"	"ka"	""	""	"Short Sleeve Jacket Light Blue Zip"	"მოკლემკლავიანი ღია ცისფერი ჟაკეტი ელვა-შესაკრავით"
"PRODUCT"	"8995457073349"	"body_html"	"ka"	""	""	"ბეჟი ელასტიური სავარჯიშო ტოპი ელვა-შესაკრავით, გუფკის გარეშე
მასალა: Spandex / Polyester"	"Beige Elastic Sports Bra with Zipper, without Sponge
Material: Spandex / Polyester"
"PRODUCT"	"8995457073349"	"meta_title"	"ka"	""	""	"Short Sleeve Jacket Light Blue Zip"	"მოკლე სახელოებიანი ჟაკეტი, ღია ლურჯი, ელვა-შესაკრავით"
"PRODUCT"	"8995457073349"	"meta_description"	"ka"	""	""	"თეთრი ელასტიური სავარჯიშო ტოპი ელვა-შესაკრავით, აქვს გუფკა.მასალა: Spandex / Polyester"	"White elastic workout top with a zipper, includes removable pads. Material: Spandex / Polyester"
"PRODUCT"	"8995457138885"	"title"	"ka"	""	""	"Skirt Beige Flow"	"ქვედაკაბა, კრემისფერი, ნაკადი"
"PRODUCT"	"8995457138885"	"body_html"	"ka"	""	""	"მოკლე ჩოგბურთის კაბა-შორტი, არის კომფორტული ნებისმიერი აქტივობის შესასრულებლად.
მატერია: Nylon/Polyester"	"Short tennis dress-shorts are comfortable for any activity.
Material: Nylon/Polyester"
"PRODUCT"	"8995457138885"	"meta_title"	"ka"	""	""	"Skirt Beige Flow"	"ქვედაკაბა კრემისფერი ფლოუ"
"PRODUCT"	"8995457138885"	"meta_description"	"ka"	""	""	"მოკლე ჩოგბურთის კაბა-შორტი, არის კომფორტული ნებისმიერი აქტივობის შესასრულებლად.მატერია: Nylon"	"Short tennis dress-shorts are comfortable for any activity. Material: Nylon"
"PRODUCT"	"8995457204421"	"title"	"ka"	""	""	"Skirt Barbie Pink Flow"	"ქვედაბოლო ბარბის ვარდისფერი ფლოუ"
"PRODUCT"	"8995457204421"	"body_html"	"ka"	""	""	"მოკლე ჩოგბურთის კაბა-შორტი, არის კომფორტული ნებისმიერი აქტივობის შესასრულებლად.
მატერია: Nylon/Polyester"	"Short tennis dress-shorts are comfortable for any activity.
Material: Nylon/Polyester"
"PRODUCT"	"8995457204421"	"meta_title"	"ka"	""	""	"Skirt Barbie Pink Flow"	"ქვედაბოლო ბარბის ვარდისფერი ფლოუ"
"PRODUCT"	"8995457204421"	"meta_description"	"ka"	""	""	"მოკლე ჩოგბურთის კაბა-შორტი, არის კომფორტული ნებისმიერი აქტივობის შესასრულებლად.მატერია: Nylon"	"Short tennis dress-shorts are comfortable for any activity. Material: Nylon"
"PRODUCT"	"8995457237189"	"title"	"ka"	""	""	"Skirt Black Flow"	"ქვედაკაბა შავი ნაკადი"
"PRODUCT"	"8995457237189"	"body_html"	"ka"	""	""	"მოკლე ჩოგბურთის კაბა-შორტი, არის კომფორტული ნებისმიერი აქტივობის შესასრულებლად.
მატერია: Nylon/Polyester"	"Short tennis dress-shorts are comfortable for any activity.
Material: Nylon/Polyester"
"PRODUCT"	"8995457237189"	"meta_title"	"ka"	""	""	"Skirt Black Flow"	"კაბა შავი ფლოუ"
"PRODUCT"	"8995457237189"	"meta_description"	"ka"	""	""	"მოკლე ჩოგბურთის კაბა-შორტი, არის კომფორტული ნებისმიერი აქტივობის შესასრულებლად.მატერია: Nylon"	"Short tennis dress-shorts are comfortable for any activity. Material: Nylon"
"PRODUCT"	"8995457269957"	"title"	"ka"	""	""	"Flared Leggings Dark Leopard"	"გაშლილი ლეგინსები მუქი ლეოპარდის პრინტით"
"PRODUCT"	"8995457269957"	"body_html"	"ka"	""	""	"სავარჯიშო  შარვალი  ლეოპარდის პრინტით, იდეალურად კრავს ტანს და კვეთს ფორმებს. *არის სქელი ნაჭერი

მასალა:  Polyester / Spandex"	"Leopard print training pants that perfectly embrace the body and accentuate your figure. *Made of thick fabric
Material: Polyester / Spandex"
"PRODUCT"	"8995457269957"	"meta_title"	"ka"	""	""	"Flared Leggings Dark Leopard"	"გაშლილი ლეგინსები მუქი ლეოპარდის პრინტით"
"PRODUCT"	"8995457269957"	"meta_description"	"ka"	""	""	"სავარჯიშო Push-up  ელასტიკი ლეოპარდის პრინტით, იდეალურად კრავს ტანს და კვეთს ფორმებს.მასალა:  Polyester / Spandex"	"Push-up სავარჯიშო ელასტიკი ლეოპარდის პრინტით, იდეალურად კრავს ტანს და აყალიბებს ფორმებს.მასალა: პოლიესტერი / სპანდექსი"
"PRODUCT"	"8995457302725"	"title"	"ka"	""	""	"Push-up Shorts Black Record"	"ტრუსი „პუშ-აპი“, შავი, რეკორდი"
"PRODUCT"	"8995457302725"	"body_html"	"ka"	""	""	"Seamless Push-up Shorts
• Invisible scrunch bum
•Booty contouring and enhancing

<strong>Material and Care:</strong>
• 90% Nylon, 10% Spandex
• Incredibly soft and seamless, you’ll never want to take it off
• Handle with care when wearing and washing this delicate style"	"უკერო ქამრიანი შორტები
• უხილავი რუშიანი უკანალი
• უკანალის კონტურის გამოკვეთა და გაუმჯობესება

<strong>მასალა და მოვლა:</strong>
• 90% ნეილონი, 10% სპანდექსი
• წარმოუდგენლად რბილი და უნაკერო, არასდროს მოგინდებათ მისი გახდა
• ფრთხილად მოექეცით ამ ნაზ სტილს ტარებისა და რეცხვის დროს"
"PRODUCT"	"8995457302725"	"meta_title"	"ka"	""	""	"Push-up Shorts Black Record"	"აჭიმვადი შორტები, შავი, რეკორდი"
"PRODUCT"	"8995457302725"	"meta_description"	"ka"	""	""	"მოკლე შავი ფუშაფ შორტი, .მასალა:  Polyester / Spandex"	"Short black push-up shorts. Material: Polyester / Spandex"
"PRODUCT"	"8995457335493"	"title"	"ka"	""	""	"Leggings Burgundy Classic"	"ელასტიკები, შინდისფერი, კლასიკური"
"PRODUCT"	"8995457335493"	"body_html"	"ka"	""	""	"მაღალწელიანი უნაკერო ელასტიკი, იდეალურად კრავს ტანს და გამოკვეთს ფორმებს. მასალა: Nylon/Spandex"	"High-waisted seamless elastic, perfectly hugs the body and accentuates forms. Material: Nylon/Spandex"
"PRODUCT"	"8995457335493"	"meta_title"	"ka"	""	""	"Leggings Burgundy Classic"	"ლეგინსი შინდისფერი კლასიკური"
"PRODUCT"	"8995457335493"	"meta_description"	"ka"	""	""	"მაღალწელიანი უნაკერო ელასტიკი, იდეალურად კრავს ტანს და გამოკვეთს ფორმებს. მასალა: Nylon/Spandex"	"High-waisted seamless elastic, perfectly hugs the body and accentuates forms. Material: Nylon/Spandex"
"PRODUCT"	"8995457368261"	"title"	"ka"	""	""	"Sports Bra Black Dream"	"სპორტული ბიუსტჰალტერი შავი დრიმი"
"PRODUCT"	"8995457368261"	"body_html"	"ka"	""	""	"შავი სავარჯიშო ტოპი შესაკრავით, აქვს გუფკა.
მასალა: Spandex / Polyester"	"Black bra top with fastening, has sponge.
Material: Spandex / Polyester"
"PRODUCT"	"8995457368261"	"meta_title"	"ka"	""	""	"Sports Bra Black Dream"	"სპორტული ბიუსტჰალტერი შავი დრიმი"
"PRODUCT"	"8995457368261"	"meta_description"	"ka"	""	""	"შავი სავარჯიშო ტოპი შესაკრავით, აქვს გუფკა.მასალა: Spandex / Polyester"	"Black sports top with a fastening, has sponges. Material: Spandex / Polyester"
"PRODUCT"	"8995457433797"	"title"	"ka"	""	""	"Push-up Shorts Royal Blue Record"	"Push-up შორტები, სამეფო ლურჯი, ჩანაწერი"
"PRODUCT"	"8995457433797"	"body_html"	"ka"	""	""	"სავარჯიშო მაღალწელიანი Push-up შორტი, იდეალურად კრავს ტანს და გამოკვეთს უკანალს
მასალა: Spandex / Polyester"	"High-waisted Push-up workout shorts, perfectly shapes the body and enhances the buttocks
Material: Spandex / Polyester"
"PRODUCT"	"8995457433797"	"meta_title"	"ka"	""	""	"Push-up Shorts Royal Blue Record"	"ამწევი შორტები, სამეფო ლურჯი, ჩანაწერი"
"PRODUCT"	"8995457433797"	"meta_description"	"ka"	""	""	"სავარჯიშო მაღალწელიანი Push-up შორტი, იდეალურად კრავს ტანს და გამოკვეთს უკანალს.მასალა: Spandex / Polyester"	"High-waist Push-up shorts for workout, perfectly snugs the body and accentuates the butt. Material: Spandex / Polyester"
"PRODUCT"	"8995457466565"	"title"	"ka"	""	""	"Shorts Brown Opium"	"შორტები ყავისფერი ოპიუმი"
"PRODUCT"	"8995457466565"	"body_html"	"ka"	""	""	"მოკლე შორტი , იდეალურად კრავს ტანს და კვეთს ფორმებს,

არ ტოვებს ოფლის ლაქებს

მასალა: Nylon / Spandex"	"Short shorts, perfectly hug the body and accentuate shapes,

Do not leave sweat stains

Material: Nylon / Spandex"
"PRODUCT"	"8995457466565"	"meta_title"	"ka"	""	""	"Shorts Brown Opium"	"შორტები ყავისფერი ოპიუმი"
"PRODUCT"	"8995457466565"	"meta_description"	"ka"	""	""	"სავარჯიშო ელასტიური Push-up შორტი, იდეალურად კრავს ტანს და კვეთს ფორმებს,არ ტოვებს ოფლის ლაქებსმასალა: Nylon / Spandex"	"Exercise Elastic Push-up Shorts, perfectly hugs the body and sculpts shapes, does not leave sweat stainsMaterial: Nylon / Spandex"
"PRODUCT"	"8995457532101"	"title"	"ka"	""	""	"Shorts Black Opium"	"შორტები შავი ოპიუმი"
"PRODUCT"	"8995457532101"	"body_html"	"ka"	""	""	"მოკლე შორტი , იდეალურად კრავს ტანს და კვეთს ფორმებს,

არ ტოვებს ოფლის ლაქებს

მასალა: Nylon / Spandex"	"Short shorts, perfectly hug the body and accentuate shapes,

Do not leave sweat stains

Material: Nylon / Spandex"
"PRODUCT"	"8995457532101"	"meta_title"	"ka"	""	""	"Shorts Black Opium"	"შორტები შავი ოპიუმი"
"PRODUCT"	"8995457532101"	"meta_description"	"ka"	""	""	"სავარჯიშო ელასტიური Push-up შორტი, იდეალურად კრავს ტანს და კვეთს ფორმებს,არ ტოვებს ოფლის ლაქებსმასალა: Nylon / Spandex"	"Exercise Elastic Push-up Shorts, perfectly hugs the body and sculpts shapes, does not leave sweat stainsMaterial: Nylon / Spandex"
"PRODUCT"	"8995457597637"	"title"	"ka"	""	""	"Push-up Leggings Brown Marble V"	"Push-up Leggings Brown Marble V"
"PRODUCT"	"8995457597637"	"body_html"	"ka"	""	""	"Seamless Push-up leggings
• Full-length leggings
• Invisible scrunch bum
•Booty contouring and enhancing
•Mesh cutouts at bottom

Material and Care:
• 90% Nylon, 10% Spandex
• Incredibly soft and seamless, you’ll never want to take it off
• Handle with care when wearing and washing this delicate style"	"უტი ნაკერო პუშ-აპი ლეგინსები
• სრულმეტრაჟიანი ლეგინსები
• უხილავი დაჭიმვადი უკანალი
• უკანალის კონტურის გაუმჯობესება და გამოკვეთა
• ბადისებრი ამოჭრილები ქვედა ნაწილში

მასალა და მოვლა:
• 90% ნეილონი, 10% სპანდექსი
• წარმოუდგენლად რბილი და უნაკერო, არასდროს მოგინდებათ მისი გახდა
• ფრთხილად მოექეცით ამ ნაზ სტილს ტარებისას და რეცხვისას"
"PRODUCT"	"8995457597637"	"meta_title"	"ka"	""	""	"Push-up Leggings Brown Marble V"	"Push-up Leggings Brown Marble V"
"PRODUCT"	"8995457597637"	"meta_description"	"ka"	""	""	"სავარჯიშო მაღალწელიანი Push-up ელასტიკი, იდეალურად კრავს ტანს და გამოკვეთს უკანალს.მასალა:: Spandex / Polyester"	"High-waisted push-up elastic exercise leggings, perfectly define the body and highlight the glutes. Material: Spandex / Polyester"
"PRODUCT"	"8995457630405"	"title"	"ka"	""	""	"Push-up Leggings Grey Marble V"	"მკერდის ამწევი ლეგინსები, ნაცრისფერი მარმარილოსებრი V"
"PRODUCT"	"8995457630405"	"body_html"	"ka"	""	""	"Seamless Push-up leggings
• Full-length leggings
• Invisible scrunch bum
•Booty contouring and enhancing
•Mesh cutouts at bottom

Material and Care:
• 90% Nylon, 10% Spandex
• Incredibly soft and seamless, you’ll never want to take it off
• Handle with care when wearing and washing this delicate style"	"უტი ნაკერო პუშ-აპი ლეგინსები
• სრულმეტრაჟიანი ლეგინსები
• უხილავი დაჭიმვადი უკანალი
• უკანალის კონტურის გაუმჯობესება და გამოკვეთა
• ბადისებრი ამოჭრილები ქვედა ნაწილში

მასალა და მოვლა:
• 90% ნეილონი, 10% სპანდექსი
• წარმოუდგენლად რბილი და უნაკერო, არასდროს მოგინდებათ მისი გახდა
• ფრთხილად მოექეცით ამ ნაზ სტილს ტარებისას და რეცხვისას"
"PRODUCT"	"8995457630405"	"meta_title"	"ka"	""	""	"Push-up Leggings Grey Marble V"	"აჭიმვადი ლეგინსი ნაცრისფერი მარმარილოს ეფექტით V"
"PRODUCT"	"8995457630405"	"meta_description"	"ka"	""	""	"სავარჯიშო მაღალწელიანი Push-up ელასტიკი, იდეალურად კრავს ტანს და გამოკვეთს უკანალს.მასალა:: Spandex / Polyester"	"High-waisted push-up elastic exercise leggings, perfectly define the body and highlight the glutes. Material: Spandex / Polyester"
"PRODUCT"	"8995457695941"	"title"	"ka"	""	""	"Push-up Jumpsuit Pink Babe"	"ააწიეთ კომბინეზონი ვარდისფერი ბეიბი"
"PRODUCT"	"8995457695941"	"body_html"	"ka"	""	""	"სავარჯიშო კომბინიზონი, აქვს გუფკა.
იდეალურად კრავს ტანს და ვიზუალურად ახდუნებს.
მასალა: Polyester"	"Workout jumpsuit with sponge padding.
It perfectly hugs the body and makes you look slimmer.
Material: Polyester"
"PRODUCT"	"8995457695941"	"meta_title"	"ka"	""	""	"Push-up Jumpsuit Pink Babe"	"აჟღენთილი კომბინიზონი ვარდისფერი „ბეიბი“"
"PRODUCT"	"8995457695941"	"meta_description"	"ka"	""	""	"სავარჯიშო კომბინიზონი, აქვს გუფკა.იდეალურად კრავს ტანს და ვიზუალურად ახდუნებს.მასალა: Polyester"	"Workout jumpsuit, has a sponge. Perfectly sculpts the body and visually slims it. Material: Polyester"
"PRODUCT"	"8995457728709"	"title"	"ka"	""	""	"Push-up Shorts Bomby Black V"	"აჭიმვადი შორტები „ბომბი“ შავი V"
"PRODUCT"	"8995457728709"	"body_html"	"ka"	""	""	"Seamless Push-up Shorts
• Invisible scrunch bum
•Booty contouring and enhancing

<strong>Material and Care:</strong>
• 90% Nylon, 10% Spandex
• Incredibly soft and seamless, you’ll never want to take it off
• Handle with care when wearing and washing this delicate style"	"უკერო ქამრიანი შორტები
• უხილავი რუშიანი უკანალი
• უკანალის კონტურის გამოკვეთა და გაუმჯობესება

<strong>მასალა და მოვლა:</strong>
• 90% ნეილონი, 10% სპანდექსი
• წარმოუდგენლად რბილი და უნაკერო, არასდროს მოგინდებათ მისი გახდა
• ფრთხილად მოექეცით ამ ნაზ სტილს ტარებისა და რეცხვის დროს"
"PRODUCT"	"8995457728709"	"meta_title"	"ka"	""	""	"Push-up Shorts Bomby Black V"	"„პუშ-აპ“ შორტი „ბომბი“ შავი V"
"PRODUCT"	"8995457728709"	"meta_description"	"ka"	""	""	"სავარჯიშო მაღალწელიანი Push-up შორტი, იდეალურად კრავს ტანს და გამოკვეთს უკანალს.მასალა: Spandex / Polyester"	"High-waist Push-up shorts for workout, perfectly snugs the body and accentuates the butt. Material: Spandex / Polyester"
"PRODUCT"	"8995457761477"	"title"	"ka"	""	""	"Push-up Shorts Brown Bomby"	"Push-up შორტები, ყავისფერი Bomby"
"PRODUCT"	"8995457761477"	"body_html"	"ka"	""	""	"Seamless Push-up Shorts
• Invisible scrunch bum
•Booty contouring and enhancing

<strong>Material and Care:</strong>
• 90% Nylon, 10% Spandex
• Incredibly soft and seamless, you’ll never want to take it off
• Handle with care when wearing and washing this delicate style"	"უკერო ქამრიანი შორტები
• უხილავი რუშიანი უკანალი
• უკანალის კონტურის გამოკვეთა და გაუმჯობესება

<strong>მასალა და მოვლა:</strong>
• 90% ნეილონი, 10% სპანდექსი
• წარმოუდგენლად რბილი და უნაკერო, არასდროს მოგინდებათ მისი გახდა
• ფრთხილად მოექეცით ამ ნაზ სტილს ტარებისა და რეცხვის დროს"
"PRODUCT"	"8995457761477"	"meta_title"	"ka"	""	""	"Push-up Shorts Brown Bomby"	"აჭიმვადი შორტები ყავისფერი ბომბი"
"PRODUCT"	"8995457761477"	"meta_description"	"ka"	""	""	"სავარჯიშო Push-up შორტი, იდეალურად კრავს ტანს და გამოკვეთს უკანალს.მასალა: Spandex / Polyester"	"Push-up შორტი ვარჯიშისთვის, იდეალურად კრავს ტანს და აკორექტირებს დუნდულებს. მასალა: სპანდექსი/პოლიესტერი."
"PRODUCT"	"8995457794245"	"title"	"ka"	""	""	"Tennis Dress Black Flower"	"ჩოგბურთის შავი კაბა ყვავილებით"
"PRODUCT"	"8995457794245"	"body_html"	"ka"	""	""	"სავარჯიშო კაბა-შორტი, იდეალურად კრავს ტანს და არის კომფორტული ნებისმიერი აქტივობის შესასრულებლად. მასალა: Polyester/Spandex"	"Workout dress-shorts, ideally snugs the body and is comfortable for any activity. Material: Polyester/Spandex"
"PRODUCT"	"8995457794245"	"meta_title"	"ka"	""	""	"Tennis Dress Black Flower"	"ჩოგბურთის შავი კაბა ყვავილებით"
"PRODUCT"	"8995457794245"	"meta_description"	"ka"	""	""	"სავარჯიშო კაბა-შორტი, იდეალურად კრავს ტანს და არის კომფორტული ნებისმიერი აქტივობის შესასრულებლად. მასალა: Polyester/Spandex"	"Workout dress-shorts, ideally snugs the body and is comfortable for any activity. Material: Polyester/Spandex"
"PRODUCT"	"8995457827013"	"title"	"ka"	""	""	"Tennis Dress Pink Flower"	"ჩოგბურთის კაბა ვარდისფერი ყვავილებით"
"PRODUCT"	"8995457827013"	"body_html"	"ka"	""	""	"სავარჯიშო კაბა-შორტი, იდეალურად კრავს ტანს და არის კომფორტული ნებისმიერი აქტივობის შესასრულებლად. მასალა: Polyester/Spandex"	"Workout dress-shorts, ideally snugs the body and is comfortable for any activity. Material: Polyester/Spandex"
"PRODUCT"	"8995457827013"	"meta_title"	"ka"	""	""	"Tennis Dress Pink Flower"	"ჩოგბურთის კაბა ვარდისფერი ყვავილებით"
"PRODUCT"	"8995457827013"	"meta_description"	"ka"	""	""	"სავარჯიშო კაბა-შორტი, იდეალურად კრავს ტანს და არის კომფორტული ნებისმიერი აქტივობის შესასრულებლად. მასალა: Polyester/Spandex"	"Workout dress-shorts, ideally snugs the body and is comfortable for any activity. Material: Polyester/Spandex"
"PRODUCT"	"8995457892549"	"title"	"ka"	""	""	"Pullover Black Motion"	"პულოვერი Black Motion"
"PRODUCT"	"8995457892549"	"body_html"	"ka"	""	""	"თავისუფალი სტილის გრძელმკლავიანი ზედა

არ ტოვებს ოფლის ლაქებს

მასალა: Nylon / Spandex"	"თავისუფალი სტილის გრძელმკლავიანი ზედა

არ ტოვებს ოფლის ლაქებს

მასალა: ნეილონი / სპანდექსი"
"PRODUCT"	"8995457892549"	"meta_title"	"ka"	""	""	"Pullover Black Motion"	"პულოვერი Black Motion"
"PRODUCT"	"8995457892549"	"meta_description"	"ka"	""	""	"გრძელმკლავიანი ზედა ელვა შესაკრავით, იდეალურად კრავს ტანს და კვეთს ფორმებს,არ ტოვებს ოფლის ლაქებსმასალა: Nylon / Spandex"	"Long-sleeved top with zip, perfectly wraps the body and defines the figure, does not leave sweat stainsMaterial: Nylon / Spandex"
"PRODUCT"	"8995457925317"	"title"	"ka"	""	""	"Push-up Leggings Grey Leopard"	"აჭიმვადი ლეგინსი, რუხი, ლეოპარდის პრინტით"
"PRODUCT"	"8995457925317"	"body_html"	"ka"	""	""	"სავარჯიშო Push-up  ელასტიკი ლეოპარდის პრინტით, იდეალურად კრავს ტანს და კვეთს ფორმებს.

მასალა:  Polyester / Spandex"	"Push-up სავარჯიშო ელასტიკი ლეოპარდის პრინტით, იდეალურად კრავს ტანს და აყალიბებს ფორმებს.

მასალა: პოლიესტერი / სპანდექსი"
"PRODUCT"	"8995457925317"	"meta_title"	"ka"	""	""	"Push-up Leggings Grey Leopard"	"აჭიმვადი ლეგინსები, ნაცრისფერი ლეოპარდი"
"PRODUCT"	"8995457925317"	"meta_description"	"ka"	""	""	"სავარჯიშო Push-up  ელასტიკი ლეოპარდის პრინტით, იდეალურად კრავს ტანს და კვეთს ფორმებს.მასალა:  Polyester / Spandex"	"Push-up სავარჯიშო ელასტიკი ლეოპარდის პრინტით, იდეალურად კრავს ტანს და აყალიბებს ფორმებს.მასალა: პოლიესტერი / სპანდექსი"
"PRODUCT"	"8995457958085"	"title"	"ka"	""	""	"Push-up Shorts Grey Leopard"	"Push-up შორტი რუხი ლეოპარდი"
"PRODUCT"	"8995457958085"	"body_html"	"ka"	""	""	"სავარჯიშო Push-up  შორტი ლეოპარდის პრინტით, იდეალურად კრავს ტანს და კვეთს ფორმებს.

მასალა:  Polyester / Spandex"	"Push-up შორტი, ლეოპარდის პრინტით, იდეალურად კრავს ტანს და კვეთს ფორმებს.

მასალა: Polyester / Spandex"
"PRODUCT"	"8995457958085"	"meta_title"	"ka"	""	""	"Push-up Shorts Grey Leopard"	"ამოწეული შორტები, რუხი ლეოპარდის პრინტით"
"PRODUCT"	"8995457958085"	"meta_description"	"ka"	""	""	"სავარჯიშო Push-up  ელასტიკი ლეოპარდის პრინტით, იდეალურად კრავს ტანს და კვეთს ფორმებს.მასალა:  Polyester / Spandex"	"Push-up სავარჯიშო ელასტიკი ლეოპარდის პრინტით, იდეალურად კრავს ტანს და აყალიბებს ფორმებს.მასალა: პოლიესტერი / სპანდექსი"
"PRODUCT"	"8995458023621"	"title"	"ka"	""	""	"Push-up Set Grey Leopard"	"აწევის კომპლექტი, რუხი ლეოპარდი"
"PRODUCT"	"8995458023621"	"body_html"	"ka"	""	""	"სავარჯიშო კომპლექტი ლეოპარდის პრინტით, იდეალურად კრავს ტანს და კვეთს ფორმებს, არ ტოვებს ოფლის ლაქებს, ზედას აქვს ღრუბელი.

მასალა:  Polyester / Spandex"	"Leopard Print-ის სავარჯიშო კომპლექტი, იდეალურად კრავს ტანს და კვეთს ფორმებს, არ ტოვებს ოფლის ლაქებს, ზედას აქვს ღრუბელი.

მასალა: Polyester / Spandex"
"PRODUCT"	"8995458023621"	"meta_title"	"ka"	""	""	"Push-up Set Grey Leopard"	"აბუსტრების ნაკრები რუხი ლეოპარდი"
"PRODUCT"	"8995458023621"	"meta_description"	"ka"	""	""	"სავარჯიშო კომპლექტი ლეოპარდის პრინტით, იდეალურად კრავს ტანს და კვეთს ფორმებს, არ ტოვებს ოფლის ლაქებს, ზედას აქვს გუფკა."	"Leopard print workout set, perfectly snugs the body and accentuates curves, leaves no sweat stains, top has sponge inserts."
"PRODUCT"	"8995458089157"	"title"	"ka"	""	""	"Push-up Set Short Grey Leopard"	"პუშაპ (Push-up) კომპლექტი, მოკლე, ნაცრისფერი, ლეოპარდის პრინტით"
"PRODUCT"	"8995458089157"	"body_html"	"ka"	""	""	"სავარჯიშო კომპლექტი ლეოპარდის პრინტით, იდეალურად კრავს ტანს და კვეთს ფორმებს, არ ტოვებს ოფლის ლაქებს, ზედას აქვს ღრუბელი.

მასალა:  Polyester / Spandex"	"Leopard Print-ის სავარჯიშო კომპლექტი, იდეალურად კრავს ტანს და კვეთს ფორმებს, არ ტოვებს ოფლის ლაქებს, ზედას აქვს ღრუბელი.

მასალა: Polyester / Spandex"
"PRODUCT"	"8995458089157"	"meta_title"	"ka"	""	""	"Push-up Set Short Grey Leopard"	"პუშაპის ნაკრები, მოკლე, ნაცრისფერი, ლეოპარდის პრინტით"
"PRODUCT"	"8995458089157"	"meta_description"	"ka"	""	""	"სავარჯიშო კომპლექტი ლეოპარდის პრინტით, იდეალურად კრავს ტანს და კვეთს ფორმებს, არ ტოვებს ოფლის ლაქებს, ზედას აქვს გუფკა."	"Leopard print workout set, perfectly snugs the body and accentuates curves, leaves no sweat stains, top has sponge inserts."
"PRODUCT"	"8995458121925"	"title"	"ka"	""	""	"Classic Jacket Black Zip Elegance"	"კლასიკური შავი ელვა-შესაკრავიანი ელეგანტური ქურთუკი"
"PRODUCT"	"8995458121925"	"body_html"	"ka"	""	""	"სავარჯიშო ელვიანი ზედა, იდეალურად კრავს ტანს და კვეთს ფორმებს, არ ტოვებს ოფლის ლაქებს

მასალა:  Polyester / Spandex"	"Women's Full Zip Training Top, perfectly sculpts the body and defines curves, leaving no sweat stains

Material: Polyester / Spandex"
"PRODUCT"	"8995458121925"	"meta_title"	"ka"	""	""	"Classic Jacket Black Zip Elegance"	"კლასიკური შავი ელვაშეკრული ქურთუკი ელეგანტური სტილით"
"PRODUCT"	"8995458121925"	"meta_description"	"ka"	""	""	"სავარჯიშო კომპლექტი ლეოპარდის პრინტით, იდეალურად კრავს ტანს და კვეთს ფორმებს, არ ტოვებს ოფლის ლაქებს, ზედას აქვს გუფკა."	"Leopard print workout set, shapes and outlines the body perfectly, does not leave sweat stains, top has sponges."
"PRODUCT"	"8995458154693"	"title"	"ka"	""	""	"Push-up Set Black Zip"	"ბიუსჰალტერი შავი ელვარე შესაკრავით"
"PRODUCT"	"8995458154693"	"body_html"	"ka"	""	""	"სავარჯიშო კომპლექტი ელვიანი ზედით, იდეალურად კრავს ტანს და კვეთს ფორმებს, არ ტოვებს ოფლის ლაქებს, ზედას აქვს ღრუბელი.

მასალა:  Polyester / Spandex"	"Exercise set with zipped top, perfectly fits the body and accentuates shapes, leaves no sweat stains, the top has a sponge.

Material: Polyester / Spandex"
"PRODUCT"	"8995458154693"	"meta_title"	"ka"	""	""	"Push-up Set Black Zip"	"ბიუსტჰალტერი შავი ელვარე შესაკრავით"
"PRODUCT"	"8995458154693"	"meta_description"	"ka"	""	""	"სავარჯიშო კომპლექტი ლეოპარდის პრინტით, იდეალურად კრავს ტანს და კვეთს ფორმებს, არ ტოვებს ოფლის ლაქებს, ზედას აქვს გუფკა."	"Leopard print workout set, perfectly snugs the body and accentuates curves, leaves no sweat stains, top has sponge inserts."
"PRODUCT"	"8995458187461"	"title"	"ka"	""	""	"Sports Bra Grey Dream"	"სპორტული ბიუსტჰალტერი ნაცრისფერი ოცნება"
"PRODUCT"	"8995458187461"	"body_html"	"ka"	""	""	"სავარჯიშო ტოპი შესაკრავით, აქვს გუფკა.
მასალა: Spandex / Polyester"	"Sports top with tie, padded.
Material: Spandex / Polyester"
"PRODUCT"	"8995458187461"	"meta_title"	"ka"	""	""	"Sports Bra Grey Dream"	"სპორტული ბიუსტჰალტერი ნაცრისფერი დრიმი"
"PRODUCT"	"8995458187461"	"meta_description"	"ka"	""	""	"შავი სავარჯიშო ტოპი შესაკრავით, აქვს გუფკა.მასალა: Spandex / Polyester"	"Black sports top with a fastening, has sponges. Material: Spandex / Polyester"
"PRODUCT"	"8995458252997"	"title"	"ka"	""	""	"Push-up Crossover Leggings Bomby Dark Green V"	"Push-up ჯვარედინი გამაშები, ბომბი, მუქი მწვანე, V"
"PRODUCT"	"8995458252997"	"body_html"	"ka"	""	""	"Push-up ელასტიკი, იდეალურად კრავს ტანს და კვეთს ფორმებს.

მასალა: Nylon/Polyester"	"Push-up ელასტიკი იდეალურად ერგება სხეულს და გამოკვეთს ფორმებს.

მასალა: ნეილონი/პოლიესტერი"
"PRODUCT"	"8995458252997"	"meta_title"	"ka"	""	""	"Push-up Crossover Leggings Bomby Dark Green V"	"აჭიმვადი კროსოვერი ლეგინსები, ბომბი, მუქი მწვანე, V-ჭრილი"
"PRODUCT"	"8995458252997"	"meta_description"	"ka"	""	""	"Push-up ელასტიკი წინ ამოჭრილი წელით, იდეალურად კრავს ტანს და კვეთს ფორმებს.მასალა: Nylon/Polyeste"	"Push-up ელასტიკი წინ ამოჭრილი წელით, იდეალურად კრავს ტანს და კვეთს ფორმებს.მასალა: Nylon/Polyester"
"PRODUCT"	"8995458285765"	"title"	"ka"	""	""	"Sports Bra Black Rush"	"სპორტული ბიუსტჰალტერი შავი რაში"
"PRODUCT"	"8995458285765"	"body_html"	"ka"	""	""	"შავი ელასტიური სავარჯიშო ტოპი, აქვს გუფკა.
მასალა: Spandex / Polyester"	"Black elastic workout top with sponge pads.
Material: Spandex / Polyester"
"PRODUCT"	"8995458285765"	"meta_title"	"ka"	""	""	"Sports Bra Black Rush"	"სპორტული ბიუსტჰალტერი შავი რაში"
"PRODUCT"	"8995458285765"	"meta_description"	"ka"	""	""	"ელასტიური ტოპი, იდეალურად კრავს ტანს და კვეთს ფორმებს,არ ტოვებს ოფლის ლაქებსმასალა: Nylon / Spandex"	"Stretchy top, fits perfectly to the body and defines the figure, does not leave sweat stains.
Material: Nylon / Spandex"
"PRODUCT"	"8995458318533"	"title"	"ka"	""	""	"Tennis Dress Brown Flower"	"ჩოგბურთის კაბა, ყავისფერი ყვავილებით"
"PRODUCT"	"8995458318533"	"body_html"	"ka"	""	""	"სავარჯიშო კაბა-შორტი, იდეალურად კრავს ტანს და არის კომფორტული ნებისმიერი აქტივობის შესასრულებლად. მასალა: Polyester/Spandex"	"Workout dress-shorts, ideally snugs the body and is comfortable for any activity. Material: Polyester/Spandex"
"PRODUCT"	"8995458318533"	"meta_title"	"ka"	""	""	"Tennis Dress Brown Flower"	"ჩოგბურთის კაბა, ყავისფერი ყვავილებით"
"PRODUCT"	"8995458318533"	"meta_description"	"ka"	""	""	"სავარჯიშო კაბა-შორტი, იდეალურად კრავს ტანს და არის კომფორტული ნებისმიერი აქტივობის შესასრულებლად. მასალა: Polyester/Spandex"	"Workout dress-shorts, ideally snugs the body and is comfortable for any activity. Material: Polyester/Spandex"
"PRODUCT"	"8995458351301"	"title"	"ka"	""	""	"Push-up Shorts Bomby Purple V"	"ბიუსჰალტერი შორტები Bomby Purple V"
"PRODUCT"	"8995458351301"	"body_html"	"ka"	""	""	"Seamless Push-up Shorts
• Invisible scrunch bum
•Booty contouring and enhancing

<strong>Material and Care:</strong>
• 90% Nylon, 10% Spandex
• Incredibly soft and seamless, you’ll never want to take it off
• Handle with care when wearing and washing this delicate style"	"უკერო ქამრიანი შორტები
• უხილავი რუშიანი უკანალი
• უკანალის კონტურის გამოკვეთა და გაუმჯობესება

<strong>მასალა და მოვლა:</strong>
• 90% ნეილონი, 10% სპანდექსი
• წარმოუდგენლად რბილი და უნაკერო, არასდროს მოგინდებათ მისი გახდა
• ფრთხილად მოექეცით ამ ნაზ სტილს ტარებისა და რეცხვის დროს"
"PRODUCT"	"8995458351301"	"meta_title"	"ka"	""	""	"Push-up Shorts Bomby Purple V"	"Push-up შორტი Bomby Purple V"
"PRODUCT"	"8995458351301"	"meta_description"	"ka"	""	""	"სავარჯიშო მაღალწელიანი Push-up შორტი, იდეალურად კრავს ტანს და გამოკვეთს უკანალს.მასალა: Spandex / Polyester"	"High-waist Push-up shorts for workout, perfectly snugs the body and accentuates the butt. Material: Spandex / Polyester"
"PRODUCT"	"8995458416837"	"title"	"ka"	""	""	"Push-up Leggings Dark Cosmos"	"აჭიმვადი ლეგინსი მუქი კოსმოსი"
"PRODUCT"	"8995458416837"	"body_html"	"ka"	""	""	"Seamless Push-up leggings
• Full-length leggings
• Invisible scrunch bum
•Booty contouring and enhancing
•Mesh cutouts at bottom

Material and Care:
• 90% Nylon, 10% Spandex
• Incredibly soft and seamless, you’ll never want to take it off
• Handle with care when wearing and washing this delicate style"	"უტი ნაკერო პუშ-აპი ლეგინსები
• სრულმეტრაჟიანი ლეგინსები
• უხილავი დაჭიმვადი უკანალი
• უკანალის კონტურის გაუმჯობესება და გამოკვეთა
• ბადისებრი ამოჭრილები ქვედა ნაწილში

მასალა და მოვლა:
• 90% ნეილონი, 10% სპანდექსი
• წარმოუდგენლად რბილი და უნაკერო, არასდროს მოგინდებათ მისი გახდა
• ფრთხილად მოექეცით ამ ნაზ სტილს ტარებისას და რეცხვისას"
"PRODUCT"	"8995458416837"	"meta_title"	"ka"	""	""	"Push-up Leggings Dark Cosmos"	"აჭიმვადი ლეგინსები მუქი კოსმოსი"
"PRODUCT"	"8995458416837"	"meta_description"	"ka"	""	""	"სავარჯიშო მაღალწელიანი Push-up ელასტიკი, იდეალურად კრავს ტანს და გამოკვეთს უკანალს.მასალა:: Spandex / Polyester"	"High-waisted push-up elastic exercise leggings, perfectly define the body and highlight the glutes. Material: Spandex / Polyester"
"PRODUCT"	"8995458449605"	"title"	"ka"	""	""	"Jumpsuit Black Podium"	"კომბინეზონი შავი პოდიუმი"
"PRODUCT"	"8995458449605"	"body_html"	"ka"	""	""	"Flared Push-Up Jumpsuit designed to enhance your curves and provide maximum support, offering a chic, sophisticated look.
• Built-in shelf bra with two layers and removable cups provides extra support
•Long Sleeve
•Invisible scrunch bum

<strong>Material and Care:</strong>
• 90% Nylon, 10% Spandex
• For optimal care of this sportswear, follow the care label instructions and use the delicate cycle."	"გაშლილი Push-Up კომბინეზონი შექმნილია თქვენი სხეულის ხაზების ხაზგასასმელად და მაქსიმალური მხარდაჭერისთვის, რაც უზრუნველყოფს ელეგანტურ, დახვეწილ იერს.
• ჩაშენებული ორფენიანი ბრალეტი მოსახსნელი ბალიშებით დამატებით მხარდაჭერას უზრუნველყოფს
• გრძელი სახელოები
• უხილავი scrunch bum (უკანალის ეფექტი)

<strong>მასალა და მოვლა:</strong>
• 90% ნეილონი, 10% სპანდექსი
• ამ სპორტული ტანსაცმლის ოპტიმალური მოვლისთვის, მიჰყევით მოვლის ინსტრუქციებს და გამოიყენეთ დელიკატური რეცხვის რეჟიმი."
"PRODUCT"	"8995458449605"	"meta_title"	"ka"	""	""	"Jumpsuit Black Podium"	"კომბინეზონი შავი პოდიუმი"
"PRODUCT"	"8995458449605"	"meta_description"	"ka"	""	""	"სავარჯიშო კომბინიზონი, აქვს გუფკა. იდეალურად კრავს ტანს და ვიზუალურად ახდუნებს. მასალა: Polyester"	"Exercise jumpsuit with sponge pads. Perfectly tightens the body and makes it visually slimmer. Material: Polyester"
"PRODUCT"	"8995458482373"	"title"	"ka"	""	""	"სამეული Black Glow Podium"	"Three-piece Black Glow Podium"
"PRODUCT"	"8995458482373"	"body_html"	"ka"	""	""	"3 pcs Set with Flared Set for a chic and stylish fit, includes: top, flared leggings and regular leggings.

<strong>Material and care:</strong>
•78% Nylon, 22% Spandex
• For optimal care of this sportswear, follow the care label instructions and use the delicate cycle"	"3 ცალიანი კომპლექტი გაშლილი სახელოებით, დახვეწილი და ელეგანტური სტილისთვის, მოიცავს: ზედა ტანს, გაშლილ ლეგინსებს და ჩვეულებრივ ლეგინსებს.

<strong>მასალა და მოვლა:</strong>
• 78% ნეილონი, 22% სპანდექსი
• ამ სპორტული ტანსაცმლის ოპტიმალური მოვლისთვის, მიჰყევით მოვლის ეტიკეტზე მითითებებს და გამოიყენეთ ნაზი რეჟიმი."
"PRODUCT"	"8995458482373"	"meta_title"	"ka"	""	""	"სამეული Black Glow Podium"	"Three-piece Black Glow Podium"
"PRODUCT"	"8995458482373"	"meta_description"	"ka"	""	""	"შლაქსის კომპლექტი , იდეალურად კრავს ტანს და გამოკვეთს უკანალს.წელვადი, არ ლანდავს.მასალა:: Spandex / Polyester"	"შლაქსის კომპლექტი იდეალურად ერგება სხეულს და გამოკვეთს უკანალს. ელასტიკურია, არ ატარებს. მასალა: სპანდექსი/პოლიესტერი"
"PRODUCT"	"8995458515141"	"title"	"ka"	""	""	"Jumpsuit Black Long Stone"	"კომბინიზონი შავი, გრძელი, ქვით"
"PRODUCT"	"8995458515141"	"body_html"	"ka"	""	""	"Jumpsuit designed to enhance your curves and provide maximum support, offering a chic, sophisticated look.
• Built-in shelf bra with two layers and removable cups provides extra support
•Long Sleeve

<strong>Material and Care:</strong>
• 90% Nylon, 10% Spandex
• For optimal care of this sportswear, follow the care label instructions and use the delicate cycle."	"კომბინეზონი, რომელიც შექმნილია თქვენი სხეულის ხაზების ხაზგასასმელად და მაქსიმალური მხარდაჭერისთვის, რაც გთავაზობთ ელეგანტურ, დახვეწილ იერს.
• ჩაშენებული ორფენიანი ბიუსტჰალტერი მოსახსნელი ბალიშებით უზრუნველყოფს დამატებით მხარდაჭერას.
• გრძელი სახელოები

<strong>მასალა და მოვლა:</strong>
• 90% ნეილონი, 10% სპანდექსი
• ამ სპორტული ტანსაცმლის ოპტიმალური მოვლისთვის მიჰყევით მოვლის ეტიკეტზე მითითებებს და გამოიყენეთ დელიკატური რეჟიმი."
"PRODUCT"	"8995458515141"	"meta_title"	"ka"	""	""	"Jumpsuit Black Long Stone"	"კომბინიზონი შავი გრძელი ქვები"
"PRODUCT"	"8995458515141"	"meta_description"	"ka"	""	""	"სავარჯიშო კომბინიზონი, აქვს გუფკა. იდეალურად კრავს ტანს და ვიზუალურად ახდუნებს. მასალა: Polyester"	"Exercise jumpsuit with sponge pads. Perfectly tightens the body and makes it visually slimmer. Material: Polyester"
"PRODUCT"	"8995458547909"	"title"	"ka"	""	""	"Jumpsuit Black Stone"	"კომბინეზონი შავი ქვა"
"PRODUCT"	"8995458547909"	"body_html"	"ka"	""	""	"Jumpsuit designed to enhance your curves and provide maximum support, offering a chic, sophisticated look.
• Built-in shelf bra with two layers and removable cups provides extra support
•Short Sleeve

<strong>Material and Care:</strong>
• 90% Nylon, 10% Spandex
• For optimal care of this sportswear, follow the care label instructions and use the delicate cycle."	"კომბინეზონი შექმნილია იმისთვის, რომ გამოკვეთოს თქვენი ფორმები და უზრუნველყოს მაქსიმალური მხარდაჭერა, გთავაზობთ ელეგანტურ და დახვეწილ იერს.
• ჩაშენებული ორფენიანი ბრალეტი მოსახსნელი ბალიშებით დამატებითი მხარდაჭერისთვის
•მოკლე სახელო

<strong>მასალა და მოვლა:</strong>
• 90% ნეილონი, 10% სპანდექსი
• სპორტული ტანსაცმლის ოპტიმალური მოვლისთვის, მიჰყევით ეტიკეტზე მითითებებს და გამოიყენეთ დელიკატური რეჟიმი."
"PRODUCT"	"8995458547909"	"meta_title"	"ka"	""	""	"Jumpsuit Black Stone"	"კომბინიზონი შავი ქვა"
"PRODUCT"	"8995458547909"	"meta_description"	"ka"	""	""	"სავარჯიშო კომბინიზონი, აქვს გუფკა. იდეალურად კრავს ტანს და ვიზუალურად ახდუნებს. მასალა: Polyester"	"Exercise jumpsuit with sponge pads. Perfectly tightens the body and makes it visually slimmer. Material: Polyester"
"PRODUCT"	"8995458613445"	"title"	"ka"	""	""	"Flared Set Brown Vouge"	"გაშლილი ნაკრები, ყავისფერი ვოგი"
"PRODUCT"	"8995458613445"	"body_html"	"ka"	""	""	"Set with Flared Set for a chic and stylish fit
<strong>Material and care:</strong>
•Nylon, Spandex
• For optimal care of this sportswear, follow the care label instructions and use the delicate cycle"	"გაფართოებული სარტყლით ნაკრები ელეგანტური სტილისთვის
<strong>მასალა და მოვლა:</strong>
• ნეილონი, სპანდექსი
• ამ სპორტული ტანსაცმლის ოპტიმალური მოვლისთვის მიჰყევით ეტიკეტზე მითითებებს და გამოიყენეთ დელიკატური რეჟიმი"
"PRODUCT"	"8995458613445"	"meta_title"	"ka"	""	""	"Flared Set Brown Vouge"	"გაშლილი ნაკრები, ყავისფერი ვოგი"
"PRODUCT"	"8995458613445"	"meta_description"	"ka"	""	""	"შლაქსის კომპლექტი , იდეალურად კრავს ტანს და გამოკვეთს უკანალს.წელვადი, არ ლანდავს.მასალა:: Spandex / Polyester"	"შლაქსის კომპლექტი, იდეალურად ეკვრის ტანს და გამოკვეთს უკანალს. ელასტიკურია, არ ჩანს შიგნით. მასალა: სპანდექსი/პოლიესტერი"
"PRODUCT"	"8995458646213"	"title"	"ka"	""	""	"Flared Set Black Vouge"	"გაშლილი შარვლის ნაკრები, შავი, ვოგი"
"PRODUCT"	"8995458646213"	"body_html"	"ka"	""	""	"Set with Flared Set for a chic and stylish fit
<strong>Material and care:</strong>
•Nylon, Spandex
• For optimal care of this sportswear, follow the care label instructions and use the delicate cycle"	"ნაკრები გაშლილი ნაკრებით, ელეგანტური სტილისთვის
<strong>მასალა და მოვლა:</strong>
• ნეილონი, სპანდექსი
• ამ სპორტული ტანსაცმლის ოპტიმალური მოვლისთვის, მიჰყევით მოვლის ეტიკეტის ინსტრუქციებს და გამოიყენეთ დელიკატური რეჟიმი"
"PRODUCT"	"8995458646213"	"meta_title"	"ka"	""	""	"Flared Set Black Vouge"	"გაშლილი ნაკრები, შავი ვოგი"
"PRODUCT"	"8995458646213"	"meta_description"	"ka"	""	""	"შლაქსის კომპლექტი , იდეალურად კრავს ტანს და გამოკვეთს უკანალს.წელვადი, არ ლანდავს.მასალა:: Spandex / Polyester"	"შარვლის კომპლექტი, იდეალურად ერგება ტანს და ხაზს უსვამს დუნდულებს. ელასტიკური, არ არის გამჭვირვალე. მასალა: სპანდექსი / პოლიესტერი"
"PRODUCT"	"8995458678981"	"title"	"ka"	""	""	"Flared Set Beige Vouge"	"გაშლილი ნაკრები, კრემისფერი, ვოგი"
"PRODUCT"	"8995458678981"	"body_html"	"ka"	""	""	"Set with Flared Set for a chic and stylish fit
<strong>Material and care:</strong>
•Nylon, Spandex
• For optimal care of this sportswear, follow the care label instructions and use the delicate cycle"	"ნაკრები გაშლილი ნაკრებით, ელეგანტური სტილისთვის
<strong>მასალა და მოვლა:</strong>
• ნეილონი, სპანდექსი
• ამ სპორტული ტანსაცმლის ოპტიმალური მოვლისთვის, მიჰყევით მოვლის ეტიკეტის ინსტრუქციებს და გამოიყენეთ ნაზი რეჟიმი"
"PRODUCT"	"8995458678981"	"meta_title"	"ka"	""	""	"Flared Set Beige Vouge"	"გაშლილი ნაკრები, კრემისფერი, ვოგი"
"PRODUCT"	"8995458678981"	"meta_description"	"ka"	""	""	"შლაქსის კომპლექტი , იდეალურად კრავს ტანს და გამოკვეთს უკანალს.წელვადი, არ ლანდავს.მასალა:: Spandex / Polyester"	"შარვლის კომპლექტი, იდეალურად ერგება ტანს და ხაზს უსვამს დუნდულებს. ელასტიკური, არ არის გამჭვირვალე. მასალა: სპანდექსი / პოლიესტერი."
"PRODUCT"	"8995458711749"	"title"	"ka"	""	""	"Push-up Set Green Spirit"	"აწყობილი აზიდვები Green Spirit"
"PRODUCT"	"8995458711749"	"body_html"	"ka"	""	""	"Push-Up კომპლექტი, იდეალურად კრავს ტანს და კვეთს ფორმებს, არ ტოვებს ოფლის ლაქებს, ზედას აქვს გუფკა.

მასალა: Polyester / Spandex"	"Push-Up комплект, იდეალურად ეკვრის სხეულს, აყალიბებს მის ფორმებს, არ ტოვებს ოფლის ლაქებს, ზედას აქვს ღრუბელი.

მასალა: პოლიესტერი / სპანდექსი"
"PRODUCT"	"8995458711749"	"meta_title"	"ka"	""	""	"Push-up Set Green Spirit"	"აჟიმვანის ნაკრები „მწვანე სული“"
"PRODUCT"	"8995458711749"	"meta_description"	"ka"	""	""	"თეთრი სავარჯიშო Push-up კომპლექტი ლეოპარდის პრინტით, იდეალურად კრავს ტანს და კვეთს ფორმებს, არ ტოვებს ოფლის ლაქებს, ზედას აქვს გუფკა."	"White workout push-up set with leopard print, perfectly hugs the body and sculpts the figure, leaves no sweat stains, top has padding."
"PRODUCT"	"8995458744517"	"title"	"ka"	""	""	"Push-up Set Black Spirit"	"აჩაჩული კაპიუშონიანი მაისური „შავი სული“"
"PRODUCT"	"8995458744517"	"body_html"	"ka"	""	""	"Push-Up კომპლექტი, იდეალურად კრავს ტანს და კვეთს ფორმებს, არ ტოვებს ოფლის ლაქებს, ზედას აქვს გუფკა.

მასალა: Polyester / Spandex"	"Push-Up set, ideally tightens the body and accentuates forms, does not leave sweat stains, the top has padding.

Material: Polyester / Spandex"
"PRODUCT"	"8995458744517"	"meta_title"	"ka"	""	""	"Push-up Set Black Spirit"	"აჭიმვების ნაკრები „შავი სული“"
"PRODUCT"	"8995458744517"	"meta_description"	"ka"	""	""	"თეთრი სავარჯიშო Push-up კომპლექტი ლეოპარდის პრინტით, იდეალურად კრავს ტანს და კვეთს ფორმებს, არ ტოვებს ოფლის ლაქებს, ზედას აქვს გუფკა."	"White workout push-up set with leopard print, perfectly hugs the body and sculpts the figure, leaves no sweat stains, top has padding."
"PRODUCT"	"8995458810053"	"title"	"ka"	""	""	"Short Jumpsuit Black Mesh"	"მოკლე კომბინეზონი, შავი ბადე"
"PRODUCT"	"8995458810053"	"body_html"	"ka"	""	""	"მოკლემკლავიანი მოკლე კომბინიზონი ელვით, გვერდებზე აქვს ბადე, იდეალურად კრავს ტანს და კვეთს ფორმებს.
მკერდზე არ აქვს ღრუბელი*

მასალა: Polyester / Spandex"	"Short-sleeved short jumpsuit with zipper, has mesh on the sides, perfectly shapes the body and defines the forms.
It does not have a sponge on the chest.
Material: Polyester / Spandex"
"PRODUCT"	"8995458810053"	"meta_title"	"ka"	""	""	"Short Jumpsuit Black Mesh"	"მოკლე კომბინეზონი, შავი ბადე"
"PRODUCT"	"8995458810053"	"meta_description"	"ka"	""	""	"მოკლემკლავიანი მოკლე კომბინიზონი ელვით, იდეალურად კრავს ტანს და კვეთს ფორმებს.მკერდზე არ აქვს ღრუბელი*"	"Short sleeve short jumpsuit with zipper, perfectly hugs the body and accentuates shapes. No padding on the chest."
"PRODUCT"	"8995458842821"	"title"	"ka"	""	""	"Short Jumpsuit White Mesh"	"მოკლე კომბინეზონი, თეთრი ბადე"
"PRODUCT"	"8995458842821"	"body_html"	"ka"	""	""	"მოკლემკლავიანი მოკლე კომბინიზონი ელვით, გვერდებზე აქვს ბადე, იდეალურად კრავს ტანს და კვეთს ფორმებს.
მკერდზე არ აქვს ღრუბელი*

მასალა: Polyester / Spandex"	"Short-sleeved short jumpsuit with a zipper, mesh on the sides, perfectly hugs the body and sculpts the figure.
No padding on the bust*

Material: Polyester / Spandex"
"PRODUCT"	"8995458842821"	"meta_title"	"ka"	""	""	"Short Jumpsuit White Mesh"	"მოკლე კომბინეზონი, თეთრი ბადე"
"PRODUCT"	"8995458842821"	"meta_description"	"ka"	""	""	"მოკლემკლავიანი მოკლე კომბინიზონი ელვით, იდეალურად კრავს ტანს და კვეთს ფორმებს.მკერდზე არ აქვს ღრუბელი*"	"Short sleeve short jumpsuit with zipper, perfectly hugs the body and accentuates the forms. No padding on the chest."
"PRODUCT"	"8995458875589"	"title"	"ka"	""	""	"Zip Jacket Baby Pink Ziper"	"ელვაშესაკრავიანი ქურთუკი, საბავშვო ვარდისფერი ელვაშესაკრავი"
"PRODUCT"	"8995458875589"	"body_html"	"ka"	""	""	"გრძელმკლავიანი კაპიუშონიანი ზედა ელვა შესაკრავით, იდეალურად კრავს ტანს და კვეთს ფორმებს.

არ ტოვებს ოფლის ლაქებს

მასალა: Nylon / Spandex"	"გრძელმკლავიანი კაპიუშონიანი ზედა ელვაშესაკრავით, იდეალურად კრავს ტანს და აკვეთს ფორმებს.

არ ტოვებს ოფლის ლაქებს.

მასალა: ნეილონი / სპანდექსი"
"PRODUCT"	"8995458875589"	"meta_title"	"ka"	""	""	"Zip Jacket Baby Pink Ziper"	"ელვაშეკრული ქურთუკი, საბავშვო ვარდისფერი, ელვაშეკრული"
"PRODUCT"	"8995458875589"	"meta_description"	"ka"	""	""	"გრძელმკლავიანი უნაკერო ზედა ელვა შესაკრავით, იდეალურად კრავს ტანს და კვეთს ფორმებს,არ ტოვებს ოფლის ლაქებსმასალა: Nylon / Spandex"	"Seamless long-sleeved top with zipper, ideally hugs the body and accentuates shapes, leaves no sweat stainsMaterial: Nylon / Spandex"
"PRODUCT"	"8995458941125"	"title"	"ka"	""	""	"Zip Jacket Black Ziper"	"ელვა შესაკრავიანი ქურთუკი, შავი ელვა შესაკრავი"
"PRODUCT"	"8995458941125"	"body_html"	"ka"	""	""	"გრძელმკლავიანი კაპიუშონიანი ზედა ელვა შესაკრავით, იდეალურად კრავს ტანს და კვეთს ფორმებს.

არ ტოვებს ოფლის ლაქებს

მასალა: Nylon / Spandex"	"გრძელმკლავიანი კაპიუშონიანი ზედა ელვა-შესაკრავით, იდეალურად ეკვრის ტანს და გამოკვეთს ფორმებს.

არ ტოვებს ოფლის ლაქებს

მასალა: ნეილონი / სპანდექსი"
"PRODUCT"	"8995458941125"	"meta_title"	"ka"	""	""	"Zip Jacket Black Ziper"	"ელვაშესაკრავიანი ქურთუკი, შავი, ელვაშესაკრავი"
"PRODUCT"	"8995458941125"	"meta_description"	"ka"	""	""	"გრძელმკლავიანი უნაკერო ზედა ელვა შესაკრავით, იდეალურად კრავს ტანს და კვეთს ფორმებს,არ ტოვებს ოფლის ლაქებსმასალა: Nylon / Spandex"	"Seamless long-sleeved top with zipper, ideally hugs the body and accentuates shapes, leaves no sweat stainsMaterial: Nylon / Spandex"
"PRODUCT"	"8995458973893"	"title"	"ka"	""	""	"Fleece Jacket Black Bear"	"საწმისის ქურთუკი შავი დათვი"
"PRODUCT"	"8995458973893"	"body_html"	"ka"	""	""	"გრძელმკლავიანი დათბილული შემოსაცმელი  ელვა შესაკრავით

მასალა: Nylon / Spandex"	"Long-sleeved warm top with zipper

Material: Nylon / Spandex"
"PRODUCT"	"8995458973893"	"meta_title"	"ka"	""	""	"Fleece Jacket Black Bear"	"საისონის ქურთუკი შავი დათვი"
"PRODUCT"	"8995458973893"	"meta_description"	"ka"	""	""	"გრძელმკლავიანი დათბილული შემოსაცმელი  ელვა შესაკრავით"	"Long-sleeved warm top with a zipper"
"PRODUCT"	"8995459006661"	"title"	"ka"	""	""	"Set Black Glow Podium"	"დააყენე შავი მოციმციმე პოდიუმი"
"PRODUCT"	"8995459006661"	"body_html"	"ka"	""	""	"3 pcs Set with Flared Set for a chic and stylish fit, includes: top, flared leggings and regular leggings.

<strong>Material and care:</strong>
•78% Nylon, 22% Spandex
• For optimal care of this sportswear, follow the care label instructions and use the delicate cycle"	"3 ცალიანი კომპლექტი გაშლილი ნაკრებით ელეგანტური სტილისთვის, მოიცავს: ზედა, გაშლილ ლეგინს და ჩვეულებრივ ლეგინს.

<strong>მასალა და მოვლა:</strong>
• 78% ნეილონი, 22% სპანდექსი
• ამ სპორტული ტანსაცმლის ოპტიმალური მოვლისთვის მიჰყევით მოვლის ეტიკეტის ინსტრუქციებს და გამოიყენეთ დელიკატური რეცხვის რეჟიმი."
"PRODUCT"	"8995459006661"	"meta_title"	"ka"	""	""	"Set Black Glow Podium"	"შავი მოციმციმე პოდიუმი"
"PRODUCT"	"8995459006661"	"meta_description"	"ka"	""	""	"შლაქსის კომპლექტი , იდეალურად კრავს ტანს და გამოკვეთს უკანალს.წელვადი, არ ლანდავს.მასალა:: Spandex / Polyester"	"შლაქსის კომპლექტი, იდეალურად კრავს ტანს და გამოკვეთს უკანალს. წელვადი, არ ლანდავს. მასალა: სპანდექსი/პოლიესტერი"
"PRODUCT"	"8995459039429"	"title"	"ka"	""	""	"Push-up Leggings Peacock Bomby"	"აჭიმვადი ლეგინსები Peacock Bomby"
"PRODUCT"	"8995459039429"	"body_html"	"ka"	""	""	"Seamless Push-up leggings
• Full-length leggings
• Invisible scrunch bum
•Booty contouring and enhancing

<strong>Material and Care:</strong>
• 90% Nylon, 10% Spandex
• Incredibly soft and seamless, you’ll never want to take it off
• Handle with care when wearing and washing this delicate style"	"უაკერო გამწევი ლეგინსები
• სრული სიგრძის გამაშები
• უხილავი დაჭიმული დუნდულები
• დუნდულების კონტურირება და გაუმჯობესება

<strong>მასალა და მოვლა:</strong>
• 90% ნეილონი, 10% სპანდექსი
• საოცრად რბილი და უნაკერო, არასოდეს მოგინდებათ მისი გახდა
• მოეპყარით სიფრთხილით ამ დელიკატური სტილის ტარებისას და რეცხვისას"
"PRODUCT"	"8995459039429"	"meta_title"	"ka"	""	""	"Push-up Leggings Peacock Bomby"	"აწეული კოლგოტები „ფარშევანგი“ (Peacock) „ბომბი“ (Bomby)"
"PRODUCT"	"8995459039429"	"meta_description"	"ka"	""	""	"სავარჯიშო მაღალწელიანი მქვანე Push-up ელასტიკი, იდეალურად კრავს ტანს და გამოკვეთს უკანალს.მასალა: Spandex / Polyester"	"High-waisted push-up leggings, perfectly sculpts the body and emphasizes the glutes. Material: Spandex / Polyester"
"PRODUCT"	"8995459072197"	"title"	"ka"	""	""	"Set Black Classic"	"შავი კლასიკური ნაკრები"
"PRODUCT"	"8995459072197"	"body_html"	"ka"	""	""	"შავი ორეული გრძელმლავიანი მოკლე ზედით, იდეალურად კრავს ტანს და კვეთს ფორმებს, არ ტოვებს ოფლის ლაქებს, *ზედას აქვს ღრუბელი.

მასალა:  Polyester / Spandex"	"შავი, გრძელმკლავიანი მოკლე ზედა და ქვედაბოლო იდეალურად კრავს ტანს და აყალიბებს ფორმებს, არ ტოვებს ოფლის ლაქებს. *ზედას აქვს ღრუბელი.

მასალა: პოლიესტერი / სპანდექსი"
"PRODUCT"	"8995459072197"	"meta_title"	"ka"	""	""	"Set Black Classic"	"შავი კლასიკური ნაკრები"
"PRODUCT"	"8995459072197"	"meta_description"	"ka"	""	""	"შავი ორეული გრძელმლავიანი მოკლე ზედით, იდეალურად კრავს ტანს და კვეთს ფორმებს, არ ტოვებს ოფლის ლაქებს, აქვს გუფკა.მასალა:  Polyester / Spandex"	"შავი ორეული გრძელმკლავიანი მოკლე ზედით, იდეალურად ეკვრის ტანს, გამოკვეთს ფორმებს, არ ტოვებს ოფლის ლაქებს. აქვს გუფკა. მასალა: პოლიესტერი / სპანდექსი."
"PRODUCT"	"8995459104965"	"title"	"ka"	""	""	"Jumpsuit Light Grey Verona"	"კომბინიზონი ღია ნაცრისფერი ვერონა"
"PRODUCT"	"8995459104965"	"body_html"	"ka"	""	""	"მოკლე სავარჯიშო კომბინიზონი. იდეალურად კრავს ტანს, ვიზუალურად ახდუნებს და გამოკვეთს ფორმებს. მკერდზე აქვს ღრუბელი

მასალა: Polyester/Spandex"	"Short exercise jumpsuit. Ideally hugs the body, visually slims, and highlights forms. Has a bra pad.

Material: Polyester/Spandex"
"PRODUCT"	"8995459104965"	"meta_title"	"ka"	""	""	"Jumpsuit Light Grey Verona"	"კომბინეზონი ღია ნაცრისფერი ვერონა"
"PRODUCT"	"8995459104965"	"meta_description"	"ka"	""	""	"მოკლე სავარჯიშო კომბინიზონი. იდეალურად კრავს ტანს, ვიზუალურად ახდუნებს და გამოკვეთს ფორმებს.მასალა: Polyester/Spandex"	"Short exercise jumpsuit. Ideally snugs the body, visually slims, and accentuates forms. Material: Polyester/Spandex"
"PRODUCT"	"8995459137733"	"title"	"ka"	""	""	"Crop Top Black Classic"	"კროპ ტოპი, შავი, კლასიკური"
"PRODUCT"	"8995459137733"	"body_html"	"ka"	""	""	"სავაჯიშო მოკლე მაისური, არ აქვს გუფკა.
მასალა: Spandex / Polyester"	"Workout short top, without sponge.
Material: Spandex / Polyester"
"PRODUCT"	"8995459137733"	"meta_title"	"ka"	""	""	"Crop Top Black Classic"	"კროპ ტოპი, შავი, კლასიკური"
"PRODUCT"	"8995459137733"	"meta_description"	"ka"	""	""	"შავი ელასტიური სავარჯიშო ტოპი, აქვს გუფკა.მასალა: Spandex / Polyester"	"Black elastic workout top, has sponge. Material: Spandex / Polyester"
"PRODUCT"	"8995459170501"	"title"	"ka"	""	""	"Flared Leggings Brown Gen"	"გაშლილი ქვედაბოლოები ყავისფერი Gen"
"PRODUCT"	"8995459170501"	"body_html"	"ka"	""	""	"Flared Leggings for a chic and stylish fit
•High-waisted
<strong>Material and care:</strong>
•78% Nylon, 22% Spandex
• For optimal care of this sportswear, follow the care label instructions and use the delicate cycle"	"გაშლილი ლეგინსები ელეგანტური სტილისთვის
•მაღალწელიანი
<strong>მასალა და მოვლა:</strong>
•78% ნეილონი, 22% სპანდექსი
• ამ სპორტული ტანსაცმლის ოპტიმალური მოვლისთვის, მიჰყევით მოვლის ეტიკეტზე მითითებებს და გამოიყენეთ დელიკატური რეცხვის ციკლი"
"PRODUCT"	"8995459170501"	"meta_title"	"ka"	""	""	"Flared Leggings Brown Gen"	"გაშლილი ქვედაბოლოები, ყავისფერი, ქალის"
"PRODUCT"	"8995459170501"	"meta_description"	"ka"	""	""	"ყავისფერი შლაქსის Push-up შარვალი , იდეალურად კრავს ტანს და გამოკვეთს უკანალს.წელვადი, არ ლანდავს.მასალა:: Spandex / Polyester"	"Brown push-up leggings. Perfectly sculpts the body and accentuates the buttocks. Stretchy, not see-through. Material: Spandex / Polyester"
"PRODUCT"	"8995459236037"	"title"	"ka"	""	""	"Crop Top Grey Classic ("	"ამოჭრილი ტოპი რუხი კლასიკური ("
"PRODUCT"	"8995459236037"	"body_html"	"ka"	""	""	"სავაჯიშო მოკლე მაისური, არ აქვს გუფკა.
მასალა: Spandex / Polyester"	"Cropped training t-shirt, no padding.
Material: Spandex / Polyester"
"PRODUCT"	"8995459236037"	"meta_title"	"ka"	""	""	"Crop Top Grey Classic ("	"მოკლე ნაცრისფერი კლასიკური ზედა ("
"PRODUCT"	"8995459236037"	"meta_description"	"ka"	""	""	"შავი ელასტიური სავარჯიშო ტოპი, აქვს გუფკა.მასალა: Spandex / Polyester"	"Black elastic workout top, has sponge. Material: Spandex / Polyester"
"PRODUCT"	"8995459268805"	"title"	"ka"	""	""	"Sports Bra Green Run"	"სპორტული ბიუსტჰალტერი მწვანე რბენა"
"PRODUCT"	"8995459268805"	"body_html"	"ka"	""	""	"სავაჯიშო ბრა, მკერდზე აქვს ღრუბელი*
მასალა: Spandex / Polyester"	"Sports Bra, Sponge on chest
Fabric: Spandex / Polyester"
"PRODUCT"	"8995459268805"	"meta_title"	"ka"	""	""	"Sports Bra Green Run"	"სპორტული ბიუსტჰალტერი მწვანე რბენა"
"PRODUCT"	"8995459268805"	"meta_description"	"ka"	""	""	"შავი ელასტიური სავარჯიშო ტოპი, აქვს გუფკა.მასალა: Spandex / Polyester"	"Black elastic workout top, has sponge. Material: Spandex / Polyester"
"PRODUCT"	"8995459301573"	"title"	"ka"	""	""	"Sports Bra Grey Run"	"სპორტული ბიუსტჰალტერი ნაცრისფერი სარბენი"
"PRODUCT"	"8995459301573"	"body_html"	"ka"	""	""	"სავაჯიშო ბრა, მკერდზე აქვს ღრუბელი*
მასალა: Spandex / Polyester"	"Sports Bra, Sponge on chest
Fabric: Spandex / Polyester"
"PRODUCT"	"8995459301573"	"meta_title"	"ka"	""	""	"Sports Bra Grey Run"	"სპორტული ლიფი ნაცრისფერი სარბენი"
"PRODUCT"	"8995459301573"	"meta_description"	"ka"	""	""	"შავი ელასტიური სავარჯიშო ტოპი, აქვს გუფკა.მასალა: Spandex / Polyester"	"Black elastic workout top, has sponge. Material: Spandex / Polyester"
"PRODUCT"	"8995459334341"	"title"	"ka"	""	""	"Sports Bra White Run"	"სპორტული ბიუსტჰალტერი, თეთრი, სარბენი"
"PRODUCT"	"8995459334341"	"body_html"	"ka"	""	""	"სავაჯიშო ბრა, მკერდზე აქვს ღრუბელი*
მასალა: Spandex / Polyester"	"Sports Bra, Sponge on chest
Fabric: Spandex / Polyester"
"PRODUCT"	"8995459334341"	"meta_title"	"ka"	""	""	"Sports Bra White Run"	"სპორტული ბიუსტჰალტერი, თეთრი, სარბენი"
"PRODUCT"	"8995459334341"	"meta_description"	"ka"	""	""	"შავი ელასტიური სავარჯიშო ტოპი, აქვს გუფკა.მასალა: Spandex / Polyester"	"Black elastic workout top, has sponge. Material: Spandex / Polyester"
"PRODUCT"	"8995459367109"	"title"	"ka"	""	""	"Sports Bra Purple Run"	"სპორტული ლიფი იასამნისფერი სარბენი"
"PRODUCT"	"8995459367109"	"body_html"	"ka"	""	""	"სავაჯიშო ბრა, მკერდზე აქვს ღრუბელი*
მასალა: Spandex / Polyester"	"Sports Bra, Sponge on chest
Fabric: Spandex / Polyester"
"PRODUCT"	"8995459367109"	"meta_title"	"ka"	""	""	"Sports Bra Purple Run"	"სპორტული ლიფი იასამნისფერი სარბენი"
"PRODUCT"	"8995459367109"	"meta_description"	"ka"	""	""	"შავი ელასტიური სავარჯიშო ტოპი, აქვს გუფკა.მასალა: Spandex / Polyester"	"Black elastic workout top, has sponge. Material: Spandex / Polyester"
"PRODUCT"	"8995459399877"	"title"	"ka"	""	""	"Sports Bra Leopard Run"	"სპორტული ბიუსტჰალტერი Leopard Run"
"PRODUCT"	"8995459399877"	"body_html"	"ka"	""	""	"სავაჯიშო ბრა, მკერდზე აქვს ღრუბელი*
მასალა: Spandex / Polyester"	"Sports Bra, Sponge on chest
Fabric: Spandex / Polyester"
"PRODUCT"	"8995459399877"	"meta_title"	"ka"	""	""	"Sports Bra Leopard Run"	"სპორტული ბიუსტჰალტერი Leopard Run"
"PRODUCT"	"8995459399877"	"meta_description"	"ka"	""	""	"შავი ელასტიური სავარჯიშო ტოპი, აქვს გუფკა.მასალა: Spandex / Polyester"	"Black elastic workout top, has sponge. Material: Spandex / Polyester"
"PRODUCT"	"8995459432645"	"title"	"ka"	""	""	"Short Sleeve Jacket Black Zip"	"მოკლემკლავიანი შავი ჟაკეტი ელვა-შესაკრავით"
"PRODUCT"	"8995459432645"	"body_html"	"ka"	""	""	"ელასტიური სავარჯიშო ჯაკეტი ელვა-შესაკრავით,  *მკერდზე არ აქვს ღრუბელი
მასალა: Spandex / Polyester"	"ელასტიური სავარჯიშო ჯაკეტი ელვა-შესაკრავით, *მკერდზე არ აქვს ღრუბელი
მასალა: Spandex / Polyester"
"PRODUCT"	"8995459432645"	"meta_title"	"ka"	""	""	"Short Sleeve Jacket Black Zip"	"მოკლე სახელოებიანი ჟაკეტი, შავი ელვა-შესაკრავით"
"PRODUCT"	"8995459432645"	"meta_description"	"ka"	""	""	"თეთრი ელასტიური სავარჯიშო ტოპი ელვა-შესაკრავით, აქვს გუფკა.მასალა: Spandex / Polyester"	"White elastic workout top with a zipper, includes removable pads. Material: Spandex / Polyester"
"PRODUCT"	"8995459465413"	"title"	"ka"	""	""	"Short Sleeve Jacket Brown Zip"	"მოკლემკლავიანი ქურთუკი, ყავისფერი, ელვა-შესაკრავით"
"PRODUCT"	"8995459465413"	"body_html"	"ka"	""	""	"ელასტიური სავარჯიშო ჟაკეტი ელვა-შესაკრავით, მკერდზე არ აქვს ღრუბელი
მასალა: Spandex / Polyester"	"Elastic training jacket with zipper, no sponge on the chest
Material: Spandex / Polyester"
"PRODUCT"	"8995459465413"	"meta_title"	"ka"	""	""	"Short Sleeve Jacket Brown Zip"	"მოკლემკლავიანი ქურთუკი, ყავისფერი, ელვა-შესაკრავით"
"PRODUCT"	"8995459465413"	"meta_description"	"ka"	""	""	"თეთრი ელასტიური სავარჯიშო ტოპი ელვა-შესაკრავით, აქვს გუფკა.მასალა: Spandex / Polyester"	"White elastic workout top with a zipper, includes removable pads. Material: Spandex / Polyester"
"PRODUCT"	"8995459498181"	"title"	"ka"	""	""	"Short Sleeve Jacket Beige Zip"	"მოკლემკლავიანი ქურთუკი კრემისფერი ელვა-შესაკრავით"
"PRODUCT"	"8995459498181"	"body_html"	"ka"	""	""	"ელასტიური სავარჯიშო ჟაკეტი ელვა-შესაკრავით, მკერდზე არ აქვს ღრუბელი
მასალა: Spandex / Polyester"	"Elastic workout jacket with zipper, no sponge on the chest
Material: Spandex / Polyester"
"PRODUCT"	"8995459498181"	"meta_title"	"ka"	""	""	"Short Sleeve Jacket Beige Zip"	"მოკლე სახელოებიანი ქურთუკი, კრემისფერი, ელვა-შესაკრავით"
"PRODUCT"	"8995459498181"	"meta_description"	"ka"	""	""	"თეთრი ელასტიური სავარჯიშო ტოპი ელვა-შესაკრავით, აქვს გუფკა.მასალა: Spandex / Polyester"	"White elastic workout top with a zipper, includes removable pads. Material: Spandex / Polyester"
"PRODUCT"	"8995459530949"	"title"	"ka"	""	""	"Short Sleeve Jacket Grey Zip"	"მოკლე სახელოებიანი ჟაკეტი, რუხი, ელვა-შესაკრავით"
"PRODUCT"	"8995459530949"	"body_html"	"ka"	""	""	"ელასტიური სავარჯიშო ჟაკეტი ელვა-შესაკრავით, მკერდზე არ აქვს ღრუბელი
მასალა: Spandex / Polyester"	"Elastic training jacket with zipper, no sponge on the chest
Material: Spandex / Polyester"
"PRODUCT"	"8995459530949"	"meta_title"	"ka"	""	""	"Short Sleeve Jacket Grey Zip"	"მოკლემკლავიანი ნაცრისფერი ელვაშესაკრავიანი ქურთუკი"
"PRODUCT"	"8995459530949"	"meta_description"	"ka"	""	""	"თეთრი ელასტიური სავარჯიშო ტოპი ელვა-შესაკრავით, აქვს გუფკა.მასალა: Spandex / Polyester"	"White elastic workout top with a zipper, includes removable pads. Material: Spandex / Polyester"
"PRODUCT"	"8995459563717"	"title"	"ka"	""	""	"Flared Leggings Black Storm"	"გაშლილი შარვალი Black Storm"
"PRODUCT"	"8995459563717"	"body_html"	"ka"	""	""	"Flared Leggings for a chic and stylish fit
•High-waisted
<strong>Material and care:</strong>
•78% Nylon, 22% Spandex
• For optimal care of this sportswear, follow the care label instructions and use the delicate cycle"	"გაშლილი ლეგინსები ელეგანტური სტილისთვის
•მაღალწელიანი
<strong>მასალა და მოვლა:</strong>
•78% ნეილონი, 22% სპანდექსი
• ამ სპორტული ტანსაცმლის ოპტიმალური მოვლისთვის მიჰყევით მოვლის ეტიკეტის ინსტრუქციებს და გამოიყენეთ დელიკატური რეჟიმი"
"PRODUCT"	"8995459563717"	"meta_title"	"ka"	""	""	"Flared Leggings Black Storm"	"გაშლილი შარვალი-კოლგოტი Black Storm"
"PRODUCT"	"8995459563717"	"meta_description"	"ka"	""	""	"შლაქსის შარვალი , იდეალურად კრავს ტანს და გამოკვეთს უკანალს.წელვადი, არ ლანდავს.მასალა:: Spandex / Polyester"	"Slacks, perfectly hug the body and accentuate the buttocks. Stretchy, not see-through. Material: Spandex / Polyester"
"PRODUCT"	"8995459596485"	"title"	"ka"	""	""	"Flared Leggings Grass Green Storm"	"გაშლილი ქვედაბოლოები ბალახისფერი მწვანე Storm-ის ფერში"
"PRODUCT"	"8995459596485"	"body_html"	"ka"	""	""	"Flared Leggings for a chic and stylish fit
•High-waisted
<strong>Material and care:</strong>
•78% Nylon, 22% Spandex
• For optimal care of this sportswear, follow the care label instructions and use the delicate cycle"	"გაშლილი ლეგინსები დახვეწილი და ელეგანტური სტილისთვის
•მაღალწელიანი
<strong>მასალა და მოვლა:</strong>
•78% ნეილონი, 22% სპანდექსი
•ამ სპორტული ტანსაცმლის ოპტიმალური მოვლისთვის მიჰყევით მოვლის ეტიკეტის ინსტრუქციებს და გამოიყენეთ დელიკატური რეჟიმი"
"PRODUCT"	"8995459596485"	"meta_title"	"ka"	""	""	"Flared Leggings Grass Green Storm"	"გაშლილი ქვედაბოლოები ბალახისფერი მწვანე შტორმი"
"PRODUCT"	"8995459596485"	"meta_description"	"ka"	""	""	"ვარდისფერი შლაქსის Push-up შარვალი , იდეალურად კრავს ტანს და გამოკვეთს უკანალს.წელვადი, არ ლანდავს.მასალა:: Spandex / Polyester"	"Pink push-up leggings, perfectly sculpt the body and accentuate the buttocks. Stretchy, not see-through. Material: Spandex / Polyester"
"PRODUCT"	"8995459629253"	"title"	"ka"	""	""	"Flared Leggings Light Grey Storm"	"გაშლილი ქვედაბოლო ღია ნაცრისფერი „სტორმი“"
"PRODUCT"	"8995459629253"	"body_html"	"ka"	""	""	"Flared Leggings for a chic and stylish fit
•High-waisted
<strong>Material and care:</strong>
•78% Nylon, 22% Spandex
• For optimal care of this sportswear, follow the care label instructions and use the delicate cycle"	"გაშლილი ლეგინსები ელეგანტური სტილისთვის
•მაღალწელიანი
<strong>მასალა და მოვლა:</strong>
•78% ნეილონი, 22% სპანდექსი
• ამ სპორტული ტანსაცმლის ოპტიმალური მოვლისთვის მიჰყევით მოვლის ეტიკეტის ინსტრუქციებს და გამოიყენეთ დელიკატური ციკლი"
"PRODUCT"	"8995459629253"	"meta_title"	"ka"	""	""	"Flared Leggings Light Grey Storm"	"გაშლილი ლეგინსები, ღია ნაცრისფერი „სტორმი“"
"PRODUCT"	"8995459629253"	"meta_description"	"ka"	""	""	"ვარდისფერი შლაქსის Push-up შარვალი , იდეალურად კრავს ტანს და გამოკვეთს უკანალს.წელვადი, არ ლანდავს.მასალა:: Spandex / Polyester"	"Pink push-up leggings, perfectly sculpt the body and accentuate the buttocks. Stretchy, not see-through. Material: Spandex / Polyester"
"PRODUCT"	"8995459662021"	"title"	"ka"	""	""	"Flared Leggings Baby Pink V"	"გაშლილი შარვალი ბავშვის ვარდისფერი V"
"PRODUCT"	"8995459662021"	"body_html"	"ka"	""	""	"Flared Leggings for a chic and stylish fit
•Medium high-waisted
<strong>Material and care:</strong>
• Nylon,  Spandex
• For optimal care of this sportswear, follow the care label instructions and use the delicate cycle"	"გაგანიერებული გამაშები ელეგანტური სტილისთვის
• საშუალო სიმაღლის წელი
<strong>მასალა და მოვლა:</strong>
• ნეილონი, სპანდექსი
• ამ სპორტული ტანსაცმლის ოპტიმალური მოვლისთვის, მიჰყევით მოვლის ეტიკეტის ინსტრუქციებს და გამოიყენეთ დელიკატური რეჟიმი"
"PRODUCT"	"8995459662021"	"meta_title"	"ka"	""	""	"Flared Leggings Baby Pink V"	"გაშლილი შარვალი ბავშვის ვარდისფერი V"
"PRODUCT"	"8995459662021"	"meta_description"	"ka"	""	""	"ვარდისფერი შლაქსის Push-up შარვალი , იდეალურად კრავს ტანს და გამოკვეთს უკანალს.წელვადი, არ ლანდავს.მასალა:: Spandex / Polyester"	"Pink push-up leggings, perfectly sculpt the body and accentuate the buttocks. Stretchy, not see-through. Material: Spandex / Polyester"
"PRODUCT"	"8995459727557"	"title"	"ka"	""	""	"Flared Leggings Black V"	"გაშლილი შარვალი შავი V"
"PRODUCT"	"8995459727557"	"body_html"	"ka"	""	""	"Flared Leggings for a chic and stylish fit
•Medium high-waisted
<strong>Material and care:</strong>
• Nylon,  Spandex
• For optimal care of this sportswear, follow the care label instructions and use the delicate cycle"	"Flared Leggings ელეგანტური სტილისთვის
• საშუალო სიმაღლის წელი
<strong>მასალა და მოვლა:</strong>
• ნეილონი, სპანდექსი
• ამ სპორტული ტანსაცმლის ოპტიმალური მოვლისთვის, მიჰყევით მოვლის ეტიკეტზე მითითებებს და გამოიყენეთ დელიკატური რეჟიმი"
"PRODUCT"	"8995459727557"	"meta_title"	"ka"	""	""	"Flared Leggings Black V"	"გაშლილი შარვალი (ლეჯინსი) შავი V"
"PRODUCT"	"8995459727557"	"meta_description"	"ka"	""	""	"ვარდისფერი შლაქსის Push-up შარვალი , იდეალურად კრავს ტანს და გამოკვეთს უკანალს.წელვადი, არ ლანდავს.მასალა:: Spandex / Polyester"	"Pink push-up leggings, perfectly sculpt the body and accentuate the buttocks. Stretchy, not see-through. Material: Spandex / Polyester"
"PRODUCT"	"8995459760325"	"title"	"ka"	""	""	"Flared Leggings Khaki V"	"გაშლილი ლეგინსები ხაკისფერი V"
"PRODUCT"	"8995459760325"	"body_html"	"ka"	""	""	"Flared Leggings for a chic and stylish fit
•Medium high-waisted
<strong>Material and care:</strong>
• Nylon,  Spandex
• For optimal care of this sportswear, follow the care label instructions and use the delicate cycle"	"<p>გაშლილი ლეგინსები, ელეგანტური სტილის შესაქმნელად</p>
<ul><li>საშუალო მაღალი წელი</li></ul>
<strong>მასალა და მოვლა:</strong>
<ul>
<li>ნაილონი, სპანდექსი</li>

<li>ამ სპორტული ტანსაცმლის ოპტიმალური მოვლისთვის მიჰყევით მოვლის ეტიკეტის ინსტრუქციებს და გამოიყენეთ დელიკატური რეცხვის რეჟიმი</li>
</ul>"
"PRODUCT"	"8995459760325"	"meta_title"	"ka"	""	""	"Flared Leggings Khaki V"	"გაშლილი ლეგინსები ხაკისფერი V"
"PRODUCT"	"8995459760325"	"meta_description"	"ka"	""	""	"ვარდისფერი შლაქსის Push-up შარვალი , იდეალურად კრავს ტანს და გამოკვეთს უკანალს.წელვადი, არ ლანდავს.მასალა:: Spandex / Polyester"	"Pink push-up leggings, perfectly sculpt the body and accentuate the buttocks. Stretchy, not see-through. Material: Spandex / Polyester"
"PRODUCT"	"8995459793093"	"title"	"ka"	""	""	"Crop Top Black Classic V"	"კროპ ტოპი შავი კლასიკური V-ყელით"
"PRODUCT"	"8995459793093"	"body_html"	"ka"	""	""	"მოკლემკლავიანი ტოპი, იდეალურად კრავს ტანს და კვეთს ფორმებს, არ ტოვებს ოფლის ლაქებს
*ტოპი არ არის მკერდზე ღრუბლით  მასალა: Nylon / Spandex"	"Short-sleeved top, perfectly shapes the body and accentuates forms, leaves no sweat stains.
*The top has no padding on the bust. Material: Nylon / Spandex"
"PRODUCT"	"8995459793093"	"meta_title"	"ka"	""	""	"Crop Top Black Classic V"	"მოკლე ზედა შავი კლასიკური V-ყელით"
"PRODUCT"	"8995459793093"	"meta_description"	"ka"	""	""	"მოკლემკლავიანი ტოპი, იდეალურად კრავს ტანს და კვეთს ფორმებს,არ ტოვებს ოფლის ლაქებს *ტოპი არის გუფკით მასალა: Nylon / Spandex"	"Short-sleeved top, perfectly hugs the body and accentuates curves, leaves no sweat marks *The top has padding Material: Nylon / Spandex"
"PRODUCT"	"8995459825861"	"title"	"ka"	""	""	"Crop Top White Classic V"	"კროპ ტოპი თეთრი კლასიკური V-ყელით"
"PRODUCT"	"8995459825861"	"body_html"	"ka"	""	""	"მოკლემკლავიანი ტოპი, იდეალურად კრავს ტანს და კვეთს ფორმებს, არ ტოვებს ოფლის ლაქებს
*ტოპი არ არის მკერდზე ღრუბლით  მასალა: Nylon / Spandex"	"Short-sleeved top, perfectly hugs the body and accentuates forms, leaving no sweat stains.
*The top does not have padding on the bust. Material: Nylon / Spandex"
"PRODUCT"	"8995459825861"	"meta_title"	"ka"	""	""	"Crop Top White Classic V"	"კროპ ტოპი თეთრი კლასიკური V-ყელით"
"PRODUCT"	"8995459825861"	"meta_description"	"ka"	""	""	"მოკლემკლავიანი ტოპი, იდეალურად კრავს ტანს და კვეთს ფორმებს,არ ტოვებს ოფლის ლაქებს *ტოპი არის გუფკით მასალა: Nylon / Spandex"	"Short-sleeved top, perfectly hugs the body and accentuates curves, leaves no sweat marks *The top has padding Material: Nylon / Spandex"
"PRODUCT"	"8995459891397"	"title"	"ka"	""	""	"Crop Top Blue Classic V"	"მოკლე ტოპი, ლურჯი, კლასიკური V-ყელით"
"PRODUCT"	"8995459891397"	"body_html"	"ka"	""	""	"მოკლემკლავიანი ტოპი, იდეალურად კრავს ტანს და კვეთს ფორმებს, არ ტოვებს ოფლის ლაქებს
*ტოპი არ არის მკერდზე ღრუბლით  მასალა: Nylon / Spandex"	"Short-sleeved top, perfectly shapes the body and accentuates forms, leaving no sweat stains.
*The top does not have padding on the bust. Material: Nylon / Spandex"
"PRODUCT"	"8995459891397"	"meta_title"	"ka"	""	""	"Crop Top Blue Classic V"	"მოკლე ტოპი, ლურჯი, კლასიკური V-ყელით"
"PRODUCT"	"8995459891397"	"meta_description"	"ka"	""	""	"მოკლემკლავიანი ტოპი, იდეალურად კრავს ტანს და კვეთს ფორმებს,არ ტოვებს ოფლის ლაქებს *ტოპი არის გუფკით მასალა: Nylon / Spandex"	"Short-sleeved top, perfectly hugs the body and accentuates curves, leaves no sweat marks *The top has padding Material: Nylon / Spandex"
"PRODUCT"	"8995459924165"	"title"	"ka"	""	""	"Crop Top Khaki Classic V"	"კროპ ტოპი ხაკისფერი კლასიკური V"
"PRODUCT"	"8995459924165"	"body_html"	"ka"	""	""	"მოკლემკლავიანი ტოპი, იდეალურად კრავს ტანს და კვეთს ფორმებს, არ ტოვებს ოფლის ლაქებს
*ტოპი არ არის მკერდზე ღრუბლით  მასალა: Nylon / Spandex"	"Short-sleeved top, perfectly hugs the body and sculpts the figure, doesn't leave sweat stains.
*Top doesn't have chest padding. Material: Nylon / Spandex"
"PRODUCT"	"8995459924165"	"meta_title"	"ka"	""	""	"Crop Top Khaki Classic V"	"კროპ ტოპი ხაკისფერი კლასიკური V"
"PRODUCT"	"8995459924165"	"meta_description"	"ka"	""	""	"მოკლემკლავიანი ტოპი, იდეალურად კრავს ტანს და კვეთს ფორმებს,არ ტოვებს ოფლის ლაქებს *ტოპი არის გუფკით მასალა: Nylon / Spandex"	"Short-sleeved top, perfectly hugs the body and accentuates curves, leaves no sweat marks *The top has padding Material: Nylon / Spandex"
"PRODUCT"	"8995459956933"	"title"	"ka"	""	""	"Crop Top Pink Classic V"	"კროპ ტოპი, ვარდისფერი, კლასიკური V-ყელით"
"PRODUCT"	"8995459956933"	"body_html"	"ka"	""	""	"მოკლემკლავიანი ტოპი, იდეალურად კრავს ტანს და კვეთს ფორმებს, არ ტოვებს ოფლის ლაქებს
*ტოპი არ არის მკერდზე ღრუბლით  მასალა: Nylon / Spandex"	"Short sleeve top, perfectly hugs the body and sculpts forms, leaves no sweat stains
*Top has no padding on the chest. Material: Nylon / Spandex"
"PRODUCT"	"8995459956933"	"meta_title"	"ka"	""	""	"Crop Top Pink Classic V"	"ტოპი ვარდისფერი კლასიკური V-ყელით"
"PRODUCT"	"8995459956933"	"meta_description"	"ka"	""	""	"მოკლემკლავიანი ტოპი, იდეალურად კრავს ტანს და კვეთს ფორმებს,არ ტოვებს ოფლის ლაქებს *ტოპი არის გუფკით მასალა: Nylon / Spandex"	"Short-sleeved top, perfectly hugs the body and accentuates curves, leaves no sweat marks *The top has padding Material: Nylon / Spandex"
"PRODUCT"	"8995459989701"	"title"	"ka"	""	""	"Short Jumpsuit Pink Panther"	"მოკლე კომბინეზონი ვარდისფერი პანტერა"
"PRODUCT"	"8995459989701"	"body_html"	"ka"	""	""	"მოკლემკლავიანი მოკლე კომბინიზონი ელვით, იდეალურად კრავს ტანს და კვეთს ფორმებს.
მკერდზე არ აქვს ღრუბელი*

მასალა: Polyester / Spandex"	"Short-sleeved short jumpsuit with a zipper, perfectly wraps around the body and accentuates shapes.
It does not have a sponge on the chest.

Material: Polyester / Spandex"
"PRODUCT"	"8995459989701"	"meta_title"	"ka"	""	""	"Short Jumpsuit Pink Panther"	"მოკლე კომბინეზონი ვარდისფერი პანტერა"
"PRODUCT"	"8995459989701"	"meta_description"	"ka"	""	""	"დახურული, გრძელმკლავიანი, ელასტიური კომბინიზონი უნიქორნის პრინტით, იდეალურად კრავს ტანს და კვეთს ფორმებს.მასალა: Polyester / Spandex"	"Closed, long-sleeved, elastic jumpsuit with unicorn print, perfectly wraps and defines the body.
Material: Polyester / Spandex"
"PRODUCT"	"8995460022469"	"title"	"ka"	""	""	"Sports Top Baby Pink Rox V"	"სპორტული ზედა ბაცი ვარდისფერი Rox V"
"PRODUCT"	"8995460022469"	"body_html"	"ka"	""	""	"ელასტიური სავარჯიშო გრძელი ტოპი, აქვს ღრუბელი.
მასალა: Spandex / Polyester"	"Elastic long workout top, has a sponge.
Material: Spandex / Polyester"
"PRODUCT"	"8995460022469"	"meta_title"	"ka"	""	""	"Sports Top Baby Pink Rox V"	"Sports Top Baby Pink Rox V"
"PRODUCT"	"8995460022469"	"meta_description"	"ka"	""	""	"სავარჯიშო ტოპი, აქვს გუფკა.მასალა: Spandex / Polyester"	"Sports top with sponge. Material: Spandex / Polyester"
"PRODUCT"	"8995460120773"	"title"	"ka"	""	""	"Sports Top Black Rox V"	"სპორტული ზედატანი შავი Rox V"
"PRODUCT"	"8995460120773"	"body_html"	"ka"	""	""	"ელასტიური სავარჯიშო ტოპი, მკერდზე აქვს ღრუბელი.
მასალა: Spandex / Polyester"	"Elastic sports top with chest pad.
Material: Spandex / Polyester"
"PRODUCT"	"8995460120773"	"meta_title"	"ka"	""	""	"Sports Top Black Rox V"	"Sports Top Black Rox V"
"PRODUCT"	"8995460120773"	"meta_description"	"ka"	""	""	"სავარჯიშო ტოპი, აქვს გუფკა.მასალა: Spandex / Polyester"	"Sports top with sponge. Material: Spandex / Polyester"
"PRODUCT"	"8995460153541"	"title"	"ka"	""	""	"Sports Top Khaki Rox V"	"სპორტული ტოპი ხაკისფერი Rox V"
"PRODUCT"	"8995460153541"	"body_html"	"ka"	""	""	"ელასტიური სავარჯიშო ტოპი, მკერდზე აქვს ღრუბელი.
მასალა: Spandex / Polyester"	"Elastic workout top with sponge on the chest.
Material: Spandex / Polyester"
"PRODUCT"	"8995460153541"	"meta_title"	"ka"	""	""	"Sports Top Khaki Rox V"	"სპორტული ზედა ხაკისფერი Rox V"
"PRODUCT"	"8995460153541"	"meta_description"	"ka"	""	""	"სავარჯიშო ტოპი, აქვს გუფკა.მასალა: Spandex / Polyester"	"Sports top with sponge. Material: Spandex / Polyester"
"PRODUCT"	"8995460219077"	"title"	"ka"	""	""	"Shorts Black Classic Rain V"	"შორტები შავი კლასიკური წვიმა V"
"PRODUCT"	"8995460219077"	"body_html"	"ka"	""	""	"შავი შორტი, იდეალურად კრავს ტანს
მასალა: Spandex / Polyester"	"Black shorts, perfectly sculpt the body
Material: Spandex / Polyester"
"PRODUCT"	"8995460219077"	"meta_title"	"ka"	""	""	"Shorts Black Classic Rain V"	"შორტი შავი კლასიკური წვიმის V"
"PRODUCT"	"8995460219077"	"meta_description"	"ka"	""	""	"შავი მოკლე სავარჯიშო მაღალწელიანი ელასტიკი, იდეალურად კრავს ტანს და გამoკვეთს უკანალს.მასალა: Spandex / Polyester"	"შავი, მოკლე, სავარჯიშო, მაღალწელიანი ელასტიკი, იდეალურად ეკვრის სხეულს და გამოკვეთს უკანალს. მასალა: Spandex / Polyester"
"PRODUCT"	"8995460251845"	"title"	"ka"	""	""	"Leggings Red Sunshine"	"წითელი ელასტიკური შარვალი „სანშაინი“"
"PRODUCT"	"8995460251845"	"body_html"	"ka"	""	""	"Seamless leggings
• Full-length leggings
• Invisible scrunch bum
•Booty contouring and enhancing

<strong>Material and Care:</strong>
• Nylon, Spandex
• Incredibly soft and seamless, you’ll never want to take it off
• Handle with care when wearing and washing this delicate style"	"უკერო გამაშები
• სრული სიგრძის გამაშები
• უხილავი, დანაოჭებული უკანა მხარე
• უკანალის კონტურირება და გაუმჯობესება

<strong>მასალა და მოვლა:</strong>
• ნეილონი, სპანდექსი
• საოცრად რბილი და უკერო, არასოდეს მოგინდებათ მისი მოხსნა
• სიფრთხილით მოექეცით ამ დელიკატური სტილის ტარებისა და რეცხვისას"
"PRODUCT"	"8995460251845"	"meta_title"	"ka"	""	""	"Leggings Red Sunshine"	"წითელი ლეგინსი Sunshine"
"PRODUCT"	"8995460251845"	"meta_description"	"ka"	""	""	"სავარჯიშო მაღალწელიანი Push-up ელასტიკი, იდეალურად კრავს ტანს და გამოკვეთს უკანალს.მასალა: Spandex / Polyester"	"High-waist Push-up elastic leggings, ideal for a tight fit and buttock-lifting effect. Material: Spandex / Polyester"
"PRODUCT"	"8995460284613"	"title"	"ka"	""	""	"Leggings Black Sunshine"	"შავი ლეგინსები „სანშაინი“"
"PRODUCT"	"8995460284613"	"body_html"	"ka"	""	""	"Seamless leggings
• Full-length leggings
• Invisible scrunch bum
•Booty contouring and enhancing

<strong>Material and Care:</strong>
• Nylon, Spandex
• Incredibly soft and seamless, you’ll never want to take it off
• Handle with care when wearing and washing this delicate style"	"უნაკერო ლეგინსები
• სრული სიგრძის ლეგინსები
• უხილავი „სქრანჩ ბამი“
• დუნდულების კონტურირება და გადიდება

<strong>მასალა და მოვლა:</strong>
• ნეილონი, სპანდექსი
• საოცრად რბილი და უნაკერო, არასდროს მოგინდებათ მისი გახდა
• მოეპყარით სიფრთხილით ამ დელიკატური სტილის ტარებისა და რეცხვისას"
"PRODUCT"	"8995460284613"	"meta_title"	"ka"	""	""	"Leggings Black Sunshine"	"ლეგინსები შავი Sunshine"
"PRODUCT"	"8995460284613"	"meta_description"	"ka"	""	""	"სავარჯიშო მაღალწელიანი Push-up ელასტიკი, იდეალურად კრავს ტანს და გამოკვეთს უკანალს.მასალა: Spandex / Polyester"	"High-waist Push-up elastic leggings, ideal for a tight fit and buttock-lifting effect. Material: Spandex / Polyester"
"PRODUCT"	"8995460317381"	"title"	"ka"	""	""	"Leggings Baby Pink Sunshine"	"შარვალი ბავშვის ვარდისფერი მზის სხივი"
"PRODUCT"	"8995460317381"	"body_html"	"ka"	""	""	"Seamless leggings
• Full-length leggings
• Invisible scrunch bum
•Booty contouring and enhancing

<strong>Material and Care:</strong>
• Nylon, Spandex
• Incredibly soft and seamless, you’ll never want to take it off
• Handle with care when wearing and washing this delicate style"	"უწყვეტი ლეგინსები
• სრულმეტრაჟიანი ლეგინსები
• უხილავი „სქრანჩ-ბამი“
• დუნდულების კონტურის გამკვეთება და გაუმჯობესება

<strong>მასალა და მოვლა:</strong>
• ნეილონი, სპანდექსი
• წარმოუდგენლად რბილი და უწყვეტი, არასდროს მოგინდებათ მისი გახდა
• ფრთხილად მოეპყარით ამ დელიკატურ სტილს ტარებისა და გარეცხვის დროს"
"PRODUCT"	"8995460317381"	"meta_title"	"ka"	""	""	"Leggings Baby Pink Sunshine"	"გამაშები, ბაცი ვარდისფერი, „სანშაინი“"
"PRODUCT"	"8995460317381"	"meta_description"	"ka"	""	""	"სავარჯიშო მაღალწელიანი Push-up ელასტიკი, იდეალურად კრავს ტანს და გამოკვეთს უკანალს.მასალა: Spandex / Polyester"	"High-waist Push-up elastic leggings, ideal for a tight fit and buttock-lifting effect. Material: Spandex / Polyester"
"PRODUCT"	"8995460350149"	"title"	"ka"	""	""	"Jumpsuit Baby Pink Sunshine"	"კომბინეზონი ღია ვარდისფერი „სანშაინი“"
"PRODUCT"	"8995460350149"	"body_html"	"ka"	""	""	"სავარჯიშო კომბინიზონი, მკერდზე აქვს ღრუბელი.
იდეალურად კრავს ტანს და ვიზუალურად ახდუნებს.
მასალა: Polyester"	"Workout jumpsuit with a padded bust.
It perfectly snugs the body and makes it look slimmer.
Material: Polyester"
"PRODUCT"	"8995460350149"	"meta_title"	"ka"	""	""	"Jumpsuit Baby Pink Sunshine"	"კომბინეზონი ღია ვარდისფერი „სანშაინი“"
"PRODUCT"	"8995460350149"	"meta_description"	"ka"	""	""	"სავარჯიშო კომბინიზონი, აქვს გუფკა.იდეალურად კრავს ტანს და ვიზუალურად ახდუნებს.მასალა: Polyester"	"Workout jumpsuit, has a sponge. Perfectly sculpts the body and visually slims it. Material: Polyester"
"PRODUCT"	"8995460382917"	"title"	"ka"	""	""	"Jumpsuit Black Sunshine"	"კომბინეზონი შავი სინათლე"
"PRODUCT"	"8995460382917"	"body_html"	"ka"	""	""	"სავარჯიშო კომბინიზონი, მკერდზე აქვს ღრუბელი.
იდეალურად კრავს ტანს და ვიზუალურად ახდუნებს.
მასალა: Polyester"	"Workout jumpsuit with a padded bust.
It perfectly snugs the body and makes it look slimmer.
Material: Polyester"
"PRODUCT"	"8995460382917"	"meta_title"	"ka"	""	""	"Jumpsuit Black Sunshine"	"კომბინეზონი Black Sunshine"
"PRODUCT"	"8995460382917"	"meta_description"	"ka"	""	""	"სავარჯიშო კომბინიზონი, აქვს გუფკა.იდეალურად კრავს ტანს და ვიზუალურად ახდუნებს.მასალა: Polyester"	"Workout jumpsuit, has a sponge. Perfectly sculpts the body and visually slims it. Material: Polyester"
"PRODUCT"	"8995460448453"	"title"	"ka"	""	""	"Jumpsuit Red Sunshine"	"კომბინეზონი Red Sunshine"
"PRODUCT"	"8995460448453"	"body_html"	"ka"	""	""	"სავარჯიშო კომბინიზონი, მკერდზე აქვს ღრუბელი.
იდეალურად კრავს ტანს და ვიზუალურად ახდუნებს.
მასალა: Polyester"	"Workout jumpsuit with a padded bust.
It perfectly snugs the body and makes it look slimmer.
Material: Polyester"
"PRODUCT"	"8995460448453"	"meta_title"	"ka"	""	""	"Jumpsuit Red Sunshine"	"კომბინიზონი Red Sunshine"
"PRODUCT"	"8995460448453"	"meta_description"	"ka"	""	""	"სავარჯიშო კომბინიზონი, აქვს გუფკა.იდეალურად კრავს ტანს და ვიზუალურად ახდუნებს.მასალა: Polyester"	"Workout jumpsuit, has a sponge. Perfectly sculpts the body and visually slims it. Material: Polyester"
"PRODUCT"	"8995460481221"	"title"	"ka"	""	""	"T-Shirt White Love"	"მაისური თეთრი სიყვარული"
"PRODUCT"	"8995460481221"	"body_html"	"ka"	""	""	"თეთრი ელასტიური სავარჯიშო მაისური, არ აქვს ღრუბელი
მასალა: Spandex / Polyester"	"White elastic workout t-shirt, no sponge pads
Material: Spandex / Polyester"
"PRODUCT"	"8995460481221"	"meta_title"	"ka"	""	""	"T-Shirt White Love"	"მაისური თეთრი სიყვარული"
"PRODUCT"	"8995460481221"	"meta_description"	"ka"	""	""	"თეთრი ელასტიური სავარჯიშო ტოპი, აქვს გუფკა.მასალა: Spandex / Polyester"	"White elastic workout top with sponge pads.Material: Spandex / Polyester"
"PRODUCT"	"8995460513989"	"title"	"ka"	""	""	"T-Shirt Black Love"	"მაისური შავი სიყვარული"
"PRODUCT"	"8995460513989"	"body_html"	"ka"	""	""	"შავი ელასტიური სავარჯიშო მაისური, არ აქვს ღრუბელი
მასალა: Spandex / Polyester"	"შავი ელასტიური სავარჯიშო მაისური, არ აქვს ღრუბელი
მასალა: სპანდექსი / პოლიესტერი"
"PRODUCT"	"8995460513989"	"meta_title"	"ka"	""	""	"T-Shirt Black Love"	"მაისური შავი სიყვარული"
"PRODUCT"	"8995460513989"	"meta_description"	"ka"	""	""	"თეთრი ელასტიური სავარჯიშო ტოპი, აქვს გუფკა.მასალა: Spandex / Polyester"	"White elastic workout top with sponge pads.Material: Spandex / Polyester"
"PRODUCT"	"8995460546757"	"title"	"ka"	""	""	"Classic Leggings Classy Brown"	"კლასიკური ლეგინსები, ელეგანტური ყავისფერი"
"PRODUCT"	"8995460546757"	"body_html"	"ka"	""	""	"სავარჯიშო ელასტიკი, იდეალურად კრავს ტანს და გამოკვეთს ფორმებს.

მასალა: Spandex / Polyester"	"Workout elastic, it ideally hugs the body and accentuates the forms.

Material: Spandex / Polyester"
"PRODUCT"	"8995460546757"	"meta_title"	"ka"	""	""	"Classic Leggings Classy Brown"	"კლასიკური ლეგინსები, ელეგანტური ყავისფერი"
"PRODUCT"	"8995460546757"	"meta_description"	"ka"	""	""	"სავარჯიშო Push-up ელასტიკი ამოჭრილი წელით, იდეალურად კრავს ტანს და გამოკვეთს უკანალს.მასალა: Spandex / Polyester ამოჭრილი ელასტიკი"	"Push-up-ის სავარჯიშო შარვალი ამოჭრილი წელით, იდეალურად კრავს ტანს და გამოკვეთს უკანალს. მასალა: Spandex / Polyester ამოჭრილი ელასტიკი."
"PRODUCT"	"8995460579525"	"title"	"ka"	""	""	"Classic Leggings Classy Black"	"კლასიკური ლეგინსი დახვეწილი შავი"
"PRODUCT"	"8995460579525"	"body_html"	"ka"	""	""	"შავი სავარჯიშო ელასტიკი, იდეალურად კრავს ტანს და გამოკვეთს უკანალს.

მასალა: Spandex / Polyester"	"Black training elastic, ideally hugs the body and highlights the butt.

Material: Spandex / Polyester"
"PRODUCT"	"8995460579525"	"meta_title"	"ka"	""	""	"Classic Leggings Classy Black"	"კლასიკური ლეგინსები, დახვეწილი შავი"
"PRODUCT"	"8995460579525"	"meta_description"	"ka"	""	""	"შავი სავარჯიშო მაღალწელიანი ელასტიკი, იდეალურად კრავს ტანს და გამოკვეთს უკანალს.მასალა: Spandex / Polyester"	"High-waisted black workout leggings, perfectly flatters the figure and accentuates the glutes.
Material: Spandex / Polyester"
"PRODUCT"	"8995460612293"	"title"	"ka"	""	""	"Classic Leggings Classy Navy"	"კლასიკური ლეგინსი ელეგანტური ლურჯი"
"PRODUCT"	"8995460612293"	"body_html"	"ka"	""	""	"სავარჯიშო ელასტიკი, იდეალურად კრავს ტანს და გამოკვეთს უკანალს.

მასალა: Spandex / Polyester"	"Exercise elastic, ideally binds the body and highlights the butt.

Material: Spandex / Polyester"
"PRODUCT"	"8995460612293"	"meta_title"	"ka"	""	""	"Classic Leggings Classy Navy"	"კლასიკური ლეგინსი ელეგანტური ლურჯი"
"PRODUCT"	"8995460612293"	"meta_description"	"ka"	""	""	"სავარჯიშო მაღალწელიანი ელასტიკი, იდეალურად კრავს ტანს და გამოკვეთს უკანალს.მასალა: Spandex / Polyester"	"High-waisted elastic workout leggings, perfect for body sculpting and butt lifting. Fabric: Spandex / Polyester"
"PRODUCT"	"8995460645061"	"title"	"ka"	""	""	"Classic Leggings Classy Dark Purple"	"კლასიკური ლეგინსები, დახვეწილი მუქი იასამნისფერი"
"PRODUCT"	"8995460645061"	"body_html"	"ka"	""	""	"სავარჯიშო ელასტიკი, იდეალურად კრავს ტანს და გამოკვეთს უკანალს.

მასალა: Spandex / Polyester"	"Exercise elastic, ideally binds the body and highlights the butt.

Material: Spandex / Polyester"
"PRODUCT"	"8995460645061"	"meta_title"	"ka"	""	""	"Classic Leggings Classy Dark Purple"	"კლასიკური ლეგინსები, ელეგანტური მუქი იასამნისფერი"
"PRODUCT"	"8995460645061"	"meta_description"	"ka"	""	""	"სავარჯიშო მაღალწელიანი ელასტიკი, იდეალურად კრავს ტანს და გამოკვეთს უკანალს.მასალა: Spandex / Polyester"	"High-waisted elastic workout leggings, perfect for body sculpting and butt lifting. Fabric: Spandex / Polyester"
"PRODUCT"	"8995460677829"	"title"	"ka"	""	""	"Classic Leggings Classy Dark Grey"	"კლასიკური ლეგინსები, ელეგანტური მუქი ნაცრისფერი"
"PRODUCT"	"8995460677829"	"body_html"	"ka"	""	""	"სავარჯიშო ელასტიკი, იდეალურად კრავს ტანს და გამოკვეთს უკანალს.

მასალა: Spandex / Polyester"	"Exercise elastic, ideally binds the body and highlights the butt.

Material: Spandex / Polyester"
"PRODUCT"	"8995460677829"	"meta_title"	"ka"	""	""	"Classic Leggings Classy Dark Grey"	"კლასიკური ლეგინსები, ელეგანტური მუქი ნაცრისფერი"
"PRODUCT"	"8995460677829"	"meta_description"	"ka"	""	""	"სავარჯიშო მაღალწელიანი ელასტიკი, იდეალურად კრავს ტანს და გამოკვეთს უკანალს.მასალა: Spandex / Polyester"	"High-waisted elastic workout leggings, perfect for body sculpting and butt lifting. Fabric: Spandex / Polyester"
"PRODUCT"	"8995460743365"	"title"	"ka"	""	""	"Push-up Shorts Dark Grey V"	"მუქი ნაცრისფერი აზიდვის შორტი V"
"PRODUCT"	"8995460743365"	"body_html"	"ka"	""	""	"სავარჯიშო Push-up შორტი ამოჭრილი წელით, იდეალურად კრავს ტანს და გამოკვეთს უკანალს.

მასალა: Spandex / Polyester"	"Push-up-ის მოკლე შორტი მაღალი წელით, იდეალურად ერგება სხეულს და გამოკვეთს უკანალს.

მასალა: სპანდექსი / პოლიესტერი"
"PRODUCT"	"8995460743365"	"meta_title"	"ka"	""	""	"Push-up Shorts Dark Grey V"	"ამწევი შორტები, მუქი ნაცრისფერი V"
"PRODUCT"	"8995460743365"	"meta_description"	"ka"	""	""	"სავარჯიშო მაღალწელიანი Push-up შორტი, იდეალურად კრავს ტანს და გამოკვეთს უკანალს.მასალა: Spandex / Polyester"	"High-waist Push-up shorts for workout, perfectly snugs the body and accentuates the butt. Material: Spandex / Polyester"
"PRODUCT"	"8995460808901"	"title"	"ka"	""	""	"Push-up Shorts Dark Purple V"	"აჭიმვადი შორტი მუქი იასამნისფერი V"
"PRODUCT"	"8995460808901"	"body_html"	"ka"	""	""	"სავარჯიშო Push-up შორტი ამოჭრილი წელით, იდეალურად კრავს ტანს და გამოკვეთს უკანალს.

მასალა: Spandex / Polyester"	"Push-up-ის მოკლე შორტი მაღალი წელით, იდეალურად ერგება სხეულს და გამოკვეთს უკანალს.

მასალა: სპანდექსი / პოლიესტერი"
"PRODUCT"	"8995460808901"	"meta_title"	"ka"	""	""	"Push-up Shorts Dark Purple V"	"აჭიმვის ეფექტის მქონე შორტი, მუქი იისფერი, V- ფორმის"
"PRODUCT"	"8995460808901"	"meta_description"	"ka"	""	""	"სავარჯიშო მაღალწელიანი Push-up შორტი, იდეალურად კრავს ტანს და გამოკვეთს უკანალს.მასალა: Spandex / Polyester"	"High-waist Push-up shorts for workout, perfectly snugs the body and accentuates the butt. Material: Spandex / Polyester"
"PRODUCT"	"8995460841669"	"title"	"ka"	""	""	"Push-up Shorts Aqua Blue V"	"„Push-up“ შორტი, აკვა ლურჯი V"
"PRODUCT"	"8995460841669"	"body_html"	"ka"	""	""	"სავარჯიშო Push-up შორტი ამოჭრილი წელით, იდეალურად კრავს ტანს და გამოკვეთს უკანალს.

მასალა: Spandex / Polyester"	"Push-up-ის მოკლე შორტი მაღალი წელით, იდეალურად ერგება სხეულს და გამოკვეთს უკანალს.

მასალა: სპანდექსი / პოლიესტერი"
"PRODUCT"	"8995460841669"	"meta_title"	"ka"	""	""	"Push-up Shorts Aqua Blue V"	"Push-up შორტები, აკვა ლურჯი, V"
"PRODUCT"	"8995460841669"	"meta_description"	"ka"	""	""	"სავარჯიშო მაღალწელიანი Push-up შორტი, იდეალურად კრავს ტანს და გამოკვეთს უკანალს.მასალა: Spandex / Polyester"	"High-waist Push-up shorts for workout, perfectly snugs the body and accentuates the butt. Material: Spandex / Polyester"
"PRODUCT"	"8995460874437"	"title"	"ka"	""	""	"Sports Bra Light Grey Aurora"	"სპორტული ბიუსტჰალტერი ღია ნაცრისფერი ავრორა"
"PRODUCT"	"8995460874437"	"body_html"	"ka"	""	""	"სავაჯიშო მოკლე ტოპი, *მკერდზე აქვს ღრუბელი.
მასალა: Spandex / Polyester"	"Sports Bra, *chest has a sponge.
Material: Spandex / Polyester"
"PRODUCT"	"8995460874437"	"meta_title"	"ka"	""	""	"Sports Bra Light Grey Aurora"	"სპორტული ბიუსტჰალტერი ღია ნაცრისფერი ავრორა"
"PRODUCT"	"8995460874437"	"meta_description"	"ka"	""	""	"შავი ელასტიური სავარჯიშო ტოპი, აქვს გუფკა.მასალა: Spandex / Polyester"	"Black elastic workout top, with sponge padding. Material: Spandex / Polyester"
"PRODUCT"	"8995460907205"	"title"	"ka"	""	""	"Sports Bra Black Aurora"	"სპორტული ბიუსტჰალტერი შავი ავრორა"
"PRODUCT"	"8995460907205"	"body_html"	"ka"	""	""	"სავაჯიშო მოკლე ტოპი, *მკერდზე აქვს ღრუბელი.
მასალა: Spandex / Polyester"	"Sports Bra, *chest has a sponge.
Material: Spandex / Polyester"
"PRODUCT"	"8995460907205"	"meta_title"	"ka"	""	""	"Sports Bra Black Aurora"	"სპორტული ბიუსტჰალტერი შავი ავრორა"
"PRODUCT"	"8995460907205"	"meta_description"	"ka"	""	""	"შავი ელასტიური სავარჯიშო ტოპი, აქვს გუფკა.მასალა: Spandex / Polyester"	"Black elastic workout top, with sponge padding. Material: Spandex / Polyester"
"PRODUCT"	"8995460939973"	"title"	"ka"	""	""	"Sports Bra Khaki Heaven"	"სპორტული ბიუსტჰალტერი ხაკისფერი Heaven"
"PRODUCT"	"8995460939973"	"body_html"	"ka"	""	""	"სავარჯიშო ტოპი,
*მკერდზე აქვს ღრუბელი
მასალა: Polyester/Nylon"	"Sports bra,
*Padded chest
Material: Polyester/Nylon"
"PRODUCT"	"8995460939973"	"meta_title"	"ka"	""	""	"Sports Bra Khaki Heaven"	"სპორტული ბიუსტჰალტერი ხაკისფერი Heaven"
"PRODUCT"	"8995460939973"	"meta_description"	"ka"	""	""	"ელასტიური სავარჯიშო ტოპი, აქვს გუფკა . მასალა: Polyester"	"Elastic training top, with sponge. Material: Polyester"
"PRODUCT"	"8995460972741"	"title"	"ka"	""	""	"Sports Bra Black Heaven"	"სპორტული ბიუსტჰალტერი შავი ჰევენი"
"PRODUCT"	"8995460972741"	"body_html"	"ka"	""	""	"სავარჯიშო ტოპი,
*მკერდზე აქვს ღრუბელი
მასალა: Polyester/Nylon"	"Sports bra,
*Padded chest
Material: Polyester/Nylon"
"PRODUCT"	"8995460972741"	"meta_title"	"ka"	""	""	"Sports Bra Black Heaven"	"სპორტული ბიუსტჰალტერი შავი ჰევენი"
"PRODUCT"	"8995460972741"	"meta_description"	"ka"	""	""	"ელასტიური სავარჯიშო ტოპი, აქვს გუფკა . მასალა: Polyester"	"Elastic training top, with sponge. Material: Polyester"
"PRODUCT"	"8995461005509"	"title"	"ka"	""	""	"Sports Bra Brown Heaven"	"სპორტული ბიუსტჰალტერი „ბრაუნ ჰევენი“"
"PRODUCT"	"8995461005509"	"body_html"	"ka"	""	""	"სავარჯიშო ტოპი,
*მკერდზე აქვს ღრუბელი
მასალა: Polyester/Nylon"	"Sports bra,
*Padded chest
Material: Polyester/Nylon"
"PRODUCT"	"8995461005509"	"meta_title"	"ka"	""	""	"Sports Bra Brown Heaven"	"სპორტული ბიუსტჰალტერი Brown Heaven"
"PRODUCT"	"8995461005509"	"meta_description"	"ka"	""	""	"ყავისფერი უნაკერო ტოპი, იდეალურად კრავს ტანს და კვეთს ფორმებს,არ ტოვებს ოფლის ლაქებს *ტოპი არის გუფკით მასალა: Nylon / Spandex"	"Brown seamless top, perfectly hugging the body and highlighting shapes, leaves no sweat stains *The top has padding Material: Nylon / Spandex"
"PRODUCT"	"8995461038277"	"title"	"ka"	""	""	"Sports Bra Baby Blue Heaven"	"სპორტული ბიუსტჰალტერი „ბავშვის ცისფერი სამოთხე“"
"PRODUCT"	"8995461038277"	"body_html"	"ka"	""	""	"სავარჯიშო ტოპი,
*მკერდზე აქვს ღრუბელი
მასალა: Polyester/Nylon"	"Sports bra,
*Padded chest
Material: Polyester/Nylon"
"PRODUCT"	"8995461038277"	"meta_title"	"ka"	""	""	"Sports Bra Baby Blue Heaven"	"სპორტული ბიუსტჰალტერი, ღია ცისფერი"
"PRODUCT"	"8995461038277"	"meta_description"	"ka"	""	""	"ყავისფერი უნაკერო ტოპი, იდეალურად კრავს ტანს და კვეთს ფორმებს,არ ტოვებს ოფლის ლაქებს *ტოპი არის გუფკით მასალა: Nylon / Spandex"	"Brown seamless top, perfectly hugging the body and highlighting shapes, leaves no sweat stains *The top has padding Material: Nylon / Spandex"
"PRODUCT"	"8995461103813"	"title"	"ka"	""	""	"Sports Bra Baby Pink Heaven"	"სპორტული ბიუსტჰალტერი Baby Pink Heaven"
"PRODUCT"	"8995461103813"	"body_html"	"ka"	""	""	"სავარჯიშო ტოპი,
*მკერდზე აქვს ღრუბელი
მასალა: Polyester/Nylon"	"Sports bra,
*Padded chest
Material: Polyester/Nylon"
"PRODUCT"	"8995461103813"	"meta_title"	"ka"	""	""	"Sports Bra Baby Pink Heaven"	"სპორტული ბიუსტჰალტერი Baby Pink Heaven"
"PRODUCT"	"8995461103813"	"meta_description"	"ka"	""	""	"ყავისფერი უნაკერო ტოპი, იდეალურად კრავს ტანს და კვეთს ფორმებს,არ ტოვებს ოფლის ლაქებს *ტოპი არის გუფკით მასალა: Nylon / Spandex"	"Brown seamless top, perfectly hugging the body and highlighting shapes, leaves no sweat stains *The top has padding Material: Nylon / Spandex"
"PRODUCT"	"8995461136581"	"title"	"ka"	""	""	"Flared Leggings Black Gen"	"გაშლილი შარვალი-კოლგოტი, შავი, Gen"
"PRODUCT"	"8995461136581"	"body_html"	"ka"	""	""	"Flared Leggings for a chic and stylish fit
•Middle-waisted
<strong>Material and care:</strong>
•78% Nylon, 22% Spandex
• For optimal care of this sportswear, follow the care label instructions and use the delicate cycle"	"გაშლილი ლეგინსები ელეგანტური სტილისთვის
• საშუალო სიმაღლის წელი
<strong>მასალა და მოვლა:</strong>
• 78% ნეილონი, 22% სპანდექსი
• ამ სპორტული ტანსაცმლის ოპტიმალური მოვლისთვის მიჰყევით მოვლის ეტიკეტზე მითითებებს და გამოიყენეთ დელიკატური რეჟიმი"
"PRODUCT"	"8995461136581"	"meta_title"	"ka"	""	""	"Flared Leggings Black Gen"	"გაშლილი შარვალი (ლეჯინსი) შავი Gen"
"PRODUCT"	"8995461136581"	"meta_description"	"ka"	""	""	"ვარდისფერი შლაქსის Push-up შარვალი , იდეალურად კრავს ტანს და გამოკვეთს უკანალს.წელვადი, არ ლანდავს.მასალა:: Spandex / Polyester"	"Pink push-up leggings, perfectly sculpt the body and accentuate the buttocks. Stretchy, not see-through. Material: Spandex / Polyester"
"PRODUCT"	"8995461169349"	"title"	"ka"	""	""	"Flared Leggings Baby Blue Gen"	"გაშლილი ლეგინსები, ღია ცისფერი, გენდერულად ნეიტრალური"
"PRODUCT"	"8995461169349"	"body_html"	"ka"	""	""	"Flared Leggings for a chic and stylish fit
•Middle-waisted
<strong>Material and care:</strong>
•78% Nylon, 22% Spandex
• For optimal care of this sportswear, follow the care label instructions and use the delicate cycle"	"გაშლილი ლეგინსები ელეგანტური სტილისთვის
• საშუალო სიმაღლის წელი
<strong>მასალა და მოვლა:</strong>
• 78% ნეილონი, 22% სპანდექსი
• ამ სპორტული ტანსაცმლის ოპტიმალური მოვლისთვის, მიჰყევით მოვლის ეტიკეტზე მითითებებს და გამოიყენეთ დელიკატური რეცხვის რეჟიმი."
"PRODUCT"	"8995461169349"	"meta_title"	"ka"	""	""	"Flared Leggings Baby Blue Gen"	"გაშლილი ლეგინსები ბავშვის ლურჯი გენი"
"PRODUCT"	"8995461169349"	"meta_description"	"ka"	""	""	"ვარდისფერი შლაქსის Push-up შარვალი , იდეალურად კრავს ტანს და გამოკვეთს უკანალს.წელვადი, არ ლანდავს.მასალა:: Spandex / Polyester"	"Pink push-up leggings, perfectly sculpt the body and accentuate the buttocks. Stretchy, not see-through. Material: Spandex / Polyester"
"PRODUCT"	"8995461202117"	"title"	"ka"	""	""	"Sports Top Brown Podium"	"სპორტული ზედა ყავისფერი პოდიუმი"
"PRODUCT"	"8995461202117"	"body_html"	"ka"	""	""	"სავარჯიშო ტოპი,
*მკერდზე აქვს ღრუბელი
მასალა: Polyester/Nylon"	"Sports bra,
*Padded chest
Material: Polyester/Nylon"
"PRODUCT"	"8995461202117"	"meta_title"	"ka"	""	""	"Sports Top Brown Podium"	"სპორტული ზედა ყავისფერი პოდიუმი"
"PRODUCT"	"8995461202117"	"meta_description"	"ka"	""	""	"ყავისფერი უნაკერო ტოპი, იდეალურად კრავს ტანს და კვეთს ფორმებს,არ ტოვებს ოფლის ლაქებს *ტოპი არის გუფკით მასალა: Nylon / Spandex"	"Brown seamless top, perfectly hugging the body and highlighting shapes, leaves no sweat stains *The top has padding Material: Nylon / Spandex"
"PRODUCT"	"8995461234885"	"title"	"ka"	""	""	"Sports Top Baby Pink Podium"	"სპორტული ზედა ბაცი ვარდისფერი პოდიუმი"
"PRODUCT"	"8995461234885"	"body_html"	"ka"	""	""	"სავარჯიშო ტოპი,
*მკერდზე აქვს ღრუბელი
მასალა: Polyester/Nylon"	"Sports bra,
*Padded chest
Material: Polyester/Nylon"
"PRODUCT"	"8995461234885"	"meta_title"	"ka"	""	""	"Sports Top Baby Pink Podium"	"სპორტული ზედა ბავშვის ვარდისფერი პოდიუმი"
"PRODUCT"	"8995461234885"	"meta_description"	"ka"	""	""	"ყავისფერი უნაკერო ტოპი, იდეალურად კრავს ტანს და კვეთს ფორმებს,არ ტოვებს ოფლის ლაქებს *ტოპი არის გუფკით მასალა: Nylon / Spandex"	"Brown seamless top, perfectly hugging the body and highlighting shapes, leaves no sweat stains *The top has padding Material: Nylon / Spandex"
"PRODUCT"	"8995461300421"	"title"	"ka"	""	""	"Sports Top Baby Blue Podium"	"სპორტული ზედა (ცისფერი) პოდიუმი"
"PRODUCT"	"8995461300421"	"body_html"	"ka"	""	""	"სავარჯიშო ტოპი,
*მკერდზე აქვს ღრუბელი
მასალა: Polyester/Nylon"	"Sports bra,
*Padded chest
Material: Polyester/Nylon"
"PRODUCT"	"8995461300421"	"meta_title"	"ka"	""	""	"Sports Top Baby Blue Podium"	"სპორტის ზედა საბავშვო ცისფერი პოდიუმი"
"PRODUCT"	"8995461300421"	"meta_description"	"ka"	""	""	"ყავისფერი უნაკერო ტოპი, იდეალურად კრავს ტანს და კვეთს ფორმებს,არ ტოვებს ოფლის ლაქებს *ტოპი არის გუფკით მასალა: Nylon / Spandex"	"Brown seamless top, perfectly hugging the body and highlighting shapes, leaves no sweat stains *The top has padding Material: Nylon / Spandex"
"PRODUCT"	"8995461365957"	"title"	"ka"	""	""	"Sports Top Black Podium"	"სპორტული ზედა შავი პოდიუმი"
"PRODUCT"	"8995461365957"	"body_html"	"ka"	""	""	"სავაჯიშო მოკლე ტოპი, *მკერდზე აქვს ღრუბელი.
მასალა: Spandex / Polyester"	"Sports Bra, *chest has a sponge.
Material: Spandex / Polyester"
"PRODUCT"	"8995461365957"	"meta_title"	"ka"	""	""	"Sports Top Black Podium"	"სპორტული ზედა შავი პოდიუმი"
"PRODUCT"	"8995461365957"	"meta_description"	"ka"	""	""	"შავი ელასტიური სავარჯიშო ტოპი, აქვს გუფკა.მასალა: Spandex / Polyester"	"Black elastic workout top, has sponge. Material: Spandex / Polyester"
"PRODUCT"	"8995461398725"	"title"	"ka"	""	""	"Flared Leggings Baby Pink Gen"	"გაშლილი ქვედაბოლო ღია ვარდისფერი Gen"
"PRODUCT"	"8995461398725"	"body_html"	"ka"	""	""	"Flared Leggings for a chic and stylish fit
•Middle-waisted
<strong>Material and care:</strong>
•78% Nylon, 22% Spandex
• For optimal care of this sportswear, follow the care label instructions and use the delicate cycle"	"გაშლილი ლეგინსები ელეგანტური სტილისთვის
• საშუალო სიმაღლის წელი
<strong>მასალა და მოვლა:</strong>
• 78% ნეილონი, 22% სპანდექსი
• ამ სპორტული ტანსაცმლის ოპტიმალური მოვლისთვის მიჰყევით მოვლის ეტიკეტზე მითითებებს და გამოიყენეთ დელიკატური რეჟიმი"
"PRODUCT"	"8995461398725"	"meta_title"	"ka"	""	""	"Flared Leggings Baby Pink Gen"	"გაშლილი ქვედაბოლოები ღია ვარდისფერი (ბავშვის ვარდისფერი) Gen"
"PRODUCT"	"8995461398725"	"meta_description"	"ka"	""	""	"ვარდისფერი შლაქსის Push-up შარვალი , იდეალურად კრავს ტანს და გამოკვეთს უკანალს.წელვადი, არ ლანდავს.მასალა:: Spandex / Polyester"	"Pink push-up leggings, perfectly sculpt the body and accentuate the buttocks. Stretchy, not see-through. Material: Spandex / Polyester"
"PRODUCT"	"8995461431493"	"title"	"ka"	""	""	"Flared Leggings Navy Gen"	"გაშლილი ლეგინსები, მუქი ლურჯი"
"PRODUCT"	"8995461431493"	"body_html"	"ka"	""	""	"Flared Leggings for a chic and stylish fit
•Middle-waisted
<strong>Material and care:</strong>
•78% Nylon, 22% Spandex
• For optimal care of this sportswear, follow the care label instructions and use the delicate cycle"	"გაშლილი ლეგინსები ელეგანტური სტილისთვის
• საშუალო სიმაღლის წელი
<strong>მასალა და მოვლა:</strong>
• 78% ნეილონი, 22% სპანდექსი
• ამ სპორტული ტანსაცმლის ოპტიმალური მოვლისთვის მიჰყევით მოვლის ეტიკეტზე მითითებებს და გამოიყენეთ დელიკატური რეჟიმი"
"PRODUCT"	"8995461431493"	"meta_title"	"ka"	""	""	"Flared Leggings Navy Gen"	"გაშლილი ლეგინსები, მუქი ლურჯი, Gen"
"PRODUCT"	"8995461431493"	"meta_description"	"ka"	""	""	"ვარდისფერი შლაქსის Push-up შარვალი , იდეალურად კრავს ტანს და გამოკვეთს უკანალს.წელვადი, არ ლანდავს.მასალა:: Spandex / Polyester"	"Pink push-up leggings, perfectly sculpt the body and accentuate the buttocks. Stretchy, not see-through. Material: Spandex / Polyester"
"PRODUCT"	"8995461497029"	"title"	"ka"	""	""	"Jumpsuit Pink Love"	"კომბინეზონი, ვარდისფერი სიყვარული"
"PRODUCT"	"8995461497029"	"body_html"	"ka"	""	""	"სავარჯიშო კომბინიზონი, მკერდზე აქვს ღრუბელი.
იდეალურად კრავს ტანს და ვიზუალურად ახდუნებს.
მასალა: Polyester"	"Workout jumpsuit, with a sponge on the chest.
It perfectly flatters the figure and makes it look slimmer.
Material: Polyester"
"PRODUCT"	"8995461497029"	"meta_title"	"ka"	""	""	"Jumpsuit Pink Love"	"კომბინიზონი ვარდისფერი სიყვარული"
"PRODUCT"	"8995461497029"	"meta_description"	"ka"	""	""	"სავარჯიშო კომბინიზონი, აქვს გუფკა.იდეალურად კრავს ტანს და ვიზუალურად ახდუნებს.მასალა: Polyester"	"Workout jumpsuit, has a sponge. Perfectly sculpts the body and visually slims it. Material: Polyester"
"PRODUCT"	"8995461529797"	"title"	"ka"	""	""	"Jumpsuit Black Podium"	"კომბინეზონი შავი პოდიუმი"
"PRODUCT"	"8995461529797"	"body_html"	"ka"	""	""	"სავარჯიშო კომბინიზონი, მკერდზე აქვს ღრუბელი.
იდეალურად კრავს ტანს და ვიზუალურად ახდუნებს.
მასალა: Polyester"	"Workout jumpsuit with a padded bust.
It perfectly snugs the body and makes it look slimmer.
Material: Polyester"
"PRODUCT"	"8995461529797"	"meta_title"	"ka"	""	""	"Jumpsuit Black Podium"	"კომბინეზონი შავი პოდიუმი"
"PRODUCT"	"8995461529797"	"meta_description"	"ka"	""	""	"სავარჯიშო კომბინიზონი, აქვს გუფკა.იდეალურად კრავს ტანს და ვიზუალურად ახდუნებს.მასალა: Polyester"	"Workout jumpsuit, with sponges. It perfectly fits the body and makes it visually slimmer. Material: Polyester"
"PRODUCT"	"8995461562565"	"title"	"ka"	""	""	"Push-up Leggings Bomby Dark Green"	"ქალის ლეგინსები აზიდვის ეფექტით Bomby მუქი მწვანე"
"PRODUCT"	"8995461562565"	"body_html"	"ka"	""	""	"Seamless Push-up leggings
• Full-length leggings
• Invisible scrunch bum
•Booty contouring and enhancing

<strong>Material and Care:</strong>
• 90% Nylon, 10% Spandex
• Incredibly soft and seamless, you’ll never want to take it off
• Handle with care when wearing and washing this delicate style"	"უაკერო გამწევი ლეგინსები
• სრული სიგრძის გამაშები
• უხილავი დაჭიმული დუნდულები
• დუნდულების კონტურირება და გაუმჯობესება

<strong>მასალა და მოვლა:</strong>
• 90% ნეილონი, 10% სპანდექსი
• საოცრად რბილი და უნაკერო, არასოდეს მოგინდებათ მისი გახდა
• მოეპყარით სიფრთხილით ამ დელიკატური სტილის ტარებისას და რეცხვისას"
"PRODUCT"	"8995461562565"	"meta_title"	"ka"	""	""	"Push-up Leggings Bomby Dark Green"	"ქალის ლეგინსები აზიდვის ეფექტით Bomby მუქი მწვანე"
"PRODUCT"	"8995461562565"	"meta_description"	"ka"	""	""	"სავარჯიშო მაღალწელიანი მქვანე Push-up ელასტიკი, იდეალურად კრავს ტანს და გამოკვეთს უკანალს.მასალა: Spandex / Polyester"	"High-waisted push-up leggings, perfectly sculpts the body and emphasizes the glutes. Material: Spandex / Polyester"
"PRODUCT"	"8995461595333"	"title"	"ka"	""	""	"Push-Up Set Red Moon"	"ააწიეთ სეტის წითელი მთვარე"
"PRODUCT"	"8995461595333"	"body_html"	"ka"	""	""	"Push-Up კომპლექტი შორტით, იდეალურად კრავს ტანს და კვეთს ფორმებს, არ ტოვებს ოფლის ლაქებს, ზედას აქვს გუფკა.

მასალა: Polyester / Spandex"	"Push-Up ნაკრები შორტით, იდეალურად ეკვრის ტანს და აყალიბებს ფორმებს, არ ტოვებს ოფლის ლაქებს, ზედას აქვს ღრუბელი.

მასალა: პოლიესტერი / სპანდექსი"
"PRODUCT"	"8995461595333"	"meta_title"	"ka"	""	""	"Push-Up Set Red Moon"	"აწევის კომპლექტი „წითელი მთვარე“"
"PRODUCT"	"8995461595333"	"meta_description"	"ka"	""	""	"Push-Up კომპლექტი შორტით, იდეალურად კრავს ტანს და კვეთს ფორმებს, არ ტოვებს ოფლის ლაქებს, ზედას აქვს გუფკა.მასალა: Polyester / Spandex"	"Push-Up ნაკრები შორტით, იდეალურად ეკვრის ტანს და ხაზს უსვამს ფორმებს, არ ტოვებს ოფლის ლაქებს, ზედას აქვს ღრუბელი. მასალა: პოლიესტერი / სპანდექსი."
"PRODUCT"	"8995461660869"	"title"	"ka"	""	""	"Push-Up Set Black Moon"	"ბიუსტჰალტერი და ტრუსი შავი მუნი"
"PRODUCT"	"8995461660869"	"body_html"	"ka"	""	""	"Push-Up კომპლექტი შორტით, იდეალურად კრავს ტანს და კვეთს ფორმებს, არ ტოვებს ოფლის ლაქებს, ზედას აქვს გუფკა.

მასალა: Polyester / Spandex"	"Push-Up ნაკრები შორტით, იდეალურად ეკვრის ტანს და აყალიბებს ფორმებს, არ ტოვებს ოფლის ლაქებს, ზედას აქვს ღრუბელი.

მასალა: პოლიესტერი / სპანდექსი"
"PRODUCT"	"8995461660869"	"meta_title"	"ka"	""	""	"Push-Up Set Black Moon"	"აჭიმვადი კომპლექტი „შავი მთვარე“"
"PRODUCT"	"8995461660869"	"meta_description"	"ka"	""	""	"Push-Up კომპლექტი შორტით, იდეალურად კრავს ტანს და კვეთს ფორმებს, არ ტოვებს ოფლის ლაქებს, ზედას აქვს გუფკა.მასალა: Polyester / Spandex"	"Push-Up ნაკრები შორტით, იდეალურად ეკვრის ტანს და ხაზს უსვამს ფორმებს, არ ტოვებს ოფლის ლაქებს, ზედას აქვს ღრუბელი. მასალა: პოლიესტერი / სპანდექსი."
"PRODUCT"	"8995461693637"	"title"	"ka"	""	""	"Push-Up Set Purple Moon"	"აჟიმდინების ნაკრები „მეწამული მთვარე“"
"PRODUCT"	"8995461693637"	"body_html"	"ka"	""	""	"Push-Up კომპლექტი შორტით, იდეალურად კრავს ტანს და კვეთს ფორმებს, არ ტოვებს ოფლის ლაქებს, ზედას აქვს გუფკა.

მასალა: Polyester / Spandex"	"Push-Up ნაკრები შორტით, იდეალურად ეკვრის ტანს და აყალიბებს ფორმებს, არ ტოვებს ოფლის ლაქებს, ზედას აქვს ღრუბელი.

მასალა: პოლიესტერი / სპანდექსი"
"PRODUCT"	"8995461693637"	"meta_title"	"ka"	""	""	"Push-Up Set Purple Moon"	"აჟიუტაჟის ნაკრები „მეწამული მთვარე“"
"PRODUCT"	"8995461693637"	"meta_description"	"ka"	""	""	"Push-Up კომპლექტი შორტით, იდეალურად კრავს ტანს და კვეთს ფორმებს, არ ტოვებს ოფლის ლაქებს, ზედას აქვს გუფკა.მასალა: Polyester / Spandex"	"Push-Up ნაკრები შორტით, იდეალურად ეკვრის ტანს და ხაზს უსვამს ფორმებს, არ ტოვებს ოფლის ლაქებს, ზედას აქვს ღრუბელი. მასალა: პოლიესტერი / სპანდექსი."
"PRODUCT"	"8995461726405"	"title"	"ka"	""	""	"Sports Bra Baby Pink Run"	"სპორტული ბიუსტჰალტერი, ღია ვარდისფერი, სარბენი"
"PRODUCT"	"8995461726405"	"body_html"	"ka"	""	""	"სავარჯიშო ტოპი,
*მკერდზე აქვს ღრუბელი
მასალა: Polyester/Nylon"	"Sports bra,
*Padded chest
Material: Polyester/Nylon"
"PRODUCT"	"8995461726405"	"meta_title"	"ka"	""	""	"Sports Bra Baby Pink Run"	"სპორტული ბიუსტჰალტერი, ბაცი ვარდისფერი, სარბენი"
"PRODUCT"	"8995461726405"	"meta_description"	"ka"	""	""	"ყავისფერი უნაკერო ტოპი, იდეალურად კრავს ტანს და კვეთს ფორმებს,არ ტოვებს ოფლის ლაქებს *ტოპი არის გუფკით მასალა: Nylon / Spandex"	"Brown seamless top, perfectly hugging the body and highlighting shapes, leaves no sweat stains *The top has padding Material: Nylon / Spandex"
"PRODUCT"	"8995461759173"	"title"	"ka"	""	""	"Sports Bra Baby Blue Run"	"სპორტული ბიუსტჰალტერი, ღია ცისფერი, სარბენი"
"PRODUCT"	"8995461759173"	"body_html"	"ka"	""	""	"სავარჯიშო ტოპი,
*მკერდზე აქვს ღრუბელი
მასალა: Polyester/Nylon"	"Sports bra,
*Padded chest
Material: Polyester/Nylon"
"PRODUCT"	"8995461759173"	"meta_title"	"ka"	""	""	"Sports Bra Baby Blue Run"	"სპორტული ბიუსტჰალტერი, ბაცი ლურჯი, სარბენი"
"PRODUCT"	"8995461759173"	"meta_description"	"ka"	""	""	"ყავისფერი უნაკერო ტოპი, იდეალურად კრავს ტანს და კვეთს ფორმებს,არ ტოვებს ოფლის ლაქებს *ტოპი არის გუფკით მასალა: Nylon / Spandex"	"Brown seamless top, perfectly hugging the body and highlighting shapes, leaves no sweat stains *The top has padding Material: Nylon / Spandex"
"PRODUCT"	"8995461791941"	"title"	"ka"	""	""	"Push-up Set Baby Pink Spirit"	"ბიუსჰალტერი პუშ-აპი Baby Pink Spirit"
"PRODUCT"	"8995461791941"	"body_html"	"ka"	""	""	"Push-Up კომპლექტი, იდეალურად კრავს ტანს და კვეთს ფორმებს, არ ტოვებს ოფლის ლაქებს, ზედას აქვს გუფკა.

მასალა: Polyester / Spandex"	"Push-Up комплект, იდეალურად ეკვრის სხეულს, აყალიბებს მის ფორმებს, არ ტოვებს ოფლის ლაქებს, ზედას აქვს ღრუბელი.

მასალა: პოლიესტერი / სპანდექსი"
"PRODUCT"	"8995461791941"	"meta_title"	"ka"	""	""	"Push-up Set Baby Pink Spirit"	"აჟღარუნების ნაკრები „ბავშვის ვარდისფერი სული“"
"PRODUCT"	"8995461791941"	"meta_description"	"ka"	""	""	"ვარდისფერი კანტებიანი სავარჯიშო Push-up კომპლექტი, იდეალურად კრავს ტანს და კვეთს ფორმებს, არ ტოვებს ოფლის ლაქებს, ზედას აქვს გუფკა."	"Pink Trim Workout Push-up Set, perfectly hugs the body and sculpts forms, leaves no sweat stains, top has padding."
"PRODUCT"	"8995461857477"	"title"	"ka"	""	""	"Push-up Set Light Grey Leopard Spirit"	"აჩვრების ნაკრები, ღია ნაცრისფერი, ლეოპარდის პრინტი, „სპირიტი“"
"PRODUCT"	"8995461857477"	"body_html"	"ka"	""	""	"სავარჯიშო Push-up კომპლექტი ლეოპარდის პრინტით, იდეალურად კრავს ტანს და კვეთს ფორმებს, არ ტოვებს ოფლის ლაქებს, ზედას აქვს გუფკა.

მასალა:  Polyester / Spandex"	"Push-up სავარჯიშო კომპლექტი ლეოპარდის პრინტით, იდეალურად ერგება სხეულს და გამოკვეთს ფორმებს. არ ტოვებს ოფლის ლაქებს. ზედას აქვს გუფკა.

მასალა: პოლიესტერი / სპანდექსი"
"PRODUCT"	"8995461857477"	"meta_title"	"ka"	""	""	"Push-up Set Light Grey Leopard Spirit"	"აბუსტული ბიუსჰალტერი, ღია ნაცრისფერი, ლეოპარდის პრინტით Spirit"
"PRODUCT"	"8995461857477"	"meta_description"	"ka"	""	""	"თეთრი სავარჯიშო Push-up კომპლექტი ლეოპარდის პრინტით, იდეალურად კრავს ტანს და კვეთს ფორმებს, არ ტოვებს ოფლის ლაქებს, ზედას აქვს გუფკა."	"White workout push-up set with leopard print, perfectly hugs the body and sculpts the figure, leaves no sweat stains, top has padding."
"PRODUCT"	"8995461923013"	"title"	"ka"	""	""	"Push-up Set Short Green Spirit"	"მოკლე სპორტული ტოპი და შორტი „მწვანე სული“"
"PRODUCT"	"8995461923013"	"body_html"	"ka"	""	""	"Push-Up კომპლექტი, იდეალურად კრავს ტანს და კვეთს ფორმებს, არ ტოვებს ოფლის ლაქებს, ზედას აქვს გუფკა.

მასალა: Polyester / Spandex"	"Push-Up комплект, იდეალურად ეკვრის სხეულს, აყალიბებს მის ფორმებს, არ ტოვებს ოფლის ლაქებს, ზედას აქვს ღრუბელი.

მასალა: პოლიესტერი / სპანდექსი"
"PRODUCT"	"8995461923013"	"meta_title"	"ka"	""	""	"Push-up Set Short Green Spirit"	"აჭიმვის ნაკრები შორტი Green Spirit"
"PRODUCT"	"8995461923013"	"meta_description"	"ka"	""	""	"თეთრი სავარჯიშო Push-up კომპლექტი ლეოპარდის პრინტით, იდეალურად კრავს ტანს და კვეთს ფორმებს, არ ტოვებს ოფლის ლაქებს, ზედას აქვს გუფკა."	"White workout push-up set with leopard print, perfectly hugs the body and sculpts the figure, leaves no sweat stains, top has padding."
"PRODUCT"	"8995461955781"	"title"	"ka"	""	""	"Push-up Set Short Grey Spirit"	"Push-up Set Short Grey Spirit"
"PRODUCT"	"8995461955781"	"body_html"	"ka"	""	""	"Push-Up კომპლექტი, იდეალურად კრავს ტანს და კვეთს ფორმებს, არ ტოვებს ოფლის ლაქებს, ზედას აქვს გუფკა.

მასალა: Polyester / Spandex"	"Push-Up комплект, იდეალურად ეკვრის სხეულს, აყალიბებს მის ფორმებს, არ ტოვებს ოფლის ლაქებს, ზედას აქვს ღრუბელი.

მასალა: პოლიესტერი / სპანდექსი"
"PRODUCT"	"8995461955781"	"meta_title"	"ka"	""	""	"Push-up Set Short Grey Spirit"	"„პუშ-აპ“ კომპლექტი, მოკლე, ნაცრისფერი Spirit"
"PRODUCT"	"8995461955781"	"meta_description"	"ka"	""	""	"თეთრი სავარჯიშო Push-up კომპლექტი ლეოპარდის პრინტით, იდეალურად კრავს ტანს და კვეთს ფორმებს, არ ტოვებს ოფლის ლაქებს, ზედას აქვს გუფკა."	"White workout push-up set with leopard print, perfectly hugs the body and sculpts the figure, leaves no sweat stains, top has padding."
"PRODUCT"	"8995462086853"	"title"	"ka"	""	""	"Push-up Set Baby Blue Spirit"	"„პუშ-აპ“ კომპლექტი „ბეიბი ბლუ სფირით“"
"PRODUCT"	"8995462086853"	"body_html"	"ka"	""	""	"Push-Up კომპლექტი, იდეალურად კრავს ტანს და კვეთს ფორმებს, არ ტოვებს ოფლის ლაქებს, ზედას აქვს გუფკა.

მასალა: Polyester / Spandex"	"Push-Up комплект, იდეალურად ეკვრის სხეულს, აყალიბებს მის ფორმებს, არ ტოვებს ოფლის ლაქებს, ზედას აქვს ღრუბელი.

მასალა: პოლიესტერი / სპანდექსი"
"PRODUCT"	"8995462086853"	"meta_title"	"ka"	""	""	"Push-up Set Baby Blue Spirit"	"აწყობილი ბიუსჰალტერი Baby Blue Spirit"
"PRODUCT"	"8995462086853"	"meta_description"	"ka"	""	""	"ვარდისფერი კანტებიანი სავარჯიშო Push-up კომპლექტი, იდეალურად კრავს ტანს და კვეთს ფორმებს, არ ტოვებს ოფლის ლაქებს, ზედას აქვს გუფკა."	"Pink trim workout Push-up set, perfectly snugs the body and accentuates forms, does not leave sweat stains, the top has padding."
"PRODUCT"	"8995462119621"	"title"	"ka"	""	""	"Push-up Set Short Peach Spirit"	"„ფუშ-აპ“ კომპლექტი შორტი „ფიჩ სფრითი“"
"PRODUCT"	"8995462119621"	"body_html"	"ka"	""	""	"Push-Up კომპლექტი, იდეალურად კრავს ტანს და კვეთს ფორმებს, არ ტოვებს ოფლის ლაქებს, ზედას აქვს გუფკა.

მასალა: Polyester / Spandex"	"Push-Up комплект, იდეალურად ეკვრის სხეულს, აყალიბებს მის ფორმებს, არ ტოვებს ოფლის ლაქებს, ზედას აქვს ღრუბელი.

მასალა: პოლიესტერი / სპანდექსი"
"PRODUCT"	"8995462119621"	"meta_title"	"ka"	""	""	"Push-up Set Short Peach Spirit"	"ბიუსტჰალტერიანი მოკლე კომპლექტი „ატმის სული“"
"PRODUCT"	"8995462119621"	"meta_description"	"ka"	""	""	"თეთრი სავარჯიშო Push-up კომპლექტი ლეოპარდის პრინტით, იდეალურად კრავს ტანს და კვეთს ფორმებს, არ ტოვებს ოფლის ლაქებს, ზედას აქვს გუფკა."	"White workout push-up set with leopard print, perfectly hugs the body and sculpts the figure, leaves no sweat stains, top has padding."
"PRODUCT"	"8995462185157"	"title"	"ka"	""	""	"Push-up Set Short Black Spirit"	"აჩქარების ნაკრები „მოკლე შავი სული“"
"PRODUCT"	"8995462185157"	"body_html"	"ka"	""	""	"Push-Up კომპლექტი, იდეალურად კრავს ტანს და კვეთს ფორმებს, არ ტოვებს ოფლის ლაქებს, ზედას აქვს გუფკა.

მასალა: Polyester / Spandex"	"Push-Up комплект, იდეალურად ეკვრის სხეულს, აყალიბებს მის ფორმებს, არ ტოვებს ოფლის ლაქებს, ზედას აქვს ღრუბელი.

მასალა: პოლიესტერი / სპანდექსი"
"PRODUCT"	"8995462185157"	"meta_title"	"ka"	""	""	"Push-up Set Short Black Spirit"	"ბიუსტჰალტერი შორტით Black Spirit"
"PRODUCT"	"8995462185157"	"meta_description"	"ka"	""	""	"თეთრი სავარჯიშო Push-up კომპლექტი ლეოპარდის პრინტით, იდეალურად კრავს ტანს და კვეთს ფორმებს, არ ტოვებს ოფლის ლაქებს, ზედას აქვს გუფკა."	"White workout push-up set with leopard print, perfectly hugs the body and sculpts the figure, leaves no sweat stains, top has padding."
"PRODUCT"	"8995462217925"	"title"	"ka"	""	""	"Push-up Set Dark Grey Leopard Spirit"	"ბიუსტჰალტერი და ტრუსი Dark Grey Leopard Spirit"
"PRODUCT"	"8995462217925"	"body_html"	"ka"	""	""	"სავარჯიშო Push-up კომპლექტი ლეოპარდის პრინტით, იდეალურად კრავს ტანს და კვეთს ფორმებს, არ ტოვებს ოფლის ლაქებს, ზედას აქვს გუფკა.

მასალა:  Polyester / Spandex"	"Push-up სავარჯიშო კომპლექტი ლეოპარდის პრინტით, იდეალურად ერგება სხეულს და გამოკვეთს ფორმებს. არ ტოვებს ოფლის ლაქებს. ზედას აქვს გუფკა.

მასალა: პოლიესტერი / სპანდექსი"
"PRODUCT"	"8995462217925"	"meta_title"	"ka"	""	""	"Push-up Set Dark Grey Leopard Spirit"	"პუშ-აპი კომპლექტი მუქი ნაცრისფერი ლეოპარდი Spirit"
"PRODUCT"	"8995462217925"	"meta_description"	"ka"	""	""	"თეთრი სავარჯიშო Push-up კომპლექტი ლეოპარდის პრინტით, იდეალურად კრავს ტანს და კვეთს ფორმებს, არ ტოვებს ოფლის ლაქებს, ზედას აქვს გუფკა."	"White workout push-up set with leopard print, perfectly hugs the body and sculpts the figure, leaves no sweat stains, top has padding."
"PRODUCT"	"8995462250693"	"title"	"ka"	""	""	"Set Black Podium"	"დააყენეთ შავი პოდიუმი"
"PRODUCT"	"8995462250693"	"body_html"	"ka"	""	""	"2 pcs Set with Flared Set for a chic and stylish fit, includes: bra and flared leggings.

Material and care:
Nylon,Spandex
• For optimal care of this sportswear, follow the care label instructions and use the delicate cycle"	"2 ცალიანი ნაკრები გაშლილი სტილით, დახვეწილი და ელეგანტური ლუქისთვის, მოიცავს: ბიუსტჰალტერი და გაშლილი გამაშები.

მასალა და მოვლა:
ნაილონი, სპანდექსი
• სპორტული ტანსაცმლის ოპტიმალური მოვლისთვის, მიჰყევით მოვლის ეტიკეტზე მითითებებს და გამოიყენეთ ნაზი რეჟიმი."
"PRODUCT"	"8995462250693"	"meta_title"	"ka"	""	""	"Set Black Podium"	"შავი პოდიუმი"
"PRODUCT"	"8995462250693"	"meta_description"	"ka"	""	""	"შლაქსის კომპლექტი , იდეალურად კრავს ტანს და გამოკვეთს უკანალს.წელვადი, არ ლანდავს.მასალა:: Spandex / Polyester"	"შლაქსის კომპლექტი, იდეალურად კრავს ტანს და გამოკვეთს უკანალს. წელვადი, არ ლანდავს. მასალა: სპანდექსი/პოლიესტერი"
"PRODUCT"	"8995462283461"	"title"	"ka"	""	""	"Short Jumpsuit Pink Sculpt"	"მოკლე კომბინეზონი, ვარდისფერი სკულპტი"
"PRODUCT"	"8995462283461"	"body_html"	"ka"	""	""	"მოკლე სავარჯიშო კომბინიზონი. იდეალურად კრავს ტანს, ვიზუალურად ახდუნებს და გამოკვეთს ფორმებს.
მასალა: Polyester/Spandex 
მკერდზე აქვს ღრუბელი*"	"Short workout jumpsuit. It fits perfectly, visually slims and accentuates your figure.
Material: Polyester/Spandex 
It has padding on the chest*"
"PRODUCT"	"8995462283461"	"meta_title"	"ka"	""	""	"Short Jumpsuit Pink Sculpt"	"მოკლე კომბინეზონი, ვარდისფერი, სკულპტი"
"PRODUCT"	"8995462283461"	"meta_description"	"ka"	""	""	"დახურული, გრძელმკლავიანი, ელასტიური კომბინიზონი უნიქორნის პრინტით, იდეალურად კრავს ტანს და კვეთს ფორმებს.მასალა: Polyester / Spandex"	"Closed, long-sleeved, elastic jumpsuit with unicorn print, perfectly wraps and defines the body.
Material: Polyester / Spandex"
"PRODUCT"	"8995462316229"	"title"	"ka"	""	""	"Short Jumpsuit Black Sculpt"	"მოკლე კომბინეზონი, შავი, სკულპტი"
"PRODUCT"	"8995462316229"	"body_html"	"ka"	""	""	"მოკლე სავარჯიშო კომბინიზონი. იდეალურად კრავს ტანს, ვიზუალურად ახდუნებს და გამოკვეთს ფორმებს.

მასალა: Polyester/Spandex"	"Short exercise jumpsuit. Perfectly hugs the body, visually slims, and highlights your figure.

Material: Polyester/Spandex"
"PRODUCT"	"8995462316229"	"meta_title"	"ka"	""	""	"Short Jumpsuit Black Sculpt"	"შორტი-კომბინეზონი შავი, გამოკვეთილი ტანის ფორმის"
"PRODUCT"	"8995462316229"	"meta_description"	"ka"	""	""	"მოკლე სავარჯიშო კომბინიზონი. იდეალურად კრავს ტანს, ვიზუალურად ახდუნებს და გამოკვეთს ფორმებს.მასალა: Polyester/Spandex"	"Short exercise jumpsuit. Ideally snugs the body, visually slims, and accentuates forms. Material: Polyester/Spandex"
"PRODUCT"	"8995462381765"	"title"	"ka"	""	""	"Push-up Jumpsuit Black Symphony"	"აჟიმანიის კომბინიზონი „შავი სიმფონია“"
"PRODUCT"	"8995462381765"	"body_html"	"ka"	""	""	"მოკლე სავარჯიშო კომბინიზონი. იდეალურად კრავს ტანს, ვიზუალურად ახდუნებს და გამოკვეთს ფორმებს.

მასალა: Polyester/Spandex"	"Short exercise jumpsuit. Perfectly hugs the body, visually slims, and highlights your figure.

Material: Polyester/Spandex"
"PRODUCT"	"8995462381765"	"meta_title"	"ka"	""	""	"Push-up Jumpsuit Black Symphony"	"აჭიმვადი კომბინეზონი შავი სიმფონია"
"PRODUCT"	"8995462381765"	"meta_description"	"ka"	""	""	"მოკლე სავარჯიშო კომბინიზონი. იდეალურად კრავს ტანს, ვიზუალურად ახდუნებს და გამოკვეთს ფორმებს.მასალა: Polyester/Spandex"	"Short exercise jumpsuit. Ideally snugs the body, visually slims, and accentuates forms. Material: Polyester/Spandex"
"PRODUCT"	"8995462447301"	"title"	"ka"	""	""	"Classic Set Baby Pink Elegance"	"კლასიკური ნაკრები: ბავშვის ვარდისფერი ელეგანტურობა"
"PRODUCT"	"8995462447301"	"body_html"	"ka"	""	""	"სავარჯიშო კომპლექტი, იდეალურად კრავს ტანს და კვეთს ფორმებს, არ ტოვებს ოფლის ლაქებს, ზედას აქვს ღრუბელი.

მასალა: Polyester / Spandex"	"Workout set, ideally snugs the body and carves out forms, leaves no sweat stains, top has a sponge.

Material: Polyester / Spandex"
"PRODUCT"	"8995462447301"	"meta_title"	"ka"	""	""	"Classic Set Baby Pink Elegance"	"კლასიკური ნაკრები – ბაცი ვარდისფერი ელეგანტურობა"
"PRODUCT"	"8995462447301"	"meta_description"	"ka"	""	""	"ვარდისფერი კანტებიანი სავარჯიშო Push-up კომპლექტი, იდეალურად კრავს ტანს და კვეთს ფორმებს, არ ტოვებს ოფლის ლაქებს, ზედას აქვს გუფკა."	"Pink trim workout Push-up set, perfectly snugs the body and accentuates forms, does not leave sweat stains, the top has padding."
"PRODUCT"	"8995462545605"	"title"	"ka"	""	""	"Classic Set Black Elegance"	"კლასიკური ნაკრები შავი ელეგანტურობა"
"PRODUCT"	"8995462545605"	"body_html"	"ka"	""	""	"სავარჯიშო კომპლექტი, იდეალურად კრავს ტანს და კვეთს ფორმებს, არ ტოვებს ოფლის ლაქებს, ზედას აქვს ღრუბელი.

მასალა: Polyester / Spandex"	"Workout set, ideally wraps the body and shapes it, leaves no sweat stains, the top has a sponge.

Material: Polyester / Spandex"
"PRODUCT"	"8995462545605"	"meta_title"	"ka"	""	""	"Classic Set Black Elegance"	"კლასიკური ნაკრები შავი ელეგანტურობა"
"PRODUCT"	"8995462545605"	"meta_description"	"ka"	""	""	"ვარდისფერი კანტებიანი სავარჯიშო Push-up კომპლექტი, იდეალურად კრავს ტანს და კვეთს ფორმებს, არ ტოვებს ოფლის ლაქებს, ზედას აქვს გუფკა."	"Pink trim workout Push-up set, perfectly snugs the body and accentuates forms, does not leave sweat stains, the top has padding."
"PRODUCT"	"8995462611141"	"title"	"ka"	""	""	"Classic Set Burgundy Elegance"	"კლასიკური ნაკრები: შინდისფერი ელეგანტურობა"
"PRODUCT"	"8995462611141"	"body_html"	"ka"	""	""	"სავარჯიშო კომპლექტი, იდეალურად კრავს ტანს და კვეთს ფორმებს, არ ტოვებს ოფლის ლაქებს, ზედას აქვს ღრუბელი.

მასალა: Polyester / Spandex"	"Workout set that perfectly hugs your body and sculpts your figure, leaving no sweat stains. The top has padding.

Material: Polyester / Spandex"
"PRODUCT"	"8995462611141"	"meta_title"	"ka"	""	""	"Classic Set Burgundy Elegance"	"კლასიკური ნაკრები: შინდისფერი ელეგანტურობა"
"PRODUCT"	"8995462611141"	"meta_description"	"ka"	""	""	"ვარდისფერი კანტებიანი სავარჯიშო Push-up კომპლექტი, იდეალურად კრავს ტანს და კვეთს ფორმებს, არ ტოვებს ოფლის ლაქებს, ზედას აქვს გუფკა."	"Pink trim workout Push-up set, perfectly snugs the body and accentuates forms, does not leave sweat stains, the top has padding."
"PRODUCT"	"8995462643909"	"title"	"ka"	""	""	"Classic Set Light Grey Elegance"	"კლასიკური ნაკრები ღია ნაცრისფერი ელეგანტურობა"
"PRODUCT"	"8995462643909"	"body_html"	"ka"	""	""	"სავარჯიშო კომპლექტი, იდეალურად კრავს ტანს და კვეთს ფორმებს, არ ტოვებს ოფლის ლაქებს, ზედას აქვს ღრუბელი.

მასალა: Polyester / Spandex"	"Workout set, ideally snugs the body and carves out forms, leaves no sweat stains, top has a sponge.

Material: Polyester / Spandex"
"PRODUCT"	"8995462643909"	"meta_title"	"ka"	""	""	"Classic Set Light Grey Elegance"	"კლასიკური ნაკრები ღია ნაცრისფერი ელეგანტურობა"
"PRODUCT"	"8995462643909"	"meta_description"	"ka"	""	""	"ვარდისფერი კანტებიანი სავარჯიშო Push-up კომპლექტი, იდეალურად კრავს ტანს და კვეთს ფორმებს, არ ტოვებს ოფლის ლაქებს, ზედას აქვს გუფკა."	"Pink trim workout Push-up set, perfectly snugs the body and accentuates forms, does not leave sweat stains, the top has padding."
"PRODUCT"	"8995462676677"	"title"	"ka"	""	""	"Classic Set Brown Elegance"	"კლასიკური ნაკრები ყავისფერი ელეგანტურობა"
"PRODUCT"	"8995462676677"	"body_html"	"ka"	""	""	"სავარჯიშო კომპლექტი, იდეალურად კრავს ტანს და კვეთს ფორმებს, არ ტოვებს ოფლის ლაქებს, ზედას აქვს ღრუბელი.

მასალა: Polyester / Spandex"	"სავარჯიშო კომპლექტი, იდეალურად კრავს ტანს და კვეთს ფორმებს, არ ტოვებს ოფლის ლაქებს, ზედას აქვს ღრუბელი.

მასალა: პოლიესტერი / სპანდექსი"
"PRODUCT"	"8995462676677"	"meta_title"	"ka"	""	""	"Classic Set Brown Elegance"	"კლასიკური ნაკრები ყავისფერი ელეგანტურობა"
"PRODUCT"	"8995462676677"	"meta_description"	"ka"	""	""	"ვარდისფერი კანტებიანი სავარჯიშო Push-up კომპლექტი, იდეალურად კრავს ტანს და კვეთს ფორმებს, არ ტოვებს ოფლის ლაქებს, ზედას აქვს გუფკა."	"Pink trim workout Push-up set, perfectly snugs the body and accentuates forms, does not leave sweat stains, the top has padding."
"PRODUCT"	"8995462709445"	"title"	"ka"	""	""	"Set Black Click"	"დააყენეთ შავი დაწკაპუნება"
"PRODUCT"	"8995462709445"	"body_html"	"ka"	""	""	"სავარჯიშო კომპლექტი, იდეალურად კრავს ტანს და კვეთს ფორმებს, არ ტოვებს ოფლის ლაქებს, ზედას არ აქვს ღრუბელი.

მასალა: Polyester / Spandex"	"Sports set that perfectly fits the body and accentuates its forms, leaving no sweat stains. The top does not have padding.

Material: Polyester / Spandex"
"PRODUCT"	"8995462709445"	"meta_title"	"ka"	""	""	"Set Black Click"	"დააყენეთ შავი დაწკაპუნება"
"PRODUCT"	"8995462709445"	"meta_description"	"ka"	""	""	"ვარდისფერი კანტებიანი სავარჯიშო Push-up კომპლექტი, იდეალურად კრავს ტანს და კვეთს ფორმებს, არ ტოვებს ოფლის ლაქებს, ზედას აქვს გუფკა."	"Pink trim workout Push-up set, perfectly snugs the body and accentuates forms, does not leave sweat stains, the top has padding."
"PRODUCT"	"8995462742213"	"title"	"ka"	""	""	"Set Red Click"	"დააყენე წითელი დაწკაპუნება"
"PRODUCT"	"8995462742213"	"body_html"	"ka"	""	""	"სავარჯიშო კომპლექტი, იდეალურად კრავს ტანს და კვეთს ფორმებს, არ ტოვებს ოფლის ლაქებს, 
*ზედას არ აქვს ღრუბელი.

მასალა: Polyester / Spandex"	"Workout set, perfectly hugs the body and sculpts the forms, leaving no sweat stains. 
*Top has no padding.

Material: Polyester / Spandex"
"PRODUCT"	"8995462742213"	"meta_title"	"ka"	""	""	"Set Red Click"	"დააყენეთ წითელი დაწკაპუნება"
"PRODUCT"	"8995462742213"	"meta_description"	"ka"	""	""	"ვარდისფერი კანტებიანი სავარჯიშო Push-up კომპლექტი, იდეალურად კრავს ტანს და კვეთს ფორმებს, არ ტოვებს ოფლის ლაქებს, ზედას აქვს გუფკა."	"Pink trim workout Push-up set, perfectly snugs the body and accentuates forms, does not leave sweat stains, the top has padding."
"PRODUCT"	"8995462807749"	"title"	"ka"	""	""	"Push-up Set Beige Leopard Spirit"	"აწევის სეტი, კრემისფერი, ლეოპარდის პრინტი Spirit-ისგან"
"PRODUCT"	"8995462807749"	"body_html"	"ka"	""	""	"სავარჯიშო Push-up კომპლექტი ლეოპარდის პრინტით, იდეალურად კრავს ტანს და კვეთს ფორმებს, არ ტოვებს ოფლის ლაქებს, ზედას აქვს გუფკა.

მასალა:  Polyester / Spandex"	"Push-up სავარჯიშო კომპლექტი ლეოპარდის პრინტით, იდეალურად ერგება სხეულს და გამოკვეთს ფორმებს. არ ტოვებს ოფლის ლაქებს. ზედას აქვს გუფკა.

მასალა: პოლიესტერი / სპანდექსი"
"PRODUCT"	"8995462807749"	"meta_title"	"ka"	""	""	"Push-up Set Beige Leopard Spirit"	"აჭიმვის სეტი, ბეჟი, ლეოპარდის პრინტი Spirit"
"PRODUCT"	"8995462807749"	"meta_description"	"ka"	""	""	"თეთრი სავარჯიშო Push-up კომპლექტი ლეოპარდის პრინტით, იდეალურად კრავს ტანს და კვეთს ფორმებს, არ ტოვებს ოფლის ლაქებს, ზედას აქვს გუფკა."	"White workout push-up set with leopard print, perfectly hugs the body and sculpts the figure, leaves no sweat stains, top has padding."
"PRODUCT"	"8995462873285"	"title"	"ka"	""	""	"Push-up Set Beige Leopard Spirit"	"აჭიმვის ნაკრები, კრემისფერი, ლეოპარდის პრინტით Spirit"
"PRODUCT"	"8995462873285"	"body_html"	"ka"	""	""	"სავარჯიშო Push-up კომპლექტი ლეოპარდის პრინტით, იდეალურად კრავს ტანს და კვეთს ფორმებს, არ ტოვებს ოფლის ლაქებს, ზედას აქვს გუფკა.

მასალა:  Polyester / Spandex"	"Push-up სავარჯიშო კომპლექტი ლეოპარდის პრინტით, იდეალურად ერგება სხეულს და გამოკვეთს ფორმებს. არ ტოვებს ოფლის ლაქებს. ზედას აქვს გუფკა.

მასალა: პოლიესტერი / სპანდექსი"
"PRODUCT"	"8995462873285"	"meta_title"	"ka"	""	""	"Push-up Set Beige Leopard Spirit"	"აჭიმვების ნაკრები, კრემისფერი, ლეოპარდის პრინტით Spirit"
"PRODUCT"	"8995462873285"	"meta_description"	"ka"	""	""	"თეთრი სავარჯიშო Push-up კომპლექტი ლეოპარდის პრინტით, იდეალურად კრავს ტანს და კვეთს ფორმებს, არ ტოვებს ოფლის ლაქებს, ზედას აქვს გუფკა."	"White workout push-up set with leopard print, perfectly hugs the body and sculpts the figure, leaves no sweat stains, top has padding."
"PRODUCT"	"8995462906053"	"title"	"ka"	""	""	"Push-up Short Set Beige Leopard Spirit"	"ქალის მოკლე სპორტული კომპლექტი აზიდვებისთვის, კრემისფერი ლეოპარდის პრინტით Spirit"
"PRODUCT"	"8995462906053"	"body_html"	"ka"	""	""	"სავარჯიშო Push-up კომპლექტი ლეოპარდის პრინტით, იდეალურად კრავს ტანს და კვეთს ფორმებს, არ ტოვებს ოფლის ლაქებს, ზედას აქვს გუფკა.

მასალა:  Polyester / Spandex"	"Push-up სავარჯიშო კომპლექტი ლეოპარდის პრინტით, იდეალურად ერგება სხეულს და გამოკვეთს ფორმებს. არ ტოვებს ოფლის ლაქებს. ზედას აქვს გუფკა.

მასალა: პოლიესტერი / სპანდექსი"
"PRODUCT"	"8995462906053"	"meta_title"	"ka"	""	""	"Push-up Short Set Beige Leopard Spirit"	"პუშ-აპ მოკლე ნაკრები, კრემისფერი, ლეოპარდის პრინტით, Spirit"
"PRODUCT"	"8995462906053"	"meta_description"	"ka"	""	""	"თეთრი სავარჯიშო Push-up კომპლექტი ლეოპარდის პრინტით, იდეალურად კრავს ტანს და კვეთს ფორმებს, არ ტოვებს ოფლის ლაქებს, ზედას აქვს გუფკა."	"White workout push-up set with leopard print, perfectly hugs the body and sculpts the figure, leaves no sweat stains, top has padding."
"PRODUCT"	"8995462938821"	"title"	"ka"	""	""	"Push-up Short Set Light Grey Leopard Spirit"	"მოკლე კომპლექტი „ფუშ-აპი“, ღია ნაცრისფერი, ლეოპარდის პრინტით Spirit"
"PRODUCT"	"8995462938821"	"body_html"	"ka"	""	""	"სავარჯიშო Push-up კომპლექტი ლეოპარდის პრინტით, იდეალურად კრავს ტანს და კვეთს ფორმებს, არ ტოვებს ოფლის ლაქებს, ზედას აქვს გუფკა.

მასალა:  Polyester / Spandex"	"Push-up სავარჯიშო კომპლექტი ლეოპარდის პრინტით, იდეალურად ერგება სხეულს და გამოკვეთს ფორმებს. არ ტოვებს ოფლის ლაქებს. ზედას აქვს გუფკა.

მასალა: პოლიესტერი / სპანდექსი"
"PRODUCT"	"8995462938821"	"meta_title"	"ka"	""	""	"Push-up Short Set Light Grey Leopard Spirit"	"მოკლე სპორტული ნაკრები (პუშ-აპი), ღია ნაცრისფერი, ლეოპარდის პრინტით"
"PRODUCT"	"8995462938821"	"meta_description"	"ka"	""	""	"თეთრი სავარჯიშო Push-up კომპლექტი ლეოპარდის პრინტით, იდეალურად კრავს ტანს და კვეთს ფორმებს, არ ტოვებს ოფლის ლაქებს, ზედას აქვს გუფკა."	"White workout push-up set with leopard print, perfectly hugs the body and sculpts the figure, leaves no sweat stains, top has padding."
"PRODUCT"	"8995463004357"	"title"	"ka"	""	""	"Push-up Short Set Brown Leopard Spirit"	"აჟუჟუნებული მოკლე კომპლექტი, ყავისფერი ლეოპარდის სული"
"PRODUCT"	"8995463004357"	"body_html"	"ka"	""	""	"სავარჯიშო Push-up კომპლექტი ლეოპარდის პრინტით, იდეალურად კრავს ტანს და კვეთს ფორმებს, არ ტოვებს ოფლის ლაქებს, ზედას აქვს გუფკა.

მასალა:  Polyester / Spandex"	"Push-up სავარჯიშო კომპლექტი ლეოპარდის პრინტით, იდეალურად ერგება სხეულს და გამოკვეთს ფორმებს. არ ტოვებს ოფლის ლაქებს. ზედას აქვს გუფკა.

მასალა: პოლიესტერი / სპანდექსი"
"PRODUCT"	"8995463004357"	"meta_title"	"ka"	""	""	"Push-up Short Set Brown Leopard Spirit"	"ააწიეთ მოკლე ნაკრები, ყავისფერი ლეოპარდის სული"
"PRODUCT"	"8995463004357"	"meta_description"	"ka"	""	""	"თეთრი სავარჯიშო Push-up კომპლექტი ლეოპარდის პრინტით, იდეალურად კრავს ტანს და კვეთს ფორმებს, არ ტოვებს ოფლის ლაქებს, ზედას აქვს გუფკა."	"White workout push-up set with leopard print, perfectly hugs the body and sculpts the figure, leaves no sweat stains, top has padding."
"PRODUCT"	"8995463037125"	"title"	"ka"	""	""	"Push-up Short Set Dark Grey Leopard Spirit"	"აჟღებული ტოპი და შორტი მუქი ნაცრისფერი ლეოპარდის პრინტით Spirit"
"PRODUCT"	"8995463037125"	"body_html"	"ka"	""	""	"სავარჯიშო Push-up კომპლექტი ლეოპარდის პრინტით, იდეალურად კრავს ტანს და კვეთს ფორმებს, არ ტოვებს ოფლის ლაქებს, ზედას აქვს გუფკა.

მასალა:  Polyester / Spandex"	"Push-up სავარჯიშო კომპლექტი ლეოპარდის პრინტით, იდეალურად ერგება სხეულს და გამოკვეთს ფორმებს. არ ტოვებს ოფლის ლაქებს. ზედას აქვს გუფკა.

მასალა: პოლიესტერი / სპანდექსი"
"PRODUCT"	"8995463037125"	"meta_title"	"ka"	""	""	"Push-up Short Set Dark Grey Leopard Spirit"	"მოკლე პუშ-აპის ნაკრები, მუქი ნაცრისფერი, ლეოპარდის პრინტი Spirit"
"PRODUCT"	"8995463037125"	"meta_description"	"ka"	""	""	"თეთრი სავარჯიშო Push-up კომპლექტი ლეოპარდის პრინტით, იდეალურად კრავს ტანს და კვეთს ფორმებს, არ ტოვებს ოფლის ლაქებს, ზედას აქვს გუფკა."	"White workout push-up set with leopard print, perfectly hugs the body and sculpts the figure, leaves no sweat stains, top has padding."
"PRODUCT"	"8995463069893"	"title"	"ka"	""	""	"Push-up Short Set Black Leopard Spirit"	"ბიუსჰალტერიანი მოკლე კომპლექტი შავი, ლეოპარდის პრინტით, Spirit"
"PRODUCT"	"8995463069893"	"body_html"	"ka"	""	""	"სავარჯიშო Push-up კომპლექტი ლეოპარდის პრინტით, იდეალურად კრავს ტანს და კვეთს ფორმებს, არ ტოვებს ოფლის ლაქებს, ზედას აქვს გუფკა.

მასალა:  Polyester / Spandex"	"Push-up სავარჯიშო კომპლექტი ლეოპარდის პრინტით, იდეალურად ერგება სხეულს და გამოკვეთს ფორმებს. არ ტოვებს ოფლის ლაქებს. ზედას აქვს გუფკა.

მასალა: პოლიესტერი / სპანდექსი"
"PRODUCT"	"8995463069893"	"meta_title"	"ka"	""	""	"Push-up Short Set Black Leopard Spirit"	"ბიუსტჰალტერიანი მოკლე კომპლექტი შავი, ლეოპარდის პრინტით Spirit"
"PRODUCT"	"8995463069893"	"meta_description"	"ka"	""	""	"თეთრი სავარჯიშო Push-up კომპლექტი ლეოპარდის პრინტით, იდეალურად კრავს ტანს და კვეთს ფორმებს, არ ტოვებს ოფლის ლაქებს, ზედას აქვს გუფკა."	"White workout push-up set with leopard print, perfectly hugs the body and sculpts the figure, leaves no sweat stains, top has padding."
"PRODUCT"	"8995463102661"	"title"	"ka"	""	""	"Push-up Set Black Leopard Spirit"	"Push-up Set შავი ლეოპარდის სული"
"PRODUCT"	"8995463102661"	"body_html"	"ka"	""	""	"სავარჯიშო Push-up კომპლექტი ლეოპარდის პრინტით, იდეალურად კრავს ტანს და კვეთს ფორმებს, არ ტოვებს ოფლის ლაქებს, ზედას აქვს გუფკა.

მასალა:  Polyester / Spandex"	"Push-up სავარჯიშო კომპლექტი ლეოპარდის პრინტით, იდეალურად ერგება სხეულს და გამოკვეთს ფორმებს. არ ტოვებს ოფლის ლაქებს. ზედას აქვს გუფკა.

მასალა: პოლიესტერი / სპანდექსი"
"PRODUCT"	"8995463102661"	"meta_title"	"ka"	""	""	"Push-up Set Black Leopard Spirit"	"ათლეტიური ტოპი და ლოკოსანი შავი ლეოპარდის პრინტით"
"PRODUCT"	"8995463102661"	"meta_description"	"ka"	""	""	"თეთრი სავარჯიშო Push-up კომპლექტი ლეოპარდის პრინტით, იდეალურად კრავს ტანს და კვეთს ფორმებს, არ ტოვებს ოფლის ლაქებს, ზედას აქვს გუფკა."	"White workout push-up set with leopard print, perfectly hugs the body and sculpts the figure, leaves no sweat stains, top has padding."
"PRODUCT"	"8995463135429"	"title"	"ka"	""	""	"Push-up Set Brown Leopard Spirit"	"აჭიმვის კომპლექტი, ყავისფერი, ლეოპარდის პრინტით „სპირიტი“"
"PRODUCT"	"8995463135429"	"body_html"	"ka"	""	""	"სავარჯიშო Push-up კომპლექტი ლეოპარდის პრინტით, იდეალურად კრავს ტანს და კვეთს ფორმებს, არ ტოვებს ოფლის ლაქებს, ზედას აქვს გუფკა.

მასალა:  Polyester / Spandex"	"Push-up სავარჯიშო კომპლექტი ლეოპარდის პრინტით, იდეალურად ერგება სხეულს და გამოკვეთს ფორმებს. არ ტოვებს ოფლის ლაქებს. ზედას აქვს გუფკა.

მასალა: პოლიესტერი / სპანდექსი"
"PRODUCT"	"8995463135429"	"meta_title"	"ka"	""	""	"Push-up Set Brown Leopard Spirit"	"პუშ-აპის ნაკრები, ყავისფერი, ლეოპარდის პრინტით, Spirit"
"PRODUCT"	"8995463135429"	"meta_description"	"ka"	""	""	"თეთრი სავარჯიშო Push-up კომპლექტი ლეოპარდის პრინტით, იდეალურად კრავს ტანს და კვეთს ფორმებს, არ ტოვებს ოფლის ლაქებს, ზედას აქვს გუფკა."	"White workout push-up set with leopard print, perfectly hugs the body and sculpts the figure, leaves no sweat stains, top has padding."
"PRODUCT"	"8995463200965"	"title"	"ka"	""	""	"Flared Jumpsuit Black Doll"	"გაშლილი კომბინეზონი, შავი თოჯინა"
"PRODUCT"	"8995463200965"	"body_html"	"ka"	""	""	"სავარჯიშო კომბინიზონი, მკერდზე აქვს ღრუბელი.
იდეალურად კრავს ტანს და ვიზუალურად ახდუნებს.
მასალა: Polyester"	"Workout jumpsuit with a padded bust.
It perfectly snugs the body and makes it look slimmer.
Material: Polyester"
"PRODUCT"	"8995463200965"	"meta_title"	"ka"	""	""	"Flared Jumpsuit Black Doll"	"გაშლილი კომბინეზონი, შავი თოჯინა"
"PRODUCT"	"8995463200965"	"meta_description"	"ka"	""	""	"სავარჯიშო კომბინიზონი, აქვს გუფკა.იდეალურად კრავს ტანს და ვიზუალურად ახდუნებს.მასალა: Polyester"	"Workout jumpsuit, has a sponge. Perfectly sculpts the body and visually slims it. Material: Polyester"
"PRODUCT"	"8995463725253"	"title"	"ka"	""	""	"Sports Bra Black Star"	"სპორტული ბიუსტჰალტერი შავი ვარსკვლავი"
"PRODUCT"	"8995463725253"	"body_html"	"ka"	""	""	"შავი ელასტიური სავარჯიშო ტოპი, აქვს გუფკა.მასალა: Spandex / Polyester"	"Black elastic workout top, has sponge. Material: Spandex / Polyester"
"PRODUCT"	"8995463725253"	"meta_title"	"ka"	""	""	"Sports Bra Black Star"	"სპორტული ბიუსტჰალტერი, შავი ვარსკვლავი"
"PRODUCT"	"8995463725253"	"meta_description"	"ka"	""	""	"შავი ელასტიური სავარჯიშო ტოპი, აქვს გუფკა.მასალა: Spandex / Polyester"	"Black elastic workout top, has sponge. Material: Spandex / Polyester"
"PRODUCT"	"9003024285893"	"title"	"ka"	""	""	"Classic Short Set Pink Silk"	"კლასიკური მოკლე ნაკრები, ვარდისფერი აბრეშუმი"
"PRODUCT"	"9003024285893"	"body_html"	"ka"	""	""	"<div class=""qMYqUG_convSearchResultHighlightRoot"">
<div class="""">
<section class=""text-token-text-primary w-full focus:outline-none has-data-writing-block:pointer-events-none [&amp;:has([data-writing-block])&gt;*]:pointer-events-auto R6Vx5W_threadScrollVars scroll-mb-[calc(var(--scroll-root-safe-area-inset-bottom,0px)+var(--thread-response-height))] scroll-mt-[calc(var(--header-height)+min(200px,max(70px,20svh)))]"" dir=""auto"">
<div class=""text-base my-auto mx-auto pb-8 [--thread-content-margin:var(--thread-content-margin-xs,calc(var(--spacing)*4))] @w-sm/main:[--thread-content-margin:var(--thread-content-margin-sm,calc(var(--spacing)*6))] @w-lg/main:[--thread-content-margin:var(--thread-content-margin-lg,calc(var(--spacing)*16))] px-(--thread-content-margin)"">
<div class=""[--thread-content-max-width:40rem] @w-lg/main:[--thread-content-max-width:48rem] mx-auto max-w-(--thread-content-max-width) flex-1 group/turn-messages focus-visible:outline-hidden relative flex w-full min-w-0 flex-col agent-turn"">
<div class=""flex max-w-full flex-col gap-4 grow"">
<div dir=""auto"" class=""min-h-8 text-message relative flex w-full flex-col items-end gap-2 text-start break-words whitespace-normal outline-none keyboard-focused:focus-ring [.text-message+&amp;]:mt-1"" tabindex=""0"">
<div class=""flex w-full flex-col gap-1 empty:hidden"">
<div class=""markdown prose dark:prose-invert wrap-break-word w-full dark markdown-new-styling"">
<p class=""PDq2pG_selectionAnchorContainer"">რბილი და ელასტიური სპორტული კომპლექტი - ტოპი და მაღალწელიანი შორტი. კომფორტული და სხეულზე იდეალურად მორგებული, ვარჯიშისთვის და ყოველდღიური აქტიური ლუქისთვის. *<span class=""PDq2pG_selectionAnchor""></span>ზედას აქვს ღრუბელი</p>
</div>
</div>
</div>
</div>
<div class=""z-0 flex min-h-[46px] justify-start""><br></div>
</div>
<div class=""[--thread-content-max-width:40rem] @w-lg/main:[--thread-content-max-width:48rem] mx-auto max-w-(--thread-content-max-width) flex-1"">
<div><br></div>
</div>
</div>
</section>
</div>
</div>"	"<div class=""qMYqUG_convSearchResultHighlightRoot"">

<div class="""">

<section class=""text-token-text-primary w-full focus:outline-none has-data-writing-block:pointer-events-none [&amp;:has([data-writing-block])&gt;*]:pointer-events-auto R6Vx5W_threadScrollVars scroll-mb-[calc(var(--scroll-root-safe-area-inset-bottom,0px)+var(--thread-response-height))] scroll-mt-[calc(var(--header-height)+min(200px,max(70px,20svh)))]"" dir=""auto"">
<div class=""text-base my-auto mx-auto pb-8 [--thread-content-margin:var(--thread-content-margin-xs,calc(var(--spacing)*4))] @w-sm/main:[--thread-content-margin:var(--thread-content-margin-sm,calc(var(--spacing)*6))] @w-lg/main:[--thread-content-margin:var(--thread-content-margin-lg,calc(var(--spacing)*16))] px-(--thread-content-margin)"">

<div class=""[--thread-content-max-width:40rem] @w-lg/main:[--thread-content-max-width:48rem] mx-auto max-w-(--thread-content-max-width) flex-1 group/turn-messages focus-visible:outline-hidden relative flex w-full min-w-0 flex-col agent-turn"">

<div class=""flex max-w-full flex-col gap-4 grow"">

<div dir=""auto"" class=""min-h-8 text-message relative flex w-full flex-col items-end gap-2 text-start break-words whitespace-normal outline-none keyboard-focused:focus-ring [.text-message+&amp;]:mt-1"" tabindex=""0"">

<div class=""flex w-full flex-col gap-1 empty:hidden"">

<div class=""markdown prose dark:prose-invert wrap-break-word w-full dark markdown-new-styling"">

<p class=""PDq2pG_selectionAnchorContainer"">რბილი და ელასტიური სპორტული კომპლექტი - ტოპი და მაღალწელიანი შორტი. კომფორტული და სხეულზე იდეალურად მორგებული, ვარჯიშისთვის და ყოველდღიური აქტიური ლუქისთვის. *<span class=""PDq2pG_selectionAnchor""></span>ზედას აქვს ღრუბელი</p>


</div>


</div>


</div>


</div>

<div class=""z-0 flex min-h-[46px] justify-start""><br></div>


</div>

<div class=""[--thread-content-max-width:40rem] @w-lg/main:[--thread-content-max-width:48rem] mx-auto max-w-(--thread-content-max-width) flex-1"">

<div><br></div>


</div>


</div>

</section>

</div>


</div>"
"PRODUCT"	"9005046169797"	"title"	"ka"	""	""	"Classic Leggings Set Blue Silk"	"კლასიკური ლეგინსების ნაკრები, ლურჯი აბრეშუმი"
"PRODUCT"	"9005046169797"	"body_html"	"ka"	""	""	"<div class=""qMYqUG_convSearchResultHighlightRoot"">
<div class="""">
<section class=""text-token-text-primary w-full focus:outline-none has-data-writing-block:pointer-events-none [&amp;:has([data-writing-block])&gt;*]:pointer-events-auto R6Vx5W_threadScrollVars scroll-mb-[calc(var(--scroll-root-safe-area-inset-bottom,0px)+var(--thread-response-height))] scroll-mt-[calc(var(--header-height)+min(200px,max(70px,20svh)))]"" dir=""auto"">
<div class=""text-base my-auto mx-auto pb-8 [--thread-content-margin:var(--thread-content-margin-xs,calc(var(--spacing)*4))] @w-sm/main:[--thread-content-margin:var(--thread-content-margin-sm,calc(var(--spacing)*6))] @w-lg/main:[--thread-content-margin:var(--thread-content-margin-lg,calc(var(--spacing)*16))] px-(--thread-content-margin)"">
<div class=""[--thread-content-max-width:40rem] @w-lg/main:[--thread-content-max-width:48rem] mx-auto max-w-(--thread-content-max-width) flex-1 group/turn-messages focus-visible:outline-hidden relative flex w-full min-w-0 flex-col agent-turn"">
<div class=""flex max-w-full flex-col gap-4 grow"">
<div dir=""auto"" class=""min-h-8 text-message relative flex w-full flex-col items-end gap-2 text-start break-words whitespace-normal outline-none keyboard-focused:focus-ring [.text-message+&amp;]:mt-1"" tabindex=""0"">
<div class=""flex w-full flex-col gap-1 empty:hidden"">
<div class=""markdown prose dark:prose-invert wrap-break-word w-full dark markdown-new-styling"">
<p class=""PDq2pG_selectionAnchorContainer"">რბილი და ელასტიური სპორტული კომპლექტი - ტოპი და მაღალწელიანი გაშლილი შარვალი. კომფორტული და სხეულზე იდეალურად მორგებული, ვარჯიშისთვის და ყოველდღიური აქტიური ლუქისთვის. *<span class=""PDq2pG_selectionAnchor""></span>ზედას აქვს ღრუბელი</p>
</div>
</div>
</div>
</div>
<div class=""z-0 flex min-h-[46px] justify-start""><br></div>
</div>
<div class=""[--thread-content-max-width:40rem] @w-lg/main:[--thread-content-max-width:48rem] mx-auto max-w-(--thread-content-max-width) flex-1"">
<div><br></div>
</div>
</div>
</section>
</div>
</div>"	"<div class=""qMYqUG_convSearchResultHighlightRoot"">

<div class="""">

<section class=""text-token-text-primary w-full focus:outline-none has-data-writing-block:pointer-events-none [&amp;:has([data-writing-block])&gt;*]:pointer-events-auto R6Vx5W_threadScrollVars scroll-mb-[calc(var(--scroll-root-safe-area-inset-bottom,0px)+var(--thread-response-height))] scroll-mt-[calc(var(--header-height)+min(200px,max(70px,20svh)))]"" dir=""auto"">
<div class=""text-base my-auto mx-auto pb-8 [--thread-content-margin:var(--thread-content-margin-xs,calc(var(--spacing)*4))] @w-sm/main:[--thread-content-margin:var(--thread-content-margin-sm,calc(var(--spacing)*6))] @w-lg/main:[--thread-content-margin:var(--thread-content-margin-lg,calc(var(--spacing)*16))] px-(--thread-content-margin)"">

<div class=""[--thread-content-max-width:40rem] @w-lg/main:[--thread-content-max-width:48rem] mx-auto max-w-(--thread-content-max-width) flex-1 group/turn-messages focus-visible:outline-hidden relative flex w-full min-w-0 flex-col agent-turn"">

<div class=""flex max-w-full flex-col gap-4 grow"">

<div dir=""auto"" class=""min-h-8 text-message relative flex w-full flex-col items-end gap-2 text-start break-words whitespace-normal outline-none keyboard-focused:focus-ring [.text-message+&amp;]:mt-1"" tabindex=""0"">

<div class=""flex w-full flex-col gap-1 empty:hidden"">

<div class=""markdown prose dark:prose-invert wrap-break-word w-full dark markdown-new-styling"">

<p class=""PDq2pG_selectionAnchorContainer"">Soft and elastic sports set - top and high-waisted flared trousers. Comfortable and perfectly fitted to the body, for training and everyday active looks. *<span class=""PDq2pG_selectionAnchor""></span>The top has padding</p>


</div>


</div>


</div>


</div>

<div class=""z-0 flex min-h-[46px] justify-start""><br></div>


</div>

<div class=""[--thread-content-max-width:40rem] @w-lg/main:[--thread-content-max-width:48rem] mx-auto max-w-(--thread-content-max-width) flex-1"">

<div><br></div>


</div>


</div>

</section>

</div>


</div>"
"PRODUCT_OPTION"	"11291978465477"	"name"	"ka"	""	""	"Size"	"ზომა"
"PRODUCT_OPTION"	"11291980857541"	"name"	"ka"	""	""	"Size"	"ზომა"
"PRODUCT_OPTION"	"11291981414597"	"name"	"ka"	""	""	"Size"	"ზომა"
"PRODUCT_OPTION"	"11291982463173"	"name"	"ka"	""	""	"Size"	"ზომა"
"PRODUCT_OPTION"	"11291982659781"	"name"	"ka"	""	""	"Color"	"ფერი"
"PRODUCT_OPTION"	"11291982692549"	"name"	"ka"	""	""	"Size"	"ზომა"
"PRODUCT_OPTION"	"11291982725317"	"name"	"ka"	""	""	"Title"	"სათაური"
"PRODUCT_OPTION"	"11291983282373"	"name"	"ka"	""	""	"Size"	"ზომა"
"PRODUCT_OPTION"	"11291983610053"	"name"	"ka"	""	""	"Size"	"ზომა"
"PRODUCT_OPTION"	"11291983675589"	"name"	"ka"	""	""	"Title"	"სათაური"
"PRODUCT_OPTION"	"11291983708357"	"name"	"ka"	""	""	"Color"	"ფერი"
"PRODUCT_OPTION"	"11291983741125"	"name"	"ka"	""	""	"Size"	"ზომა"
"PRODUCT_OPTION"	"11291983904965"	"name"	"ka"	""	""	"Size"	"ზომა"
"PRODUCT_OPTION"	"11291983970501"	"name"	"ka"	""	""	"Size"	"ზომა"
"PRODUCT_OPTION"	"11291984003269"	"name"	"ka"	""	""	"Size"	"ზომა"
"PRODUCT_OPTION"	"11291984462021"	"name"	"ka"	""	""	"Size"	"ზომა"
"PRODUCT_OPTION"	"11291984494789"	"name"	"ka"	""	""	"Size"	"ზომა"
"PRODUCT_OPTION"	"11291984527557"	"name"	"ka"	""	""	"Size"	"ზომა"
"PRODUCT_OPTION"	"11291984593093"	"name"	"ka"	""	""	"Size"	"ზომა"
"PRODUCT_OPTION"	"11291985477829"	"name"	"ka"	""	""	"Color"	"ფერი"
"PRODUCT_OPTION"	"11291985576133"	"name"	"ka"	""	""	"Size"	"ზომა"
"PRODUCT_OPTION"	"11291985674437"	"name"	"ka"	""	""	"Size"	"ზომა"
"PRODUCT_OPTION"	"11291985707205"	"name"	"ka"	""	""	"Size"	"ზომა"
"PRODUCT_OPTION"	"11291985739973"	"name"	"ka"	""	""	"Size"	"ზომა"
"PRODUCT_OPTION"	"11291985838277"	"name"	"ka"	""	""	"Size"	"ზომა"
"PRODUCT_OPTION"	"11291985871045"	"name"	"ka"	""	""	"Size"	"ზომა"
"PRODUCT_OPTION"	"11291985969349"	"name"	"ka"	""	""	"Size"	"ზომა"
"PRODUCT_OPTION"	"11291986067653"	"name"	"ka"	""	""	"Size"	"ზომა"
"PRODUCT_OPTION"	"11291986460869"	"name"	"ka"	""	""	"Size"	"ზომა"
"PRODUCT_OPTION"	"11291986591941"	"name"	"ka"	""	""	"Size"	"ზომა"
"PRODUCT_OPTION"	"11291986624709"	"name"	"ka"	""	""	"Size"	"ზომა"
"PRODUCT_OPTION"	"11291986657477"	"name"	"ka"	""	""	"Size"	"ზომა"
"PRODUCT_OPTION"	"11291986788549"	"name"	"ka"	""	""	"Size"	"ზომა"
"PRODUCT_OPTION"	"11291986854085"	"name"	"ka"	""	""	"Size"	"ზომა"
"PRODUCT_OPTION"	"11291986886853"	"name"	"ka"	""	""	"Size"	"ზომა"
"PRODUCT_OPTION"	"11291986952389"	"name"	"ka"	""	""	"Size"	"ზომა"
"PRODUCT_OPTION"	"11291987083461"	"name"	"ka"	""	""	"Size"	"ზომა"
"PRODUCT_OPTION"	"11291987116229"	"name"	"ka"	""	""	"Size"	"ზომა"
"PRODUCT_OPTION"	"11291987443909"	"name"	"ka"	""	""	"Size"	"ზომა"
"PRODUCT_OPTION"	"11291987476677"	"name"	"ka"	""	""	"Size"	"ზომა"
"PRODUCT_OPTION"	"11291987509445"	"name"	"ka"	""	""	"Size"	"ზომა"
"PRODUCT_OPTION"	"11291987706053"	"name"	"ka"	""	""	"Size"	"ზომა"
"PRODUCT_OPTION"	"11291987738821"	"name"	"ka"	""	""	"Size"	"ზომა"
"PRODUCT_OPTION"	"11291987837125"	"name"	"ka"	""	""	"Size"	"ზომა"
"PRODUCT_OPTION"	"11291988164805"	"name"	"ka"	""	""	"Size"	"ზომა"
"PRODUCT_OPTION"	"11291988328645"	"name"	"ka"	""	""	"Size"	"ზომა"
"PRODUCT_OPTION"	"11291988361413"	"name"	"ka"	""	""	"Size"	"ზომა"
"PRODUCT_OPTION"	"11291988394181"	"name"	"ka"	""	""	"Size"	"ზომა"
"PRODUCT_OPTION"	"11291988426949"	"name"	"ka"	""	""	"Size"	"ზომა"
"PRODUCT_OPTION"	"11291988787397"	"name"	"ka"	""	""	"Size"	"ზომა"
"PRODUCT_OPTION"	"11291988885701"	"name"	"ka"	""	""	"Size"	"ზომა"
"PRODUCT_OPTION"	"11291988918469"	"name"	"ka"	""	""	"Size"	"ზომა"
"PRODUCT_OPTION"	"11291988951237"	"name"	"ka"	""	""	"Size"	"ზომა"
"PRODUCT_OPTION"	"11291989082309"	"name"	"ka"	""	""	"Size"	"ზომა"
"PRODUCT_OPTION"	"11291989115077"	"name"	"ka"	""	""	"Size"	"ზომა"
"PRODUCT_OPTION"	"11291990229189"	"name"	"ka"	""	""	"Size"	"ზომა"
"PRODUCT_OPTION"	"11291990622405"	"name"	"ka"	""	""	"Size"	"ზომა"
"PRODUCT_OPTION"	"11291990753477"	"name"	"ka"	""	""	"Size"	"ზომა"
"PRODUCT_OPTION"	"11291990786245"	"name"	"ka"	""	""	"Size"	"ზომა"
"PRODUCT_OPTION"	"11291991310533"	"name"	"ka"	""	""	"Size"	"ზომა"
"PRODUCT_OPTION"	"11291991539909"	"name"	"ka"	""	""	"Size"	"ზომა"
"PRODUCT_OPTION"	"11291991605445"	"name"	"ka"	""	""	"Size"	"ზომა"
"PRODUCT_OPTION"	"11291991638213"	"name"	"ka"	""	""	"Size"	"ზომა"
"PRODUCT_OPTION"	"11291992424645"	"name"	"ka"	""	""	"Size"	"ზომა"
"PRODUCT_OPTION"	"11291992555717"	"name"	"ka"	""	""	"Size"	"ზომა"
"PRODUCT_OPTION"	"11291992588485"	"name"	"ka"	""	""	"Size"	"ზომა"
"PRODUCT_OPTION"	"11291993342149"	"name"	"ka"	""	""	"Size"	"ზომა"
"PRODUCT_OPTION"	"11291994259653"	"name"	"ka"	""	""	"Size"	"ზომა"
"PRODUCT_OPTION"	"11291994685637"	"name"	"ka"	""	""	"Size"	"ზომა"
"PRODUCT_OPTION"	"11291995308229"	"name"	"ka"	""	""	"Size"	"ზომა"
"PRODUCT_OPTION"	"11291995668677"	"name"	"ka"	""	""	"Size"	"ზომა"
"PRODUCT_OPTION"	"11291995766981"	"name"	"ka"	""	""	"Size"	"ზომა"
"PRODUCT_OPTION"	"11291996618949"	"name"	"ka"	""	""	"Size"	"ზომა"
"PRODUCT_OPTION"	"11291996979397"	"name"	"ka"	""	""	"Size"	"ზომა"
"PRODUCT_OPTION"	"11291997012165"	"name"	"ka"	""	""	"Size"	"ზომა"
"PRODUCT_OPTION"	"11291997044933"	"name"	"ka"	""	""	"Size"	"ზომა"
"PRODUCT_OPTION"	"11291997110469"	"name"	"ka"	""	""	"Size"	"ზომა"
"PRODUCT_OPTION"	"11291997372613"	"name"	"ka"	""	""	"Size"	"ზომა"
"PRODUCT_OPTION"	"11291997503685"	"name"	"ka"	""	""	"Size"	"ზომა"
"PRODUCT_OPTION"	"11291997765829"	"name"	"ka"	""	""	"Size"	"ზომა"
"PRODUCT_OPTION"	"11291997929669"	"name"	"ka"	""	""	"Size"	"ზომა"
"PRODUCT_OPTION"	"11291997962437"	"name"	"ka"	""	""	"Size"	"ზომა"
"PRODUCT_OPTION"	"11291997995205"	"name"	"ka"	""	""	"Size"	"ზომა"
"PRODUCT_OPTION"	"11291998060741"	"name"	"ka"	""	""	"Size"	"ზომა"
"PRODUCT_OPTION"	"11291998126277"	"name"	"ka"	""	""	"Size"	"ზომა"
"PRODUCT_OPTION"	"11291998159045"	"name"	"ka"	""	""	"Size"	"ზომა"
"PRODUCT_OPTION"	"11291998322885"	"name"	"ka"	""	""	"Size"	"ზომა"
"PRODUCT_OPTION"	"11291998421189"	"name"	"ka"	""	""	"Size"	"ზომა"
"PRODUCT_OPTION"	"11291998519493"	"name"	"ka"	""	""	"Size"	"ზომა"
"PRODUCT_OPTION"	"11291998650565"	"name"	"ka"	""	""	"Size"	"ზომა"
"PRODUCT_OPTION"	"11291998847173"	"name"	"ka"	""	""	"Size"	"ზომა"
"PRODUCT_OPTION"	"11291998879941"	"name"	"ka"	""	""	"Size"	"ზომა"
"PRODUCT_OPTION"	"11291998945477"	"name"	"ka"	""	""	"Size"	"ზომა"
"PRODUCT_OPTION"	"11291999011013"	"name"	"ka"	""	""	"Size"	"ზომა"
"PRODUCT_OPTION"	"11291999109317"	"name"	"ka"	""	""	"Size"	"ზომა"
"PRODUCT_OPTION"	"11291999305925"	"name"	"ka"	""	""	"Size"	"ზომა"
"PRODUCT_OPTION"	"11291999404229"	"name"	"ka"	""	""	"Size"	"ზომა"
"PRODUCT_OPTION"	"11291999436997"	"name"	"ka"	""	""	"Size"	"ზომა"
"PRODUCT_OPTION"	"11291999469765"	"name"	"ka"	""	""	"Size"	"ზომა"
"PRODUCT_OPTION"	"11291999568069"	"name"	"ka"	""	""	"Size"	"ზომა"
"PRODUCT_OPTION"	"11291999600837"	"name"	"ka"	""	""	"Size"	"ზომა"
"PRODUCT_OPTION"	"11291999633605"	"name"	"ka"	""	""	"Size"	"ზომა"
"PRODUCT_OPTION"	"11291999699141"	"name"	"ka"	""	""	"Size"	"ზომა"
"PRODUCT_OPTION"	"11291999731909"	"name"	"ka"	""	""	"Size"	"ზომა"
"PRODUCT_OPTION"	"11291999764677"	"name"	"ka"	""	""	"Size"	"ზომა"
"PRODUCT_OPTION"	"11291999830213"	"name"	"ka"	""	""	"Size"	"ზომა"
"PRODUCT_OPTION"	"11291999895749"	"name"	"ka"	""	""	"Size"	"ზომა"
"PRODUCT_OPTION"	"11291999928517"	"name"	"ka"	""	""	"Size"	"ზომა"
"PRODUCT_OPTION"	"11291999994053"	"name"	"ka"	""	""	"Size"	"ზომა"
"PRODUCT_OPTION"	"11292000059589"	"name"	"ka"	""	""	"Size"	"ზომა"
"PRODUCT_OPTION"	"11292000092357"	"name"	"ka"	""	""	"Size"	"ზომა"
"PRODUCT_OPTION"	"11292000157893"	"name"	"ka"	""	""	"Size"	"ზომა"
"PRODUCT_OPTION"	"11292000223429"	"name"	"ka"	""	""	"Size"	"ზომა"
"PRODUCT_OPTION"	"11292000387269"	"name"	"ka"	""	""	"Size"	"ზომა"
"PRODUCT_OPTION"	"11292000452805"	"name"	"ka"	""	""	"Size"	"ზომა"
"PRODUCT_OPTION"	"11292000485573"	"name"	"ka"	""	""	"Size"	"ზომა"
"PRODUCT_OPTION"	"11292000518341"	"name"	"ka"	""	""	"Size"	"ზომა"
"PRODUCT_OPTION"	"11292000551109"	"name"	"ka"	""	""	"Size"	"ზომა"
"PRODUCT_OPTION"	"11292000616645"	"name"	"ka"	""	""	"Size"	"ზომა"
"PRODUCT_OPTION"	"11292000682181"	"name"	"ka"	""	""	"Size"	"ზომა"
"PRODUCT_OPTION"	"11292000714949"	"name"	"ka"	""	""	"Size"	"ზომა"
"PRODUCT_OPTION"	"11292000747717"	"name"	"ka"	""	""	"Size"	"ზომა"
"PRODUCT_OPTION"	"11292000780485"	"name"	"ka"	""	""	"Size"	"ზომა"
"PRODUCT_OPTION"	"11292000813253"	"name"	"ka"	""	""	"Size"	"ზომა"
"PRODUCT_OPTION"	"11292000846021"	"name"	"ka"	""	""	"Size"	"ზომა"
"PRODUCT_OPTION"	"11292000878789"	"name"	"ka"	""	""	"Size"	"ზომა"
"PRODUCT_OPTION"	"11292000911557"	"name"	"ka"	""	""	"Size"	"ზომა"
"PRODUCT_OPTION"	"11292000977093"	"name"	"ka"	""	""	"Size"	"ზომა"
"PRODUCT_OPTION"	"11292001042629"	"name"	"ka"	""	""	"Size"	"ზომა"
"PRODUCT_OPTION"	"11292001075397"	"name"	"ka"	""	""	"Size"	"ზომა"
"PRODUCT_OPTION"	"11292001140933"	"name"	"ka"	""	""	"Size"	"ზომა"
"PRODUCT_OPTION"	"11292001173701"	"name"	"ka"	""	""	"Size"	"ზომა"
"PRODUCT_OPTION"	"11292001206469"	"name"	"ka"	""	""	"Size"	"ზომა"
"PRODUCT_OPTION"	"11292001239237"	"name"	"ka"	""	""	"Size"	"ზომა"
"PRODUCT_OPTION"	"11292001272005"	"name"	"ka"	""	""	"Size"	"ზომა"
"PRODUCT_OPTION"	"11292001337541"	"name"	"ka"	""	""	"Size"	"ზომა"
"PRODUCT_OPTION"	"11292001403077"	"name"	"ka"	""	""	"Size"	"ზომა"
"PRODUCT_OPTION"	"11292001435845"	"name"	"ka"	""	""	"Size"	"ზომა"
"PRODUCT_OPTION"	"11292001501381"	"name"	"ka"	""	""	"Size"	"ზომა"
"PRODUCT_OPTION"	"11292001534149"	"name"	"ka"	""	""	"Size"	"ზომა"
"PRODUCT_OPTION"	"11292001566917"	"name"	"ka"	""	""	"Size"	"ზომა"
"PRODUCT_OPTION"	"11292001632453"	"name"	"ka"	""	""	"Size"	"ზომა"
"PRODUCT_OPTION"	"11292001665221"	"name"	"ka"	""	""	"Size"	"ზომა"
"PRODUCT_OPTION"	"11292001730757"	"name"	"ka"	""	""	"Size"	"ზომა"
"PRODUCT_OPTION"	"11292001763525"	"name"	"ka"	""	""	"Size"	"ზომა"
"PRODUCT_OPTION"	"11292001829061"	"name"	"ka"	""	""	"Size"	"ზომა"
"PRODUCT_OPTION"	"11292001861829"	"name"	"ka"	""	""	"Size"	"ზომა"
"PRODUCT_OPTION"	"11292001894597"	"name"	"ka"	""	""	"Size"	"ზომა"
"PRODUCT_OPTION"	"11292001927365"	"name"	"ka"	""	""	"Size"	"ზომა"
"PRODUCT_OPTION"	"11292001960133"	"name"	"ka"	""	""	"Size"	"ზომა"
"PRODUCT_OPTION"	"11292001992901"	"name"	"ka"	""	""	"Size"	"ზომა"
"PRODUCT_OPTION"	"11292002025669"	"name"	"ka"	""	""	"Size"	"ზომა"
"PRODUCT_OPTION"	"11292002058437"	"name"	"ka"	""	""	"Size"	"ზომა"
"PRODUCT_OPTION"	"11292002091205"	"name"	"ka"	""	""	"Size"	"ზომა"
"PRODUCT_OPTION"	"11292002123973"	"name"	"ka"	""	""	"Size"	"ზომა"
"PRODUCT_OPTION"	"11292002156741"	"name"	"ka"	""	""	"Size"	"ზომა"
"PRODUCT_OPTION"	"11292002189509"	"name"	"ka"	""	""	"Color"	"ფერი"
"PRODUCT_OPTION"	"11292002320581"	"name"	"ka"	""	""	"Size"	"ზომა"
"PRODUCT_OPTION"	"11292002353349"	"name"	"ka"	""	""	"Size"	"ზომა"
"PRODUCT_OPTION"	"11292002386117"	"name"	"ka"	""	""	"Size"	"ზომა"
"PRODUCT_OPTION"	"11292002418885"	"name"	"ka"	""	""	"Size"	"ზომა"
"PRODUCT_OPTION"	"11292002484421"	"name"	"ka"	""	""	"Size"	"ზომა"
"PRODUCT_OPTION"	"11292002517189"	"name"	"ka"	""	""	"Size"	"ზომა"
"PRODUCT_OPTION"	"11292002549957"	"name"	"ka"	""	""	"Size"	"ზომა"
"PRODUCT_OPTION"	"11292002582725"	"name"	"ka"	""	""	"Size"	"ზომა"
"PRODUCT_OPTION"	"11292002615493"	"name"	"ka"	""	""	"Size"	"ზომა"
"PRODUCT_OPTION"	"11292002713797"	"name"	"ka"	""	""	"Size"	"ზომა"
"PRODUCT_OPTION"	"11292002779333"	"name"	"ka"	""	""	"Size"	"ზომა"
"PRODUCT_OPTION"	"11292002812101"	"name"	"ka"	""	""	"Size"	"ზომა"
"PRODUCT_OPTION"	"11292002844869"	"name"	"ka"	""	""	"Size"	"ზომა"
"PRODUCT_OPTION"	"11292002877637"	"name"	"ka"	""	""	"Size"	"ზომა"
"PRODUCT_OPTION"	"11292002910405"	"name"	"ka"	""	""	"Size"	"ზომა"
"PRODUCT_OPTION"	"11292002943173"	"name"	"ka"	""	""	"Size"	"ზომა"
"PRODUCT_OPTION"	"11292002975941"	"name"	"ka"	""	""	"Size"	"ზომა"
"PRODUCT_OPTION"	"11292003041477"	"name"	"ka"	""	""	"Size"	"ზომა"
"PRODUCT_OPTION"	"11292003074245"	"name"	"ka"	""	""	"Size"	"ზომა"
"PRODUCT_OPTION"	"11292003107013"	"name"	"ka"	""	""	"Size"	"ზომა"
"PRODUCT_OPTION"	"11292003205317"	"name"	"ka"	""	""	"Size"	"ზომა"
"PRODUCT_OPTION"	"11292003238085"	"name"	"ka"	""	""	"Size"	"ზომა"
"PRODUCT_OPTION"	"11292003270853"	"name"	"ka"	""	""	"Size"	"ზომა"
"PRODUCT_OPTION"	"11292003303621"	"name"	"ka"	""	""	"Size"	"ზომა"
"PRODUCT_OPTION"	"11292003401925"	"name"	"ka"	""	""	"Size"	"ზომა"
"PRODUCT_OPTION"	"11292003434693"	"name"	"ka"	""	""	"Size"	"ზომა"
"PRODUCT_OPTION"	"11292003500229"	"name"	"ka"	""	""	"Size"	"ზომა"
"PRODUCT_OPTION"	"11292003565765"	"name"	"ka"	""	""	"Size"	"ზომა"
"PRODUCT_OPTION"	"11292003598533"	"name"	"ka"	""	""	"Size"	"ზომა"
"PRODUCT_OPTION"	"11292003631301"	"name"	"ka"	""	""	"Size"	"ზომა"
"PRODUCT_OPTION"	"11292003696837"	"name"	"ka"	""	""	"Size"	"ზომა"
"PRODUCT_OPTION"	"11292003729605"	"name"	"ka"	""	""	"Size"	"ზომა"
"PRODUCT_OPTION"	"11292003762373"	"name"	"ka"	""	""	"Size"	"ზომა"
"PRODUCT_OPTION"	"11292003795141"	"name"	"ka"	""	""	"Size"	"ზომა"
"PRODUCT_OPTION"	"11292003860677"	"name"	"ka"	""	""	"Size"	"ზომა"
"PRODUCT_OPTION"	"11292003893445"	"name"	"ka"	""	""	"Color"	"ფერი"
"PRODUCT_OPTION"	"11292004024517"	"name"	"ka"	""	""	"Size"	"ზომა"
"PRODUCT_OPTION"	"11292004057285"	"name"	"ka"	""	""	"Size"	"ზომა"
"PRODUCT_OPTION"	"11292004122821"	"name"	"ka"	""	""	"Size"	"ზომა"
"PRODUCT_OPTION"	"11292004155589"	"name"	"ka"	""	""	"Size"	"ზომა"
"PRODUCT_OPTION"	"11292004221125"	"name"	"ka"	""	""	"Size"	"ზომა"
"PRODUCT_OPTION"	"11292004352197"	"name"	"ka"	""	""	"Size"	"ზომა"
"PRODUCT_OPTION"	"11292004417733"	"name"	"ka"	""	""	"Size"	"ზომა"
"PRODUCT_OPTION"	"11292004483269"	"name"	"ka"	""	""	"Size"	"ზომა"
"PRODUCT_OPTION"	"11292004548805"	"name"	"ka"	""	""	"Size"	"ზომა"
"PRODUCT_OPTION"	"11292004581573"	"name"	"ka"	""	""	"Size"	"ზომა"
"PRODUCT_OPTION"	"11292004614341"	"name"	"ka"	""	""	"Size"	"ზომა"
"PRODUCT_OPTION"	"11292004647109"	"name"	"ka"	""	""	"Size"	"ზომა"
"PRODUCT_OPTION"	"11292004712645"	"name"	"ka"	""	""	"Size"	"ზომა"
"PRODUCT_OPTION"	"11292004810949"	"name"	"ka"	""	""	"Size"	"ზომა"
"PRODUCT_OPTION"	"11292004843717"	"name"	"ka"	""	""	"Size"	"ზომა"
"PRODUCT_OPTION"	"11292004909253"	"name"	"ka"	""	""	"Size"	"ზომა"
"PRODUCT_OPTION"	"11292004942021"	"name"	"ka"	""	""	"Size"	"ზომა"
"PRODUCT_OPTION"	"11292004974789"	"name"	"ka"	""	""	"Size"	"ზომა"
"PRODUCT_OPTION"	"11292005040325"	"name"	"ka"	""	""	"Size"	"ზომა"
"PRODUCT_OPTION"	"11292005073093"	"name"	"ka"	""	""	"Size"	"ზომა"
"PRODUCT_OPTION"	"11292005105861"	"name"	"ka"	""	""	"Size"	"ზომა"
"PRODUCT_OPTION"	"11292005171397"	"name"	"ka"	""	""	"Size"	"ზომა"
"PRODUCT_OPTION"	"11292005236933"	"name"	"ka"	""	""	"Size"	"ზომა"
"PRODUCT_OPTION"	"11292005302469"	"name"	"ka"	""	""	"Size"	"ზომა"
"PRODUCT_OPTION"	"11292005335237"	"name"	"ka"	""	""	"Size"	"ზომა"
"PRODUCT_OPTION"	"11292005400773"	"name"	"ka"	""	""	"Size"	"ზომა"
"PRODUCT_OPTION"	"11292005433541"	"name"	"ka"	""	""	"Size"	"ზომა"
"PRODUCT_OPTION"	"11292005499077"	"name"	"ka"	""	""	"Size"	"ზომა"
"PRODUCT_OPTION"	"11292005564613"	"name"	"ka"	""	""	"Size"	"ზომა"
"PRODUCT_OPTION"	"11292005597381"	"name"	"ka"	""	""	"Size"	"ზომა"
"PRODUCT_OPTION"	"11292005630149"	"name"	"ka"	""	""	"Size"	"ზომა"
"PRODUCT_OPTION"	"11292005662917"	"name"	"ka"	""	""	"Size"	"ზომა"
"PRODUCT_OPTION"	"11292005761221"	"name"	"ka"	""	""	"Size"	"ზომა"
"PRODUCT_OPTION"	"11292005793989"	"name"	"ka"	""	""	"Size"	"ზომა"
"PRODUCT_OPTION"	"11292005826757"	"name"	"ka"	""	""	"Size"	"ზომა"
"PRODUCT_OPTION"	"11292005859525"	"name"	"ka"	""	""	"Size"	"ზომა"
"PRODUCT_OPTION"	"11292005892293"	"name"	"ka"	""	""	"Size"	"ზომა"
"PRODUCT_OPTION"	"11292005925061"	"name"	"ka"	""	""	"Size"	"ზომა"
"PRODUCT_OPTION"	"11292005957829"	"name"	"ka"	""	""	"Size"	"ზომა"
"PRODUCT_OPTION"	"11292005990597"	"name"	"ka"	""	""	"Size"	"ზომა"
"PRODUCT_OPTION"	"11292006023365"	"name"	"ka"	""	""	"Size"	"ზომა"
"PRODUCT_OPTION"	"11292006088901"	"name"	"ka"	""	""	"Size"	"ზომა"
"PRODUCT_OPTION"	"11292006154437"	"name"	"ka"	""	""	"Size"	"ზომა"
"PRODUCT_OPTION"	"11292006187205"	"name"	"ka"	""	""	"Size"	"ზომა"
"PRODUCT_OPTION"	"11292006219973"	"name"	"ka"	""	""	"Size"	"ზომა"
"PRODUCT_OPTION"	"11292006252741"	"name"	"ka"	""	""	"Size"	"ზომა"
"PRODUCT_OPTION"	"11292006318277"	"name"	"ka"	""	""	"Size"	"ზომა"
"PRODUCT_OPTION"	"11292006351045"	"name"	"ka"	""	""	"Size"	"ზომა"
"PRODUCT_OPTION"	"11292006383813"	"name"	"ka"	""	""	"Size"	"ზომა"
"PRODUCT_OPTION"	"11292006416581"	"name"	"ka"	""	""	"Size"	"ზომა"
"PRODUCT_OPTION"	"11292006482117"	"name"	"ka"	""	""	"Size"	"ზომა"
"PRODUCT_OPTION"	"11292006514885"	"name"	"ka"	""	""	"Size"	"ზომა"
"PRODUCT_OPTION"	"11292006547653"	"name"	"ka"	""	""	"Size"	"ზომა"
"PRODUCT_OPTION"	"11292006580421"	"name"	"ka"	""	""	"Size"	"ზომა"
"PRODUCT_OPTION"	"11292006645957"	"name"	"ka"	""	""	"Size"	"ზომა"
"PRODUCT_OPTION"	"11292006678725"	"name"	"ka"	""	""	"Size"	"ზომა"
"PRODUCT_OPTION"	"11292006711493"	"name"	"ka"	""	""	"Size"	"ზომა"
"PRODUCT_OPTION"	"11292006744261"	"name"	"ka"	""	""	"Size"	"ზომა"
"PRODUCT_OPTION"	"11292006777029"	"name"	"ka"	""	""	"Size"	"ზომა"
"PRODUCT_OPTION"	"11292006809797"	"name"	"ka"	""	""	"Size"	"ზომა"
"PRODUCT_OPTION"	"11292006842565"	"name"	"ka"	""	""	"Size"	"ზომა"
"PRODUCT_OPTION"	"11292006875333"	"name"	"ka"	""	""	"Size"	"ზომა"
"PRODUCT_OPTION"	"11292006908101"	"name"	"ka"	""	""	"Size"	"ზომა"
"PRODUCT_OPTION"	"11292006940869"	"name"	"ka"	""	""	"Size"	"ზომა"
"PRODUCT_OPTION"	"11292006973637"	"name"	"ka"	""	""	"Size"	"ზომა"
"PRODUCT_OPTION"	"11292007006405"	"name"	"ka"	""	""	"Size"	"ზომა"
"PRODUCT_OPTION"	"11292007104709"	"name"	"ka"	""	""	"Size"	"ზომა"
"PRODUCT_OPTION"	"11292007137477"	"name"	"ka"	""	""	"Size"	"ზომა"
"PRODUCT_OPTION"	"11292007170245"	"name"	"ka"	""	""	"Size"	"ზომა"
"PRODUCT_OPTION"	"11292007203013"	"name"	"ka"	""	""	"Size"	"ზომა"
"PRODUCT_OPTION"	"11292007235781"	"name"	"ka"	""	""	"Size"	"ზომა"
"PRODUCT_OPTION"	"11292007268549"	"name"	"ka"	""	""	"Size"	"ზომა"
"PRODUCT_OPTION"	"11292007301317"	"name"	"ka"	""	""	"Size"	"ზომა"
"PRODUCT_OPTION"	"11292007334085"	"name"	"ka"	""	""	"Size"	"ზომა"
"PRODUCT_OPTION"	"11292007366853"	"name"	"ka"	""	""	"Size"	"ზომა"
"PRODUCT_OPTION"	"11292007399621"	"name"	"ka"	""	""	"Size"	"ზომა"
"PRODUCT_OPTION"	"11292007432389"	"name"	"ka"	""	""	"Size"	"ზომა"
"PRODUCT_OPTION"	"11292007465157"	"name"	"ka"	""	""	"Size"	"ზომა"
"PRODUCT_OPTION"	"11292007563461"	"name"	"ka"	""	""	"Size"	"ზომა"
"PRODUCT_OPTION"	"11292007694533"	"name"	"ka"	""	""	"Size"	"ზომა"
"PRODUCT_OPTION"	"11292007825605"	"name"	"ka"	""	""	"Size"	"ზომა"
"PRODUCT_OPTION"	"11292008054981"	"name"	"ka"	""	""	"Size"	"ზომა"
"PRODUCT_OPTION"	"11292008186053"	"name"	"ka"	""	""	"Size"	"ზომა"
"PRODUCT_OPTION"	"11292008218821"	"name"	"ka"	""	""	"Size"	"ზომა"
"PRODUCT_OPTION"	"11292008284357"	"name"	"ka"	""	""	"Size"	"ზომა"
"PRODUCT_OPTION"	"11292008349893"	"name"	"ka"	""	""	"Size"	"ზომა"
"PRODUCT_OPTION"	"11292008448197"	"name"	"ka"	""	""	"Size"	"ზომა"
"PRODUCT_OPTION"	"11292008480965"	"name"	"ka"	""	""	"Size"	"ზომა"
"PRODUCT_OPTION"	"11292008546501"	"name"	"ka"	""	""	"Size"	"ზომა"
"PRODUCT_OPTION"	"11292008644805"	"name"	"ka"	""	""	"Size"	"ზომა"
"PRODUCT_OPTION"	"11292008710341"	"name"	"ka"	""	""	"Size"	"ზომა"
"PRODUCT_OPTION"	"11292008775877"	"name"	"ka"	""	""	"Size"	"ზომა"
"PRODUCT_OPTION"	"11292008874181"	"name"	"ka"	""	""	"Size"	"ზომა"
"PRODUCT_OPTION"	"11292008972485"	"name"	"ka"	""	""	"Size"	"ზომა"
"PRODUCT_OPTION"	"11292009005253"	"name"	"ka"	""	""	"Size"	"ზომა"
"PRODUCT_OPTION"	"11292009038021"	"name"	"ka"	""	""	"Size"	"ზომა"
"PRODUCT_OPTION"	"11292009136325"	"name"	"ka"	""	""	"Size"	"ზომა"
"PRODUCT_OPTION"	"11292009169093"	"name"	"ka"	""	""	"Size"	"ზომა"
"PRODUCT_OPTION"	"11292009267397"	"name"	"ka"	""	""	"Size"	"ზომა"
"PRODUCT_OPTION"	"11292009300165"	"name"	"ka"	""	""	"Size"	"ზომა"
"PRODUCT_OPTION"	"11292009431237"	"name"	"ka"	""	""	"Size"	"ზომა"
"PRODUCT_OPTION"	"11292009496773"	"name"	"ka"	""	""	"Size"	"ზომა"
"PRODUCT_OPTION"	"11292009562309"	"name"	"ka"	""	""	"Size"	"ზომა"
"PRODUCT_OPTION"	"11292009627845"	"name"	"ka"	""	""	"Size"	"ზომა"
"PRODUCT_OPTION"	"11292009660613"	"name"	"ka"	""	""	"Size"	"ზომა"
"PRODUCT_OPTION"	"11292009693381"	"name"	"ka"	""	""	"Size"	"ზომა"
"PRODUCT_OPTION"	"11292009726149"	"name"	"ka"	""	""	"Size"	"ზომა"
"PRODUCT_OPTION"	"11292009824453"	"name"	"ka"	""	""	"Size"	"ზომა"
"PRODUCT_OPTION"	"11292009889989"	"name"	"ka"	""	""	"Size"	"ზომა"
"PRODUCT_OPTION"	"11292009922757"	"name"	"ka"	""	""	"Size"	"ზომა"
"PRODUCT_OPTION"	"11292009955525"	"name"	"ka"	""	""	"Size"	"ზომა"
"PRODUCT_OPTION"	"11292009988293"	"name"	"ka"	""	""	"Size"	"ზომა"
"PRODUCT_OPTION"	"11292010086597"	"name"	"ka"	""	""	"Size"	"ზომა"
"PRODUCT_OPTION"	"11292010217669"	"name"	"ka"	""	""	"Size"	"ზომა"
"PRODUCT_OPTION"	"11292010315973"	"name"	"ka"	""	""	"Size"	"ზომა"
"PRODUCT_OPTION"	"11292010348741"	"name"	"ka"	""	""	"Title"	"სათაური"
"PRODUCT_OPTION"	"11292010414277"	"name"	"ka"	""	""	"Size"	"ზომა"
"PRODUCT_OPTION"	"11292010545349"	"name"	"ka"	""	""	"Size"	"ზომა"
"PRODUCT_OPTION"	"11292010578117"	"name"	"ka"	""	""	"Size"	"ზომა"
"PRODUCT_OPTION"	"11292010610885"	"name"	"ka"	""	""	"Size"	"ზომა"
"PRODUCT_OPTION"	"11292010709189"	"name"	"ka"	""	""	"Size"	"ზომა"
"PRODUCT_OPTION"	"11292010741957"	"name"	"ka"	""	""	"Size"	"ზომა"
"PRODUCT_OPTION"	"11292010774725"	"name"	"ka"	""	""	"Size"	"ზომა"
"PRODUCT_OPTION"	"11292010807493"	"name"	"ka"	""	""	"Size"	"ზომა"
"PRODUCT_OPTION"	"11292010873029"	"name"	"ka"	""	""	"Size"	"ზომა"
"PRODUCT_OPTION"	"11292010938565"	"name"	"ka"	""	""	"Size"	"ზომა"
"PRODUCT_OPTION"	"11292011004101"	"name"	"ka"	""	""	"Size"	"ზომა"
"PRODUCT_OPTION"	"11292011036869"	"name"	"ka"	""	""	"Size"	"ზომა"
"PRODUCT_OPTION"	"11292011069637"	"name"	"ka"	""	""	"Size"	"ზომა"
"PRODUCT_OPTION"	"11292011266245"	"name"	"ka"	""	""	"Size"	"ზომა"
"PRODUCT_OPTION"	"11292011299013"	"name"	"ka"	""	""	"Size"	"ზომა"
"PRODUCT_OPTION"	"11292011397317"	"name"	"ka"	""	""	"Size"	"ზომა"
"PRODUCT_OPTION"	"11292011561157"	"name"	"ka"	""	""	"Size"	"ზომა"
"PRODUCT_OPTION"	"11292011692229"	"name"	"ka"	""	""	"Size"	"ზომა"
"PRODUCT_OPTION"	"11292011790533"	"name"	"ka"	""	""	"Size"	"ზომა"
"PRODUCT_OPTION"	"11292011856069"	"name"	"ka"	""	""	"Size"	"ზომა"
"PRODUCT_OPTION"	"11292011888837"	"name"	"ka"	""	""	"Size"	"ზომა"
"PRODUCT_OPTION"	"11292011921605"	"name"	"ka"	""	""	"Size"	"ზომა"
"PRODUCT_OPTION"	"11292012052677"	"name"	"ka"	""	""	"Size"	"ზომა"
"PRODUCT_OPTION"	"11292012085445"	"name"	"ka"	""	""	"Size"	"ზომა"
"PRODUCT_OPTION"	"11292012118213"	"name"	"ka"	""	""	"Size"	"ზომა"
"PRODUCT_OPTION"	"11292012183749"	"name"	"ka"	""	""	"Size"	"ზომა"
"PRODUCT_OPTION"	"11292012216517"	"name"	"ka"	""	""	"Size"	"ზომა"
"PRODUCT_OPTION"	"11292012314821"	"name"	"ka"	""	""	"Size"	"ზომა"
"PRODUCT_OPTION"	"11292012380357"	"name"	"ka"	""	""	"Size"	"ზომა"
"PRODUCT_OPTION"	"11292012445893"	"name"	"ka"	""	""	"Size"	"ზომა"
"PRODUCT_OPTION"	"11292012478661"	"name"	"ka"	""	""	"Size"	"ზომა"
"PRODUCT_OPTION"	"11292012511429"	"name"	"ka"	""	""	"Size"	"ზომა"
"PRODUCT_OPTION"	"11292012576965"	"name"	"ka"	""	""	"Size"	"ზომა"
"PRODUCT_OPTION"	"11292012675269"	"name"	"ka"	""	""	"Size"	"ზომა"
"PRODUCT_OPTION"	"11292012740805"	"name"	"ka"	""	""	"Size"	"ზომა"
"PRODUCT_OPTION"	"11292012773573"	"name"	"ka"	""	""	"Size"	"ზომა"
"PRODUCT_OPTION"	"11292012806341"	"name"	"ka"	""	""	"Size"	"ზომა"
"PRODUCT_OPTION"	"11292012839109"	"name"	"ka"	""	""	"Size"	"ზომა"
"PRODUCT_OPTION"	"11292012904645"	"name"	"ka"	""	""	"Size"	"ზომა"
"PRODUCT_OPTION"	"11292012937413"	"name"	"ka"	""	""	"Size"	"ზომა"
"PRODUCT_OPTION"	"11292013035717"	"name"	"ka"	""	""	"Size"	"ზომა"
"PRODUCT_OPTION"	"11292013068485"	"name"	"ka"	""	""	"Size"	"ზომა"
"PRODUCT_OPTION"	"11292013134021"	"name"	"ka"	""	""	"Size"	"ზომა"
"PRODUCT_OPTION"	"11292013199557"	"name"	"ka"	""	""	"Size"	"ზომა"
"PRODUCT_OPTION"	"11292013232325"	"name"	"ka"	""	""	"Size"	"ზომა"
"PRODUCT_OPTION"	"11292013330629"	"name"	"ka"	""	""	"Size"	"ზომა"
"PRODUCT_OPTION"	"11292013396165"	"name"	"ka"	""	""	"Size"	"ზომა"
"PRODUCT_OPTION"	"11292013428933"	"name"	"ka"	""	""	"Size"	"ზომა"
"PRODUCT_OPTION"	"11292013494469"	"name"	"ka"	""	""	"Size"	"ზომა"
"PRODUCT_OPTION"	"11292013527237"	"name"	"ka"	""	""	"Size"	"ზომა"
"PRODUCT_OPTION"	"11292013625541"	"name"	"ka"	""	""	"Size"	"ზომა"
"PRODUCT_OPTION"	"11292013723845"	"name"	"ka"	""	""	"Size"	"ზომა"
"PRODUCT_OPTION"	"11292013822149"	"name"	"ka"	""	""	"Size"	"ზომა"
"PRODUCT_OPTION"	"11292013854917"	"name"	"ka"	""	""	"Size"	"ზომა"
"PRODUCT_OPTION"	"11292013887685"	"name"	"ka"	""	""	"Size"	"ზომა"
"PRODUCT_OPTION"	"11292013920453"	"name"	"ka"	""	""	"Size"	"ზომა"
"PRODUCT_OPTION"	"11292013953221"	"name"	"ka"	""	""	"Size"	"ზომა"
"PRODUCT_OPTION"	"11292014018757"	"name"	"ka"	""	""	"Size"	"ზომა"
"PRODUCT_OPTION"	"11292014084293"	"name"	"ka"	""	""	"Size"	"ზომა"
"PRODUCT_OPTION"	"11292014117061"	"name"	"ka"	""	""	"Size"	"ზომა"
"PRODUCT_OPTION"	"11292014149829"	"name"	"ka"	""	""	"Size"	"ზომა"
"PRODUCT_OPTION"	"11292014182597"	"name"	"ka"	""	""	"Size"	"ზომა"
"PRODUCT_OPTION"	"11292014248133"	"name"	"ka"	""	""	"Size"	"ზომა"
"PRODUCT_OPTION"	"11292014346437"	"name"	"ka"	""	""	"Size"	"ზომა"
"PRODUCT_OPTION"	"11292014379205"	"name"	"ka"	""	""	"Size"	"ზომა"
"PRODUCT_OPTION"	"11292014444741"	"name"	"ka"	""	""	"Size"	"ზომა"
"PRODUCT_OPTION"	"11292014477509"	"name"	"ka"	""	""	"Size"	"ზომა"
"PRODUCT_OPTION"	"11292014510277"	"name"	"ka"	""	""	"Size"	"ზომა"
"PRODUCT_OPTION"	"11292014543045"	"name"	"ka"	""	""	"Size"	"ზომა"
"PRODUCT_OPTION"	"11292014575813"	"name"	"ka"	""	""	"Size"	"ზომა"
"PRODUCT_OPTION"	"11292014608581"	"name"	"ka"	""	""	"Size"	"ზომა"
"PRODUCT_OPTION"	"11292014641349"	"name"	"ka"	""	""	"Size"	"ზომა"
"PRODUCT_OPTION"	"11292014739653"	"name"	"ka"	""	""	"Size"	"ზომა"
"PRODUCT_OPTION"	"11292014870725"	"name"	"ka"	""	""	"Size"	"ზომა"
"PRODUCT_OPTION"	"11292014903493"	"name"	"ka"	""	""	"Size"	"ზომა"
"PRODUCT_OPTION"	"11292015001797"	"name"	"ka"	""	""	"Size"	"ზომა"
"PRODUCT_OPTION"	"11292015034565"	"name"	"ka"	""	""	"Size"	"ზომა"
"PRODUCT_OPTION"	"11292015100101"	"name"	"ka"	""	""	"Size"	"ზომა"
"PRODUCT_OPTION"	"11292015132869"	"name"	"ka"	""	""	"Size"	"ზომა"
"PRODUCT_OPTION"	"11292015165637"	"name"	"ka"	""	""	"Size"	"ზომა"
"PRODUCT_OPTION"	"11292015231173"	"name"	"ka"	""	""	"Size"	"ზომა"
"PRODUCT_OPTION"	"11292015263941"	"name"	"ka"	""	""	"Size"	"ზომა"
"PRODUCT_OPTION"	"11292015296709"	"name"	"ka"	""	""	"Size"	"ზომა"
"PRODUCT_OPTION"	"11292015395013"	"name"	"ka"	""	""	"Size"	"ზომა"
"PRODUCT_OPTION"	"11292015427781"	"name"	"ka"	""	""	"Size"	"ზომა"
"PRODUCT_OPTION"	"11292015460549"	"name"	"ka"	""	""	"Size"	"ზომა"
"PRODUCT_OPTION"	"11292015493317"	"name"	"ka"	""	""	"Size"	"ზომა"
"PRODUCT_OPTION"	"11292015558853"	"name"	"ka"	""	""	"Size"	"ზომა"
"PRODUCT_OPTION"	"11292015591621"	"name"	"ka"	""	""	"Size"	"ზომა"
"PRODUCT_OPTION"	"11292015722693"	"name"	"ka"	""	""	"Size"	"ზომა"
"PRODUCT_OPTION"	"11292015755461"	"name"	"ka"	""	""	"Size"	"ზომა"
"PRODUCT_OPTION"	"11292015853765"	"name"	"ka"	""	""	"Size"	"ზომა"
"PRODUCT_OPTION"	"11292015886533"	"name"	"ka"	""	""	"Size"	"ზომა"
"PRODUCT_OPTION"	"11292015919301"	"name"	"ka"	""	""	"Size"	"ზომა"
"PRODUCT_OPTION"	"11292015952069"	"name"	"ka"	""	""	"Size"	"ზომა"
"PRODUCT_OPTION"	"11292015984837"	"name"	"ka"	""	""	"Size"	"ზომა"
"PRODUCT_OPTION"	"11292016050373"	"name"	"ka"	""	""	"Size"	"ზომა"
"PRODUCT_OPTION"	"11292016083141"	"name"	"ka"	""	""	"Size"	"ზომა"
"PRODUCT_OPTION"	"11292016115909"	"name"	"ka"	""	""	"Size"	"ზომა"
"PRODUCT_OPTION"	"11292016246981"	"name"	"ka"	""	""	"Size"	"ზომა"
"PRODUCT_OPTION"	"11292016279749"	"name"	"ka"	""	""	"Size"	"ზომა"
"PRODUCT_OPTION"	"11292016312517"	"name"	"ka"	""	""	"Size"	"ზომა"
"PRODUCT_OPTION"	"11292016345285"	"name"	"ka"	""	""	"Size"	"ზომა"
"PRODUCT_OPTION"	"11292016410821"	"name"	"ka"	""	""	"Size"	"ზომა"
"PRODUCT_OPTION"	"11292016443589"	"name"	"ka"	""	""	"Size"	"ზომა"
"PRODUCT_OPTION"	"11292016476357"	"name"	"ka"	""	""	"Size"	"ზომა"
"PRODUCT_OPTION"	"11292016509125"	"name"	"ka"	""	""	"Size"	"ზომა"
"PRODUCT_OPTION"	"11292016574661"	"name"	"ka"	""	""	"Size"	"ზომა"
"PRODUCT_OPTION"	"11292016607429"	"name"	"ka"	""	""	"Size"	"ზომა"
"PRODUCT_OPTION"	"11292016672965"	"name"	"ka"	""	""	"Size"	"ზომა"
"PRODUCT_OPTION"	"11292016738501"	"name"	"ka"	""	""	"Size"	"ზომა"
"PRODUCT_OPTION"	"11292016771269"	"name"	"ka"	""	""	"Size"	"ზომა"
"PRODUCT_OPTION"	"11292016836805"	"name"	"ka"	""	""	"Size"	"ზომა"
"PRODUCT_OPTION"	"11292016869573"	"name"	"ka"	""	""	"Size"	"ზომა"
"PRODUCT_OPTION"	"11292016902341"	"name"	"ka"	""	""	"Size"	"ზომა"
"PRODUCT_OPTION"	"11292016935109"	"name"	"ka"	""	""	"Size"	"ზომა"
"PRODUCT_OPTION"	"11292016967877"	"name"	"ka"	""	""	"Size"	"ზომა"
"PRODUCT_OPTION"	"11292017000645"	"name"	"ka"	""	""	"Size"	"ზომა"
"PRODUCT_OPTION"	"11292017033413"	"name"	"ka"	""	""	"Size"	"ზომა"
"PRODUCT_OPTION"	"11292017098949"	"name"	"ka"	""	""	"Size"	"ზომა"
"PRODUCT_OPTION"	"11292017131717"	"name"	"ka"	""	""	"Size"	"ზომა"
"PRODUCT_OPTION"	"11292017164485"	"name"	"ka"	""	""	"Size"	"ზომა"
"PRODUCT_OPTION"	"11292017197253"	"name"	"ka"	""	""	"Size"	"ზომა"
"PRODUCT_OPTION"	"11292017230021"	"name"	"ka"	""	""	"Size"	"ზომა"
"PRODUCT_OPTION"	"11292017295557"	"name"	"ka"	""	""	"Size"	"ზომა"
"PRODUCT_OPTION"	"11292017328325"	"name"	"ka"	""	""	"Size"	"ზომა"
"PRODUCT_OPTION"	"11292017426629"	"name"	"ka"	""	""	"Size"	"ზომა"
"PRODUCT_OPTION"	"11292017459397"	"name"	"ka"	""	""	"Size"	"ზომა"
"PRODUCT_OPTION"	"11292017492165"	"name"	"ka"	""	""	"Size"	"ზომა"
"PRODUCT_OPTION"	"11292017524933"	"name"	"ka"	""	""	"Size"	"ზომა"
"PRODUCT_OPTION"	"11292017590469"	"name"	"ka"	""	""	"Size"	"ზომა"
"PRODUCT_OPTION"	"11292017623237"	"name"	"ka"	""	""	"Size"	"ზომა"
"PRODUCT_OPTION"	"11292017656005"	"name"	"ka"	""	""	"Size"	"ზომა"
"PRODUCT_OPTION"	"11292017688773"	"name"	"ka"	""	""	"Size"	"ზომა"
"PRODUCT_OPTION"	"11292017754309"	"name"	"ka"	""	""	"Size"	"ზომა"
"PRODUCT_OPTION"	"11292017787077"	"name"	"ka"	""	""	"Size"	"ზომა"
"PRODUCT_OPTION"	"11292017819845"	"name"	"ka"	""	""	"Size"	"ზომა"
"PRODUCT_OPTION"	"11292017852613"	"name"	"ka"	""	""	"Size"	"ზომა"
"PRODUCT_OPTION"	"11292017918149"	"name"	"ka"	""	""	"Size"	"ზომა"
"PRODUCT_OPTION"	"11292017950917"	"name"	"ka"	""	""	"Size"	"ზომა"
"PRODUCT_OPTION"	"11292017983685"	"name"	"ka"	""	""	"Size"	"ზომა"
"PRODUCT_OPTION"	"11292018049221"	"name"	"ka"	""	""	"Size"	"ზომა"
"PRODUCT_OPTION"	"11292018081989"	"name"	"ka"	""	""	"Size"	"ზომა"
"PRODUCT_OPTION"	"11292018180293"	"name"	"ka"	""	""	"Size"	"ზომა"
"PRODUCT_OPTION"	"11292018213061"	"name"	"ka"	""	""	"Size"	"ზომა"
"PRODUCT_OPTION"	"11292018278597"	"name"	"ka"	""	""	"Size"	"ზომა"
"PRODUCT_OPTION"	"11292018311365"	"name"	"ka"	""	""	"Size"	"ზომა"
"PRODUCT_OPTION"	"11292018344133"	"name"	"ka"	""	""	"Size"	"ზომა"
"PRODUCT_OPTION"	"11292018442437"	"name"	"ka"	""	""	"Size"	"ზომა"
"PRODUCT_OPTION"	"11292018475205"	"name"	"ka"	""	""	"Size"	"ზომა"
"PRODUCT_OPTION"	"11292018507973"	"name"	"ka"	""	""	"Size"	"ზომა"
"PRODUCT_OPTION"	"11292018606277"	"name"	"ka"	""	""	"Size"	"ზომა"
"PRODUCT_OPTION"	"11292018639045"	"name"	"ka"	""	""	"Size"	"ზომა"
"PRODUCT_OPTION"	"11292018671813"	"name"	"ka"	""	""	"Size"	"ზომა"
"PRODUCT_OPTION"	"11292018704581"	"name"	"ka"	""	""	"Size"	"ზომა"
"PRODUCT_OPTION"	"11292018737349"	"name"	"ka"	""	""	"Size"	"ზომა"
"PRODUCT_OPTION"	"11292018770117"	"name"	"ka"	""	""	"Size"	"ზომა"
"PRODUCT_OPTION"	"11292018802885"	"name"	"ka"	""	""	"Size"	"ზომა"
"PRODUCT_OPTION"	"11292018835653"	"name"	"ka"	""	""	"Size"	"ზომა"
"PRODUCT_OPTION"	"11292018966725"	"name"	"ka"	""	""	"Size"	"ზომა"
"PRODUCT_OPTION"	"11292018999493"	"name"	"ka"	""	""	"Size"	"ზომა"
"PRODUCT_OPTION"	"11292019097797"	"name"	"ka"	""	""	"Size"	"ზომა"
"PRODUCT_OPTION"	"11292019196101"	"name"	"ka"	""	""	"Size"	"ზომა"
"PRODUCT_OPTION"	"11292019228869"	"name"	"ka"	""	""	"Size"	"ზომა"
"PRODUCT_OPTION"	"11292019261637"	"name"	"ka"	""	""	"Size"	"ზომა"
"PRODUCT_OPTION"	"11292019294405"	"name"	"ka"	""	""	"Size"	"ზომა"
"PRODUCT_OPTION"	"11292019327173"	"name"	"ka"	""	""	"Size"	"ზომა"
"PRODUCT_OPTION"	"11292019359941"	"name"	"ka"	""	""	"Size"	"ზომა"
"PRODUCT_OPTION"	"11292019458245"	"name"	"ka"	""	""	"Size"	"ზომა"
"PRODUCT_OPTION"	"11292019491013"	"name"	"ka"	""	""	"Size"	"ზომა"
"PRODUCT_OPTION"	"11292019556549"	"name"	"ka"	""	""	"Size"	"ზომა"
"PRODUCT_OPTION"	"11292019622085"	"name"	"ka"	""	""	"Size"	"ზომა"
"PRODUCT_OPTION"	"11292019654853"	"name"	"ka"	""	""	"Size"	"ზომა"
"PRODUCT_OPTION"	"11292019720389"	"name"	"ka"	""	""	"Size"	"ზომა"
"PRODUCT_OPTION"	"11292019753157"	"name"	"ka"	""	""	"Size"	"ზომა"
"PRODUCT_OPTION"	"11292019785925"	"name"	"ka"	""	""	"Size"	"ზომა"
"PRODUCT_OPTION"	"11292019818693"	"name"	"ka"	""	""	"Size"	"ზომა"
"PRODUCT_OPTION"	"11292019851461"	"name"	"ka"	""	""	"Size"	"ზომა"
"PRODUCT_OPTION"	"11292019916997"	"name"	"ka"	""	""	"Size"	"ზომა"
"PRODUCT_OPTION"	"11292019949765"	"name"	"ka"	""	""	"Size"	"ზომა"
"PRODUCT_OPTION"	"11292019982533"	"name"	"ka"	""	""	"Size"	"ზომა"
"PRODUCT_OPTION"	"11292020080837"	"name"	"ka"	""	""	"Size"	"ზომა"
"PRODUCT_OPTION"	"11292020179141"	"name"	"ka"	""	""	"Size"	"ზომა"
"PRODUCT_OPTION"	"11292020211909"	"name"	"ka"	""	""	"Size"	"ზომა"
"PRODUCT_OPTION"	"11292020244677"	"name"	"ka"	""	""	"Size"	"ზომა"
"PRODUCT_OPTION"	"11292020277445"	"name"	"ka"	""	""	"Size"	"ზომა"
"PRODUCT_OPTION"	"11292020342981"	"name"	"ka"	""	""	"Size"	"ზომა"
"PRODUCT_OPTION"	"11292020375749"	"name"	"ka"	""	""	"Size"	"ზომა"
"PRODUCT_OPTION"	"11292020408517"	"name"	"ka"	""	""	"Size"	"ზომა"
"PRODUCT_OPTION"	"11292020441285"	"name"	"ka"	""	""	"Size"	"ზომა"
"PRODUCT_OPTION"	"11292020506821"	"name"	"ka"	""	""	"Size"	"ზომა"
"PRODUCT_OPTION"	"11292020539589"	"name"	"ka"	""	""	"Size"	"ზომა"
"PRODUCT_OPTION"	"11292020572357"	"name"	"ka"	""	""	"Size"	"ზომა"
"PRODUCT_OPTION"	"11292020605125"	"name"	"ka"	""	""	"Size"	"ზომა"
"PRODUCT_OPTION"	"11292020637893"	"name"	"ka"	""	""	"Size"	"ზომა"
"PRODUCT_OPTION"	"11292020703429"	"name"	"ka"	""	""	"Size"	"ზომა"
"PRODUCT_OPTION"	"11292020736197"	"name"	"ka"	""	""	"Size"	"ზომა"
"PRODUCT_OPTION"	"11292020768965"	"name"	"ka"	""	""	"Size"	"ზომა"
"PRODUCT_OPTION"	"11292020801733"	"name"	"ka"	""	""	"Size"	"ზომა"
"PRODUCT_OPTION"	"11292020834501"	"name"	"ka"	""	""	"Size"	"ზომა"
"PRODUCT_OPTION"	"11292020900037"	"name"	"ka"	""	""	"Size"	"ზომა"
"PRODUCT_OPTION"	"11292020932805"	"name"	"ka"	""	""	"Size"	"ზომა"
"PRODUCT_OPTION"	"11292020965573"	"name"	"ka"	""	""	"Size"	"ზომა"
"PRODUCT_OPTION"	"11292021031109"	"name"	"ka"	""	""	"Size"	"ზომა"
"PRODUCT_OPTION"	"11292021063877"	"name"	"ka"	""	""	"Size"	"ზომა"
"PRODUCT_OPTION"	"11292021096645"	"name"	"ka"	""	""	"Size"	"ზომა"
"PRODUCT_OPTION"	"11292021129413"	"name"	"ka"	""	""	"Size"	"ზომა"
"PRODUCT_OPTION"	"11292021162181"	"name"	"ka"	""	""	"Size"	"ზომა"
"PRODUCT_OPTION"	"11292021194949"	"name"	"ka"	""	""	"Size"	"ზომა"
"PRODUCT_OPTION"	"11292021227717"	"name"	"ka"	""	""	"Size"	"ზომა"
"PRODUCT_OPTION"	"11292021260485"	"name"	"ka"	""	""	"Color"	"ფერი"
"PRODUCT_OPTION"	"11292021293253"	"name"	"ka"	""	""	"Size"	"ზომა"
"PRODUCT_OPTION"	"11292021358789"	"name"	"ka"	""	""	"Size"	"ზომა"
"PRODUCT_OPTION"	"11292021391557"	"name"	"ka"	""	""	"Size"	"ზომა"
"PRODUCT_OPTION"	"11292021424325"	"name"	"ka"	""	""	"Size"	"ზომა"
"PRODUCT_OPTION"	"11292021457093"	"name"	"ka"	""	""	"Size"	"ზომა"
"PRODUCT_OPTION"	"11292021489861"	"name"	"ka"	""	""	"Size"	"ზომა"
"PRODUCT_OPTION"	"11292021522629"	"name"	"ka"	""	""	"Size"	"ზომა"
"PRODUCT_OPTION"	"11292021555397"	"name"	"ka"	""	""	"Size"	"ზომა"
"PRODUCT_OPTION"	"11292021588165"	"name"	"ka"	""	""	"Size"	"ზომა"
"PRODUCT_OPTION"	"11292021620933"	"name"	"ka"	""	""	"Size"	"ზომა"
"PRODUCT_OPTION"	"11292021653701"	"name"	"ka"	""	""	"Size"	"ზომა"
"PRODUCT_OPTION"	"11292021686469"	"name"	"ka"	""	""	"Size"	"ზომა"
"PRODUCT_OPTION"	"11292021719237"	"name"	"ka"	""	""	"Size"	"ზომა"
"PRODUCT_OPTION"	"11292021752005"	"name"	"ka"	""	""	"Size"	"ზომა"
"PRODUCT_OPTION"	"11292021784773"	"name"	"ka"	""	""	"Size"	"ზომა"
"PRODUCT_OPTION"	"11292021850309"	"name"	"ka"	""	""	"Size"	"ზომა"
"PRODUCT_OPTION"	"11292021883077"	"name"	"ka"	""	""	"Size"	"ზომა"
"PRODUCT_OPTION"	"11292021915845"	"name"	"ka"	""	""	"Size"	"ზომა"
"PRODUCT_OPTION"	"11292021948613"	"name"	"ka"	""	""	"Size"	"ზომა"
"PRODUCT_OPTION"	"11292022014149"	"name"	"ka"	""	""	"Size"	"ზომა"
"PRODUCT_OPTION"	"11292022046917"	"name"	"ka"	""	""	"Size"	"ზომა"
"PRODUCT_OPTION"	"11292022079685"	"name"	"ka"	""	""	"Size"	"ზომა"
"PRODUCT_OPTION"	"11292022112453"	"name"	"ka"	""	""	"Size"	"ზომა"
"PRODUCT_OPTION"	"11292022145221"	"name"	"ka"	""	""	"Size"	"ზომა"
"PRODUCT_OPTION"	"11292022276293"	"name"	"ka"	""	""	"Size"	"ზომა"
"PRODUCT_OPTION"	"11292022309061"	"name"	"ka"	""	""	"Size"	"ზომა"
"PRODUCT_OPTION"	"11292022407365"	"name"	"ka"	""	""	"Size"	"ზომა"
"PRODUCT_OPTION"	"11292022440133"	"name"	"ka"	""	""	"Size"	"ზომა"
"PRODUCT_OPTION"	"11292022472901"	"name"	"ka"	""	""	"Size"	"ზომა"
"PRODUCT_OPTION"	"11292022505669"	"name"	"ka"	""	""	"Size"	"ზომა"
"PRODUCT_OPTION"	"11292022538437"	"name"	"ka"	""	""	"Size"	"ზომა"
"PRODUCT_OPTION"	"11292022571205"	"name"	"ka"	""	""	"Size"	"ზომა"
"PRODUCT_OPTION"	"11292022636741"	"name"	"ka"	""	""	"Size"	"ზომა"
"PRODUCT_OPTION"	"11292022669509"	"name"	"ka"	""	""	"Size"	"ზომა"
"PRODUCT_OPTION"	"11292022702277"	"name"	"ka"	""	""	"Size"	"ზომა"
"PRODUCT_OPTION"	"11292022735045"	"name"	"ka"	""	""	"Size"	"ზომა"
"PRODUCT_OPTION"	"11292022767813"	"name"	"ka"	""	""	"Size"	"ზომა"
"PRODUCT_OPTION"	"11292022833349"	"name"	"ka"	""	""	"Size"	"ზომა"
"PRODUCT_OPTION"	"11292022866117"	"name"	"ka"	""	""	"Size"	"ზომა"
"PRODUCT_OPTION"	"11292022898885"	"name"	"ka"	""	""	"Size"	"ზომა"
"PRODUCT_OPTION"	"11292022964421"	"name"	"ka"	""	""	"Size"	"ზომა"
"PRODUCT_OPTION"	"11292023029957"	"name"	"ka"	""	""	"Size"	"ზომა"
"PRODUCT_OPTION"	"11292023062725"	"name"	"ka"	""	""	"Size"	"ზომა"
"PRODUCT_OPTION"	"11292023095493"	"name"	"ka"	""	""	"Size"	"ზომა"
"PRODUCT_OPTION"	"11292023128261"	"name"	"ka"	""	""	"Size"	"ზომა"
"PRODUCT_OPTION"	"11292023161029"	"name"	"ka"	""	""	"Size"	"ზომა"
"PRODUCT_OPTION"	"11292023193797"	"name"	"ka"	""	""	"Size"	"ზომა"
"PRODUCT_OPTION"	"11292023226565"	"name"	"ka"	""	""	"Size"	"ზომა"
"PRODUCT_OPTION"	"11292023259333"	"name"	"ka"	""	""	"Size"	"ზომა"
"PRODUCT_OPTION"	"11292023324869"	"name"	"ka"	""	""	"Size"	"ზომა"
"PRODUCT_OPTION"	"11292023357637"	"name"	"ka"	""	""	"Size"	"ზომა"
"PRODUCT_OPTION"	"11292023390405"	"name"	"ka"	""	""	"Size"	"ზომა"
"PRODUCT_OPTION"	"11292023423173"	"name"	"ka"	""	""	"Size"	"ზომა"
"PRODUCT_OPTION"	"11292023455941"	"name"	"ka"	""	""	"Size"	"ზომა"
"PRODUCT_OPTION"	"11292023521477"	"name"	"ka"	""	""	"Size"	"ზომა"
"PRODUCT_OPTION"	"11292023619781"	"name"	"ka"	""	""	"Size"	"ზომა"
"PRODUCT_OPTION"	"11292023652549"	"name"	"ka"	""	""	"Size"	"ზომა"
"PRODUCT_OPTION"	"11292023685317"	"name"	"ka"	""	""	"Size"	"ზომა"
"PRODUCT_OPTION"	"11292023750853"	"name"	"ka"	""	""	"Size"	"ზომა"
"PRODUCT_OPTION"	"11292023783621"	"name"	"ka"	""	""	"Size"	"ზომა"
"PRODUCT_OPTION"	"11292023816389"	"name"	"ka"	""	""	"Size"	"ზომა"
"PRODUCT_OPTION"	"11292023849157"	"name"	"ka"	""	""	"Size"	"ზომა"
"PRODUCT_OPTION"	"11292023914693"	"name"	"ka"	""	""	"Size"	"ზომა"
"PRODUCT_OPTION"	"11292023947461"	"name"	"ka"	""	""	"Size"	"ზომა"
"PRODUCT_OPTION"	"11292023980229"	"name"	"ka"	""	""	"Size"	"ზომა"
"PRODUCT_OPTION"	"11292024012997"	"name"	"ka"	""	""	"Size"	"ზომა"
"PRODUCT_OPTION"	"11292024045765"	"name"	"ka"	""	""	"Size"	"ზომა"
"PRODUCT_OPTION"	"11292024144069"	"name"	"ka"	""	""	"Size"	"ზომა"
"PRODUCT_OPTION"	"11292024242373"	"name"	"ka"	""	""	"Size"	"ზომა"
"PRODUCT_OPTION"	"11292024275141"	"name"	"ka"	""	""	"Size"	"ზომა"
"PRODUCT_OPTION"	"11292024406213"	"name"	"ka"	""	""	"Size"	"ზომა"
"PRODUCT_OPTION"	"11292024438981"	"name"	"ka"	""	""	"Size"	"ზომა"
"PRODUCT_OPTION"	"11292024504517"	"name"	"ka"	""	""	"Size"	"ზომა"
"PRODUCT_OPTION"	"11292024537285"	"name"	"ka"	""	""	"Size"	"ზომა"
"PRODUCT_OPTION"	"11292024570053"	"name"	"ka"	""	""	"Size"	"ზომა"
"PRODUCT_OPTION"	"11292024602821"	"name"	"ka"	""	""	"Size"	"ზომა"
"PRODUCT_OPTION"	"11292024635589"	"name"	"ka"	""	""	"Size"	"ზომა"
"PRODUCT_OPTION"	"11292024701125"	"name"	"ka"	""	""	"Size"	"ზომა"
"PRODUCT_OPTION"	"11292024766661"	"name"	"ka"	""	""	"Size"	"ზომა"
"PRODUCT_OPTION"	"11292024864965"	"name"	"ka"	""	""	"Size"	"ზომა"
"PRODUCT_OPTION"	"11292024930501"	"name"	"ka"	""	""	"Size"	"ზომა"
"PRODUCT_OPTION"	"11292024963269"	"name"	"ka"	""	""	"Size"	"ზომა"
"PRODUCT_OPTION"	"11292024996037"	"name"	"ka"	""	""	"Size"	"ზომა"
"PRODUCT_OPTION"	"11292025028805"	"name"	"ka"	""	""	"Size"	"ზომა"
"PRODUCT_OPTION"	"11292025061573"	"name"	"ka"	""	""	"Size"	"ზომა"
"PRODUCT_OPTION"	"11292025159877"	"name"	"ka"	""	""	"Size"	"ზომა"
"PRODUCT_OPTION"	"11292025225413"	"name"	"ka"	""	""	"Size"	"ზომა"
"PRODUCT_OPTION"	"11292025258181"	"name"	"ka"	""	""	"Size"	"ზომა"
"PRODUCT_OPTION"	"11292025290949"	"name"	"ka"	""	""	"Size"	"ზომა"
"PRODUCT_OPTION"	"11292025356485"	"name"	"ka"	""	""	"Size"	"ზომა"
"PRODUCT_OPTION"	"11292025389253"	"name"	"ka"	""	""	"Size"	"ზომა"
"PRODUCT_OPTION"	"11292025422021"	"name"	"ka"	""	""	"Size"	"ზომა"
"PRODUCT_OPTION"	"11292025454789"	"name"	"ka"	""	""	"Size"	"ზომა"
"PRODUCT_OPTION"	"11292025487557"	"name"	"ka"	""	""	"Size"	"ზომა"
"PRODUCT_OPTION"	"11292025553093"	"name"	"ka"	""	""	"Size"	"ზომა"
"PRODUCT_OPTION"	"11292026175685"	"name"	"ka"	""	""	"Size"	"ზომა"
"PRODUCT_OPTION"	"11292026208453"	"name"	"ka"	""	""	"Woo variation"	"Woo ვარიაცია"
"PRODUCT_OPTION"	"11301261443269"	"name"	"ka"	""	""	"Size"	"ზომა"
"PRODUCT_OPTION"	"11303380811973"	"name"	"ka"	""	""	"Size"	"ზომა"
"SHOP"	"79295021253"	"meta_title"	"ka"	""	""	"GYM Clothes & Workout Clothes"	"სავარჯიშო ტანსაცმელი და სპორტული ტანსაცმელი"
"SHOP"	"79295021253"	"meta_description"	"ka"	""	""	"Fitness and sportswear, resistance bands, and workout accessories. Shop leggings, sports bras, matching sets, jumpsuits, workout gloves, gym bags, and other fitness essentials."	"ფიტნესი და სპორტული ტანსაცმელი, სავარჯიშო რეზინები და აქსესუარები. შეიძინეთ გამაშები, სპორტული ბიუსჰალტერები, შესაბამისი კომპლექტები, კომბინეზონები, სავარჯიშო ხელთათმანები, სპორტული ჩანთები და ფიტნესისთვის აუცილებელი სხვა ნივთები."
"SHOP_POLICY"	"43732631749"	"body"	"ka"	""	""	"<h2>About this policy</h2>

<p>This Privacy Policy explains how Fitroom.ge collects and uses your information.</p>

<p>By using our website, you agree to this policy.</p>

<h2>Information we collect</h2>

<p>We may collect your name, email address, phone number, delivery address, and account information.</p>

<p>We collect the information needed to process your order, deliver your products, and help you use our website.</p>

<h2>How we use your information</h2>

<p>We use your information to process orders, arrange delivery, provide customer support, and communicate with you.</p>

<p>We only use your information for our business and service needs.</p>

<h2>Payment security</h2>

<p>We do not store or have access to your card details.</p>

<p>Payments are handled on a secure page provided by our payment partner. Your card information is not stored on the Fitroom website.</p>

<h2>Your account</h2>

<p>You are responsible for keeping your account password private and secure.</p>

<h2>Your rights</h2>

<p>You can ask what personal information we have about you.</p>

<p>You can ask us to correct your information or delete information that we no longer need to keep.</p>

<p>You can also ask us to stop sending marketing messages.</p>

<h2>Changes to this policy</h2>

<p>We may update this policy when needed. The latest version will always be available on this page.</p>"	"<p>ამ პოლიტიკის შესახებ</p>
<p>წინამდებარე კონფიდენციალურობის პოლიტიკა განმარტავს, თუ როგორ აგროვებს და იყენებს Fitroom.ge თქვენს ინფორმაციას.</p>
<p>ჩვენი ვებსაიტის გამოყენებით თქვენ ეთანხმებით ამ პოლიტიკას.</p>
<p>რა ინფორმაციას ვაგროვებთ</p>
<p>შესაძლოა შევაგროვოთ თქვენი სახელი, ელფოსტის მისამართი, ტელეფონის ნომერი, მიწოდების მისამართი და ანგარიშის ინფორმაცია.</p>
<p>ჩვენ ვაგროვებთ ინფორმაციას, რომელიც საჭიროა თქვენი შეკვეთის დასამუშავებლად, პროდუქციის მისაწოდებლად და ჩვენი ვებსაიტის გამოყენებაში დასახმარებლად.</p>
<p>როგორ ვიყენებთ თქვენს ინფორმაციას</p>
<p>თქვენს ინფორმაციას ვიყენებთ შეკვეთების დასამუშავებლად, მიწოდების ორგანიზებისთვის, მომხმარებელთა მხარდაჭერის გასაწევად და თქვენთან კომუნიკაციისთვის.</p>
<p>თქვენს ინფორმაციას ვიყენებთ მხოლოდ ჩვენი ბიზნესისა და მომსახურების საჭიროებებისთვის.</p>
<p>გადახდის უსაფრთხოება</p>
<p>ჩვენ არ ვინახავთ და არ გვაქვს წვდომა თქვენი ბარათის მონაცემებზე.</p>
<p>გადახდები მუშავდება ჩვენი გადახდის პარტნიორის მიერ უზრუნველყოფილ დაცულ გვერდზე. თქვენი ბარათის ინფორმაცია Fitroom-ის ვებსაიტზე არ ინახება.</p>
<p>თქვენი ანგარიში</p>
<p>თქვენ პასუხისმგებელი ხართ თქვენი ანგარიშის პაროლის კონფიდენციალურობისა და უსაფრთხოების დაცვაზე.</p>
<p>თქვენი უფლებები</p>
<p>შეგიძლიათ გვკითხოთ, რა პერსონალურ ინფორმაციას ვინახავთ თქვენ შესახებ.</p>
<p>შეგიძლიათ მოგვმართოთ თქვენი ინფორმაციის შესასწორებლად ან იმ ინფორმაციის წასაშლელად, რომლის შენახვაც აღარ გვჭირდება.</p>
<p>ასევე შეგიძლიათ გვთხოვოთ მარკეტინგული შეტყობინებების გამოგზავნის შეწყვეტა.</p>
<p>ამ პოლიტიკის ცვლილებები</p>
<p>საჭიროების შემთხვევაში შესაძლოა განვაახლოთ ეს პოლიტიკა. უახლესი ვერსია ყოველთვის ხელმისაწვდომი იქნება ამ გვერდზე.</p>"
"SHOP_POLICY"	"45127499973"	"body"	"ka"	""	""	"<h2>Online purchases</h2>

<p>You can return an item bought online on the day after you receive it. Please bring the item to our branch in person with a valid ID.</p>

<p>In Tbilisi, you can exchange an online purchase within 3 days of delivery. The delivery day is included.</p>

<p>If you live outside Tbilisi, please contact us about a return or exchange on the same day you receive the item. The item must be sent on the next working day.</p>

<p>Returns should be sent to our branch at 24 Aleksandre Kazbegi Avenue, Tbilisi. The customer is responsible for return delivery.</p>

<h2>In store purchases</h2>

<p>You can return an in store purchase on the day of purchase. You can exchange it within 3 days. The purchase day is included.</p>

<p>Please visit our branch with a valid ID and your receipt.</p>

<h2>Item condition</h2>

<p>The item must be unused and in perfect condition. All original labels must still be attached.</p>

<p>The item must not have any signs of wear or any hygiene, cosmetic, or perfume smell.</p>

<p>We may refuse a return or exchange if the item is not in a condition that can be sold again.</p>

<h2>Refunds</h2>

<p>Approved refunds are usually completed within 3 to 7 working days.</p>

<h2>Damaged items</h2>

<p>Please check your item when you receive it. If you find damage or a factory fault, contact us on the same day.</p>

<h2>Sale items</h2>

<p>Sale items cannot be returned, but they can be exchanged.</p>

<p>If your size is not available, you can choose another item with the same or higher value.</p>

<h2>Items that cannot be returned</h2>

<p>Items used during workouts cannot be returned or exchanged.</p>

<p>Underwear cannot be returned or exchanged.</p>"	"<p>ონლაინ შეძენილი ნივთები</p>
<p>ონლაინ შეძენილი ნივთის დაბრუნება შეგიძლიათ მისი მიღების მომდევნო დღეს. გთხოვთ, ნივთი პირადად მოიტანოთ ჩვენს ფილიალში მოქმედ პირადობის დამადასტურებელ დოკუმენტთან ერთად.</p>
<p>თბილისში ონლაინ შეძენილი ნივთის გაცვლა შეგიძლიათ მიწოდებიდან 3 დღის განმავლობაში. მიწოდების დღე ითვლება აღნიშნულ ვადაში.</p>
<p>თუ თბილისის გარეთ ცხოვრობთ, ნივთის მიღების დღესვე დაგვიკავშირდით დაბრუნების ან გაცვლის შესახებ. ნივთი უნდა გამოიგზავნოს მომდევნო სამუშაო დღეს.</p>
<p>დასაბრუნებელი ნივთი უნდა გამოიგზავნოს ჩვენს ფილიალში მისამართზე: თბილისი, ალექსანდრე ყაზბეგის გამზირი 24. დაბრუნების ტრანსპორტირების ხარჯს მომხმარებელი ფარავს.</p>
<p>ფილიალში შეძენილი ნივთები</p>
<p>ფილიალში შეძენილი ნივთის დაბრუნება შეგიძლიათ შეძენის დღეს, ხოლო გაცვლა — 3 დღის განმავლობაში. შეძენის დღე ითვლება აღნიშნულ ვადაში.</p>
<p>გთხოვთ, მობრძანდეთ ჩვენს ფილიალში მოქმედ პირადობის დამადასტურებელ დოკუმენტთან და ქვითართან ერთად.</p>
<p>ნივთის მდგომარეობა</p>
<p>ნივთი უნდა იყოს გამოუყენებელი და იდეალურ მდგომარეობაში. ყველა თავდაპირველი ეტიკეტი კვლავ მიმაგრებული უნდა იყოს.</p>
<p>ნივთს არ უნდა ჰქონდეს გამოყენების კვალი ან ჰიგიენური საშუალების, კოსმეტიკისა თუ სუნამოს სუნი.</p>
<p>თუ ნივთი ხელახლა გასაყიდ მდგომარეობაში არ არის, შესაძლოა უარი ვთქვათ მის დაბრუნებაზე ან გაცვლაზე.</p>
<p>თანხის დაბრუნება</p>
<p>დამტკიცებული თანხის დაბრუნება, ჩვეულებრივ, სრულდება 3–7 სამუშაო დღის განმავლობაში.</p>
<p>დაზიანებული ნივთები</p>
<p>გთხოვთ, ნივთი მიღებისთანავე შეამოწმოთ. დაზიანების ან საწარმოო დეფექტის აღმოჩენის შემთხვევაში იმავე დღეს დაგვიკავშირდით.</p>
<p>ფასდაკლებული ნივთები</p>
<p>ფასდაკლებული ნივთის დაბრუნება შეუძლებელია, თუმცა შესაძლებელია მისი გაცვლა.</p>
<p>თუ თქვენი ზომა ხელმისაწვდომი არ არის, შეგიძლიათ აირჩიოთ იმავე ან უფრო მაღალი ღირებულების სხვა ნივთი.</p>
<p>ნივთები, რომლებიც დაბრუნებას არ ექვემდებარება</p>
<p>ვარჯიშის დროს გამოყენებული ნივთები დაბრუნებას ან გაცვლას არ ექვემდებარება.</p>
<p>საცვლები დაბრუნებას ან გაცვლას არ ექვემდებარება.</p>"
"SHOP_POLICY"	"45127532741"	"body"	"ka"	""	""	"<h2>Payment</h2>

<p>You can pay with Visa, Mastercard, or PayPal. Bank transfer is also available for orders in Georgia.</p>

<h2>Worldwide delivery</h2>

<p>Fitroom delivers worldwide. We ship across the United States, Georgia, and many other countries.</p>

<p>Available delivery methods, estimated delivery times, and costs are shown at checkout based on your address.</p>

<h2>United States</h2>

<p>We deliver across the United States. Delivery options and estimated delivery times are shown at checkout.</p>

<h2>Tbilisi</h2>

<p>Standard and express delivery options are available in Tbilisi. Available options and estimated delivery times are shown at checkout.</p>

<h2>Georgia</h2>

<p>We deliver throughout Georgia using local courier services. Delivery times depend on your location.</p>

<h2>International orders</h2>

<p>International delivery times depend on the destination and courier service. Customs charges or local taxes may apply in some countries. These charges are the responsibility of the customer.</p>"	"<p>გადახდა</p>
<p>გადახდა შეგიძლიათ Visa-ს, Mastercard-ის ან PayPal-ის გამოყენებით. საქართველოში განთავსებული შეკვეთებისთვის ასევე ხელმისაწვდომია საბანკო გადარიცხვა.</p>
<p>მიწოდება მსოფლიოს მასშტაბით</p>
<p>Fitroom ახორციელებს მიწოდებას მსოფლიოს მასშტაბით. ვაგზავნით შეკვეთებს ამერიკის შეერთებულ შტატებში, საქართველოში და ბევრ სხვა ქვეყანაში.</p>
<p>ხელმისაწვდომი მიწოდების მეთოდები, სავარაუდო ვადები და ღირებულება თქვენი მისამართის მიხედვით შეკვეთის გაფორმებისას გამოჩნდება.</p>
<p>ამერიკის შეერთებული შტატები</p>
<p>მიწოდებას ვახორციელებთ ამერიკის შეერთებული შტატების მთელ ტერიტორიაზე. მიწოდების ვარიანტები და სავარაუდო ვადები შეკვეთის გაფორმებისას გამოჩნდება.</p>
<p>თბილისი</p>
<p>თბილისში ხელმისაწვდომია სტანდარტული და ექსპრეს მიწოდება. ხელმისაწვდომი ვარიანტები და სავარაუდო ვადები შეკვეთის გაფორმებისას გამოჩნდება.</p>
<p>საქართველო</p>
<p>ადგილობრივი საკურიერო მომსახურებების მეშვეობით მიწოდებას ვახორციელებთ საქართველოს მთელ ტერიტორიაზე. მიწოდების ვადა დამოკიდებულია თქვენს მდებარეობაზე.</p>
<p>საერთაშორისო შეკვეთები</p>
<p>საერთაშორისო მიწოდების ვადა დამოკიდებულია დანიშნულების ქვეყანასა და საკურიერო მომსახურებაზე. ზოგიერთ ქვეყანაში შესაძლოა მოქმედებდეს საბაჟო მოსაკრებელი ან ადგილობრივი გადასახადი. აღნიშნული ხარჯების დაფარვა მომხმარებლის პასუხისმგებლობაა.</p>"
